<?xml version="1.0" encoding="UTF-8" standalone="no" ?>
<COLLADA xmlns="http://www.collada.org/2005/11/COLLADASchema" version="1.4.1">
  <asset>
    <contributor>
      <author>Assimp</author>
      <authoring_tool>Assimp Exporter</authoring_tool>
    </contributor>
    <created>2026-03-25T15:14:05</created>
    <modified>2026-03-25T15:14:05</modified>
    <unit name="meter" meter="1" />
    <up_axis>Y_UP</up_axis>
  </asset>
  <library_images>
  </library_images>
  <library_effects>
    <effect id="DefaultMaterial-fx" name="DefaultMaterial">
      <profile_COMMON>
        <technique sid="standard">
          <phong>
            <ambient>
              <color sid="ambient">0.0500000007   0.0500000007   0.0500000007   1</color>
            </ambient>
            <diffuse>
              <color sid="diffuse">1   1   1   1</color>
            </diffuse>
            <specular>
              <color sid="specular">1   1   1   1</color>
            </specular>
          </phong>
        </technique>
      </profile_COMMON>
    </effect>
  </library_effects>
  <library_materials>
    <material id="DefaultMaterial" name="DefaultMaterial">
      <instance_effect url="#DefaultMaterial-fx"/>
    </material>
  </library_materials>
  <library_geometries>
    <geometry id="mesh_0" name="" >
      <mesh>
        <source id="mesh_0-positions" name="mesh_0-positions">
          <float_array id="mesh_0-positions-array" count="35028"> -8.75 1.02044261e-15 -23 -8.78632259 -0.299144566 -23 -8.75 1.02044261e-15 -17.5 -8.75 1.02044261e-15 -17.5 -8.78632259 -0.299144566 -23 -8.78632259 -0.299144566 -17.5 -8.78632259 -0.299144566 -17.5 -8.78632259 -0.299144566 -23 -8.89317989 -0.580903947 -17.5 -8.78632259 -0.299144566 -23 -8.89317989 -0.580903947 -23 -8.89317989 -0.580903947 -17.5 -8.89317989 -0.580903947 -17.5 -9.06436157 -0.828903317 -23 -9.06436157 -0.828903317 -17.5 -8.89317989 -0.580903947 -23 -9.06436157 -0.828903317 -23 -8.89317989 -0.580903947 -17.5 -9.06436157 -0.828903317 -17.5 -9.2899189 -1.0287298 -23 -9.2899189 -1.0287298 -17.5 -9.06436157 -0.828903317 -23 -9.2899189 -1.0287298 -23 -9.06436157 -0.828903317 -17.5 -9.2899189 -1.0287298 -17.5 -9.55674362 -1.16877031 -23 -9.55674362 -1.16877031 -17.5 -9.2899189 -1.0287298 -23 -9.55674362 -1.16877031 -23 -9.2899189 -1.0287298 -17.5 -9.55674362 -1.16877031 -17.5 -9.84932899 -1.24088609 -23 -9.84932899 -1.24088609 -17.5 -9.55674362 -1.16877031 -23 -9.84932899 -1.24088609 -23 -9.55674362 -1.16877031 -17.5 -9.84932899 -1.24088609 -17.5 -10.150671 -1.24088609 -23 -10.150671 -1.24088609 -17.5 -9.84932899 -1.24088609 -23 -10.150671 -1.24088609 -23 -9.84932899 -1.24088609 -17.5 -10.150671 -1.24088609 -17.5 -10.4432564 -1.16877031 -23 -10.4432564 -1.16877031 -17.5 -10.150671 -1.24088609 -23 -10.4432564 -1.16877031 -23 -10.150671 -1.24088609 -17.5 -10.4432564 -1.16877031 -17.5 -10.7100811 -1.0287298 -23 -10.7100811 -1.0287298 -17.5 -10.4432564 -1.16877031 -23 -10.7100811 -1.0287298 -23 -10.4432564 -1.16877031 -17.5 -10.7100811 -1.0287298 -17.5 -10.9356384 -0.828903317 -23 -10.9356384 -0.828903317 -17.5 -10.9356384 -0.828903317 -17.5 -10.9356384 -0.828903317 -23 -11.1068201 -0.580903947 -17.5 -10.7100811 -1.0287298 -23 -10.9356384 -0.828903317 -23 -10.7100811 -1.0287298 -17.5 -10.9356384 -0.828903317 -23 -11.1068201 -0.580903947 -23 -11.1068201 -0.580903947 -17.5 -11.1068201 -0.580903947 -17.5 -11.2136774 -0.299144566 -23 -11.2136774 -0.299144566 -17.5 -11.1068201 -0.580903947 -23 -11.2136774 -0.299144566 -23 -11.1068201 -0.580903947 -17.5 -11.2136774 -0.299144566 -17.5 -11.25 8.67361738e-16 -23 -11.25 8.67361738e-16 -17.5 -11.2136774 -0.299144566 -23 -11.25 8.67361738e-16 -23 -11.2136774 -0.299144566 -17.5 11.25 1.02044261e-15 -23 11.2136774 -0.299144566 -23 11.25 1.02044261e-15 -17.5 11.25 1.02044261e-15 -17.5 11.2136774 -0.299144566 -23 11.2136774 -0.299144566 -17.5 11.2136774 -0.299144566 -17.5 11.2136774 -0.299144566 -23 11.1068201 -0.580903947 -17.5 11.2136774 -0.299144566 -23 11.1068201 -0.580903947 -23 11.1068201 -0.580903947 -17.5 11.1068201 -0.580903947 -17.5 10.9356384 -0.828903317 -23 10.9356384 -0.828903317 -17.5 11.1068201 -0.580903947 -23 10.9356384 -0.828903317 -23 11.1068201 -0.580903947 -17.5 10.9356384 -0.828903317 -17.5 10.7100811 -1.0287298 -23 10.7100811 -1.0287298 -17.5 10.9356384 -0.828903317 -23 10.7100811 -1.0287298 -23 10.9356384 -0.828903317 -17.5 10.7100811 -1.0287298 -17.5 10.4432564 -1.16877031 -23 10.4432564 -1.16877031 -17.5 10.7100811 -1.0287298 -23 10.4432564 -1.16877031 -23 10.7100811 -1.0287298 -17.5 10.4432564 -1.16877031 -17.5 10.150671 -1.24088609 -23 10.150671 -1.24088609 -17.5 10.4432564 -1.16877031 -23 10.150671 -1.24088609 -23 10.4432564 -1.16877031 -17.5 10.150671 -1.24088609 -17.5 9.84932899 -1.24088609 -23 9.84932899 -1.24088609 -17.5 10.150671 -1.24088609 -23 9.84932899 -1.24088609 -23 10.150671 -1.24088609 -17.5 9.84932899 -1.24088609 -17.5 9.55674362 -1.16877031 -23 9.55674362 -1.16877031 -17.5 9.84932899 -1.24088609 -23 9.55674362 -1.16877031 -23 9.84932899 -1.24088609 -17.5 9.55674362 -1.16877031 -17.5 9.2899189 -1.0287298 -23 9.2899189 -1.0287298 -17.5 9.55674362 -1.16877031 -23 9.2899189 -1.0287298 -23 9.55674362 -1.16877031 -17.5 9.2899189 -1.0287298 -17.5 9.06436157 -0.828903317 -23 9.06436157 -0.828903317 -17.5 9.06436157 -0.828903317 -17.5 9.06436157 -0.828903317 -23 8.89317989 -0.580903947 -17.5 9.2899189 -1.0287298 -23 9.06436157 -0.828903317 -23 9.2899189 -1.0287298 -17.5 9.06436157 -0.828903317 -23 8.89317989 -0.580903947 -23 8.89317989 -0.580903947 -17.5 8.89317989 -0.580903947 -17.5 8.78632259 -0.299144566 -23 8.78632259 -0.299144566 -17.5 8.89317989 -0.580903947 -23 8.78632259 -0.299144566 -23 8.89317989 -0.580903947 -17.5 8.78632259 -0.299144566 -17.5 8.75 8.67361738e-16 -23 8.75 8.67361738e-16 -17.5 8.78632259 -0.299144566 -23 8.75 8.67361738e-16 -23 8.78632259 -0.299144566 -17.5 21 9 -15.165 21 8.75589848 -15.1946392 20.7800007 9 -15.3850002 20.7800007 9 -15.3850002 21 8.75589848 -15.1946392 20.7800007 8.80854702 -15.408247 20.7800007 8.80854702 -15.408247 21 8.5259819 -15.2818346 20.7800007 8.62822151 -15.476635 21 8.75589848 -15.1946392 21 8.5259819 -15.2818346 20.7800007 8.80854702 -15.408247 20.7800007 8.62822151 -15.476635 21 8.32361507 -15.4215193 20.7800007 8.4695015 -15.5861912 21 8.5259819 -15.2818346 21 8.32361507 -15.4215193 20.7800007 8.62822151 -15.476635 20.7800007 8.4695015 -15.5861912 21 8.16055679 -15.6055737 20.7800007 8.34161282 -15.7305479 21 8.32361507 -15.4215193 21 8.16055679 -15.6055737 20.7800007 8.4695015 -15.5861912 20.7800007 8.34161282 -15.7305479 21 8.04628372 -15.8233032 20.7800007 8.25198746 -15.9013157 21 8.16055679 -15.6055737 21 8.04628372 -15.8233032 20.7800007 8.34161282 -15.7305479 20.7800007 8.25198746 -15.9013157 21 7.98743677 -16.0620518 20.7800007 8.20583248 -16.0885715 21 8.04628372 -15.8233032 21 7.98743677 -16.0620518 20.7800007 8.25198746 -15.9013157 20.7800007 8.20583248 -16.0885715 21 7.98743677 -16.3079472 20.7800007 8.20583248 -16.2814293 20.7800007 8.20583248 -16.2814293 21 7.98743677 -16.3079472 20.7800007 8.25198746 -16.4686832 21 7.98743677 -16.0620518 21 7.98743677 -16.3079472 20.7800007 8.20583248 -16.0885715 21 7.98743677 -16.3079472 21 8.04628372 -16.5466976 20.7800007 8.25198746 -16.4686832 20.7800007 8.25198746 -16.4686832 21 8.16055679 -16.7644253 20.7800007 8.34161282 -16.639452 21 8.04628372 -16.5466976 21 8.16055679 -16.7644253 20.7800007 8.25198746 -16.4686832 20.7800007 8.34161282 -16.639452 21 8.32361507 -16.9484806 20.7800007 8.4695015 -16.7838078 21 8.16055679 -16.7644253 21 8.32361507 -16.9484806 20.7800007 8.34161282 -16.639452 20.7800007 8.4695015 -16.7838078 21 8.5259819 -17.0881653 20.7800007 8.62822151 -16.893364 21 8.32361507 -16.9484806 21 8.5259819 -17.0881653 20.7800007 8.4695015 -16.7838078 20.7800007 8.62822151 -16.893364 21 8.75589848 -17.1753597 20.7800007 8.80854702 -16.9617538 21 8.5259819 -17.0881653 21 8.75589848 -17.1753597 20.7800007 8.62822151 -16.893364 20.7800007 8.80854702 -16.9617538 21 9 -17.2049999 20.7800007 9 -16.9850006 21 8.75589848 -17.1753597 21 9 -17.2049999 20.7800007 8.80854702 -16.9617538 21 -9 -15.165 21 -9.24410152 -15.1946392 20.7800007 -9 -15.3850002 20.7800007 -9 -15.3850002 21 -9.24410152 -15.1946392 20.7800007 -9.19145298 -15.408247 20.7800007 -9.19145298 -15.408247 21 -9.4740181 -15.2818346 20.7800007 -9.37177849 -15.476635 21 -9.24410152 -15.1946392 21 -9.4740181 -15.2818346 20.7800007 -9.19145298 -15.408247 20.7800007 -9.37177849 -15.476635 21 -9.67638493 -15.4215193 20.7800007 -9.5304985 -15.5861912 21 -9.4740181 -15.2818346 21 -9.67638493 -15.4215193 20.7800007 -9.37177849 -15.476635 20.7800007 -9.5304985 -15.5861912 21 -9.83944321 -15.6055737 20.7800007 -9.65838718 -15.7305479 21 -9.67638493 -15.4215193 21 -9.83944321 -15.6055737 20.7800007 -9.5304985 -15.5861912 20.7800007 -9.65838718 -15.7305479 21 -9.95371628 -15.8233032 20.7800007 -9.74801254 -15.9013157 21 -9.83944321 -15.6055737 21 -9.95371628 -15.8233032 20.7800007 -9.65838718 -15.7305479 20.7800007 -9.74801254 -15.9013157 21 -10.0125628 -16.0620518 20.7800007 -9.79416752 -16.0885715 21 -9.95371628 -15.8233032 21 -10.0125628 -16.0620518 20.7800007 -9.74801254 -15.9013157 20.7800007 -9.79416752 -16.0885715 21 -10.0125628 -16.3079472 20.7800007 -9.79416752 -16.2814293 20.7800007 -9.79416752 -16.2814293 21 -10.0125628 -16.3079472 20.7800007 -9.74801254 -16.4686832 21 -10.0125628 -16.0620518 21 -10.0125628 -16.3079472 20.7800007 -9.79416752 -16.0885715 21 -10.0125628 -16.3079472 21 -9.95371628 -16.5466976 20.7800007 -9.74801254 -16.4686832 20.7800007 -9.74801254 -16.4686832 21 -9.83944321 -16.7644253 20.7800007 -9.65838718 -16.639452 21 -9.95371628 -16.5466976 21 -9.83944321 -16.7644253 20.7800007 -9.74801254 -16.4686832 20.7800007 -9.65838718 -16.639452 21 -9.67638493 -16.9484806 20.7800007 -9.5304985 -16.7838078 21 -9.83944321 -16.7644253 21 -9.67638493 -16.9484806 20.7800007 -9.65838718 -16.639452 20.7800007 -9.5304985 -16.7838078 21 -9.4740181 -17.0881653 20.7800007 -9.37177849 -16.893364 21 -9.67638493 -16.9484806 21 -9.4740181 -17.0881653 20.7800007 -9.5304985 -16.7838078 20.7800007 -9.37177849 -16.893364 21 -9.24410152 -17.1753597 20.7800007 -9.19145298 -16.9617538 21 -9.4740181 -17.0881653 21 -9.24410152 -17.1753597 20.7800007 -9.37177849 -16.893364 20.7800007 -9.19145298 -16.9617538 21 -9 -17.2049999 20.7800007 -9 -16.9850006 21 -9.24410152 -17.1753597 21 -9 -17.2049999 20.7800007 -9.19145298 -16.9617538 4.50057722e-16 -21 -10.9750004 -0.879485071 -21 -11.081789 3.88825366e-16 -20.5 -11.4750004 3.88825366e-16 -20.5 -11.4750004 -0.879485071 -21 -11.081789 -0.759827256 -20.5 -11.5672598 -0.759827256 -20.5 -11.5672598 -1.70785761 -21 -11.3959494 -1.47549605 -20.5 -11.8386774 -0.879485071 -21 -11.081789 -1.70785761 -21 -11.3959494 -0.759827256 -20.5 -11.5672598 -1.47549605 -20.5 -11.8386774 -2.43697572 -21 -11.8992233 -2.10541439 -20.5 -12.2734785 -1.70785761 -21 -11.3959494 -2.43697572 -21 -11.8992233 -1.47549605 -20.5 -11.8386774 -2.10541439 -20.5 -12.2734785 -3.0244658 -21 -12.5623617 -2.61297369 -20.5 -12.8463945 -2.43697572 -21 -11.8992233 -3.0244658 -21 -12.5623617 -2.10541439 -20.5 -12.2734785 -2.61297369 -20.5 -12.8463945 -3.43618464 -21 -13.3468275 -2.96867657 -20.5 -13.5241299 -3.0244658 -21 -12.5623617 -3.43618464 -21 -13.3468275 -2.61297369 -20.5 -12.8463945 -2.96867657 -20.5 -13.5241299 -3.64820504 -21 -14.2070274 -3.1518507 -20.5 -14.2672958 -3.43618464 -21 -13.3468275 -3.64820504 -21 -14.2070274 -2.96867657 -20.5 -13.5241299 -3.1518507 -20.5 -14.2672958 -3.64820504 -21 -15.0929728 -3.1518507 -20.5 -15.0327044 -3.64820504 -21 -14.2070274 -3.64820504 -21 -15.0929728 -3.1518507 -20.5 -14.2672958 -3.1518507 -20.5 -15.0327044 -3.43618464 -21 -15.9531727 -2.96867657 -20.5 -15.7758703 -3.64820504 -21 -15.0929728 -3.43618464 -21 -15.9531727 -3.1518507 -20.5 -15.0327044 -2.96867657 -20.5 -15.7758703 -3.0244658 -21 -16.7376385 -2.61297369 -20.5 -16.4536057 -3.43618464 -21 -15.9531727 -3.0244658 -21 -16.7376385 -2.96867657 -20.5 -15.7758703 -3.0244658 -21 -16.7376385 -2.10541439 -20.5 -17.0265217 -2.61297369 -20.5 -16.4536057 -3.0244658 -21 -16.7376385 -2.43697572 -21 -17.4007778 -2.10541439 -20.5 -17.0265217 -2.10541439 -20.5 -17.0265217 -1.70785761 -21 -17.9040508 -1.47549605 -20.5 -17.4613228 -2.43697572 -21 -17.4007778 -1.70785761 -21 -17.9040508 -2.10541439 -20.5 -17.0265217 -1.47549605 -20.5 -17.4613228 -0.879485071 -21 -18.2182121 -0.759827256 -20.5 -17.7327404 -1.70785761 -21 -17.9040508 -0.879485071 -21 -18.2182121 -1.47549605 -20.5 -17.4613228 -0.759827256 -20.5 -17.7327404 0 -21 -18.3250008 0 -20.5 -17.8250008 -0.879485071 -21 -18.2182121 0 -21 -18.3250008 -0.759827256 -20.5 -17.7327404 20.7800007 9 -15.3850002 20.7800007 8.80854702 -15.408247 18 9 -15.3850002 18 9 -15.3850002 20.7800007 8.80854702 -15.408247 18 8.80854702 -15.408247 18 8.80854702 -15.408247 20.7800007 8.62822151 -15.476635 18 8.62822151 -15.476635 20.7800007 8.80854702 -15.408247 20.7800007 8.62822151 -15.476635 18 8.80854702 -15.408247 18 8.62822151 -15.476635 20.7800007 8.4695015 -15.5861912 18 8.4695015 -15.5861912 20.7800007 8.62822151 -15.476635 20.7800007 8.4695015 -15.5861912 18 8.62822151 -15.476635 18 8.4695015 -15.5861912 20.7800007 8.34161282 -15.7305479 18 8.34161282 -15.7305479 18 8.34161282 -15.7305479 20.7800007 8.34161282 -15.7305479 18 8.25198746 -15.9013157 20.7800007 8.4695015 -15.5861912 20.7800007 8.34161282 -15.7305479 18 8.4695015 -15.5861912 20.7800007 8.34161282 -15.7305479 20.7800007 8.25198746 -15.9013157 18 8.25198746 -15.9013157 18 8.25198746 -15.9013157 20.7800007 8.20583248 -16.0885715 18 8.20583248 -16.0885715 20.7800007 8.25198746 -15.9013157 20.7800007 8.20583248 -16.0885715 18 8.25198746 -15.9013157 18 8.20583248 -16.0885715 20.7800007 8.20583248 -16.2814293 18 8.20583248 -16.2814293 20.7800007 8.20583248 -16.0885715 20.7800007 8.20583248 -16.2814293 18 8.20583248 -16.0885715 18 8.20583248 -16.2814293 20.7800007 8.25198746 -16.4686832 18 8.25198746 -16.4686832 20.7800007 8.20583248 -16.2814293 20.7800007 8.25198746 -16.4686832 18 8.20583248 -16.2814293 18 8.25198746 -16.4686832 20.7800007 8.34161282 -16.639452 18 8.34161282 -16.639452 18 8.34161282 -16.639452 20.7800007 8.34161282 -16.639452 18 8.4695015 -16.7838078 20.7800007 8.25198746 -16.4686832 20.7800007 8.34161282 -16.639452 18 8.25198746 -16.4686832 20.7800007 8.34161282 -16.639452 20.7800007 8.4695015 -16.7838078 18 8.4695015 -16.7838078 18 8.4695015 -16.7838078 20.7800007 8.62822151 -16.893364 18 8.62822151 -16.893364 18 8.62822151 -16.893364 20.7800007 8.62822151 -16.893364 18 8.80854702 -16.9617538 20.7800007 8.4695015 -16.7838078 20.7800007 8.62822151 -16.893364 18 8.4695015 -16.7838078 20.7800007 8.62822151 -16.893364 20.7800007 8.80854702 -16.9617538 18 8.80854702 -16.9617538 18 8.80854702 -16.9617538 20.7800007 9 -16.9850006 18 9 -16.9850006 20.7800007 8.80854702 -16.9617538 20.7800007 9 -16.9850006 18 8.80854702 -16.9617538 20.7800007 -9 -15.3850002 20.7800007 -9.19145298 -15.408247 18 -9 -15.3850002 18 -9 -15.3850002 20.7800007 -9.19145298 -15.408247 18 -9.19145298 -15.408247 18 -9.19145298 -15.408247 20.7800007 -9.37177849 -15.476635 18 -9.37177849 -15.476635 20.7800007 -9.19145298 -15.408247 20.7800007 -9.37177849 -15.476635 18 -9.19145298 -15.408247 18 -9.37177849 -15.476635 20.7800007 -9.5304985 -15.5861912 18 -9.5304985 -15.5861912 20.7800007 -9.37177849 -15.476635 20.7800007 -9.5304985 -15.5861912 18 -9.37177849 -15.476635 18 -9.5304985 -15.5861912 20.7800007 -9.65838718 -15.7305479 18 -9.65838718 -15.7305479 18 -9.65838718 -15.7305479 20.7800007 -9.65838718 -15.7305479 18 -9.74801254 -15.9013157 20.7800007 -9.5304985 -15.5861912 20.7800007 -9.65838718 -15.7305479 18 -9.5304985 -15.5861912 20.7800007 -9.65838718 -15.7305479 20.7800007 -9.74801254 -15.9013157 18 -9.74801254 -15.9013157 18 -9.74801254 -15.9013157 20.7800007 -9.79416752 -16.0885715 18 -9.79416752 -16.0885715 20.7800007 -9.74801254 -15.9013157 20.7800007 -9.79416752 -16.0885715 18 -9.74801254 -15.9013157 18 -9.79416752 -16.0885715 20.7800007 -9.79416752 -16.2814293 18 -9.79416752 -16.2814293 20.7800007 -9.79416752 -16.0885715 20.7800007 -9.79416752 -16.2814293 18 -9.79416752 -16.0885715 18 -9.79416752 -16.2814293 20.7800007 -9.74801254 -16.4686832 18 -9.74801254 -16.4686832 20.7800007 -9.79416752 -16.2814293 20.7800007 -9.74801254 -16.4686832 18 -9.79416752 -16.2814293 18 -9.74801254 -16.4686832 20.7800007 -9.65838718 -16.639452 18 -9.65838718 -16.639452 18 -9.65838718 -16.639452 20.7800007 -9.65838718 -16.639452 18 -9.5304985 -16.7838078 20.7800007 -9.74801254 -16.4686832 20.7800007 -9.65838718 -16.639452 18 -9.74801254 -16.4686832 20.7800007 -9.65838718 -16.639452 20.7800007 -9.5304985 -16.7838078 18 -9.5304985 -16.7838078 18 -9.5304985 -16.7838078 20.7800007 -9.37177849 -16.893364 18 -9.37177849 -16.893364 18 -9.37177849 -16.893364 20.7800007 -9.37177849 -16.893364 18 -9.19145298 -16.9617538 20.7800007 -9.5304985 -16.7838078 20.7800007 -9.37177849 -16.893364 18 -9.5304985 -16.7838078 20.7800007 -9.37177849 -16.893364 20.7800007 -9.19145298 -16.9617538 18 -9.19145298 -16.9617538 18 -9.19145298 -16.9617538 20.7800007 -9 -16.9850006 18 -9 -16.9850006 20.7800007 -9.19145298 -16.9617538 20.7800007 -9 -16.9850006 18 -9.19145298 -16.9617538 3.88825366e-16 -20.5 -11.4750004 -0.759827256 -20.5 -11.5672598 3.88825366e-16 -16 -11.4750004 3.88825366e-16 -16 -11.4750004 -0.759827256 -20.5 -11.5672598 -0.759827256 -16 -11.5672598 -0.759827256 -16 -11.5672598 -1.47549605 -20.5 -11.8386774 -1.47549605 -16 -11.8386774 -1.47549605 -16 -11.8386774 -1.47549605 -20.5 -11.8386774 -2.10541439 -16 -12.2734785 -0.759827256 -20.5 -11.5672598 -1.47549605 -20.5 -11.8386774 -0.759827256 -16 -11.5672598 -1.47549605 -20.5 -11.8386774 -2.10541439 -20.5 -12.2734785 -2.10541439 -16 -12.2734785 -2.10541439 -16 -12.2734785 -2.61297369 -20.5 -12.8463945 -2.61297369 -16 -12.8463945 -2.61297369 -16 -12.8463945 -2.61297369 -20.5 -12.8463945 -2.96867657 -16 -13.5241299 -2.10541439 -20.5 -12.2734785 -2.61297369 -20.5 -12.8463945 -2.10541439 -16 -12.2734785 -2.61297369 -20.5 -12.8463945 -2.96867657 -20.5 -13.5241299 -2.96867657 -16 -13.5241299 -2.96867657 -16 -13.5241299 -3.1518507 -20.5 -14.2672958 -3.1518507 -16 -14.2672958 -3.1518507 -16 -14.2672958 -3.1518507 -20.5 -14.2672958 -3.1518507 -16 -15.0327044 -2.96867657 -20.5 -13.5241299 -3.1518507 -20.5 -14.2672958 -2.96867657 -16 -13.5241299 -3.1518507 -20.5 -14.2672958 -3.1518507 -20.5 -15.0327044 -3.1518507 -16 -15.0327044 -3.1518507 -16 -15.0327044 -2.96867657 -20.5 -15.7758703 -2.96867657 -16 -15.7758703 -3.1518507 -20.5 -15.0327044 -2.96867657 -20.5 -15.7758703 -3.1518507 -16 -15.0327044 -2.96867657 -16 -15.7758703 -2.61297369 -20.5 -16.4536057 -2.61297369 -16 -16.4536057 -2.61297369 -16 -16.4536057 -2.61297369 -20.5 -16.4536057 -2.10541439 -16 -17.0265217 -2.96867657 -20.5 -15.7758703 -2.61297369 -20.5 -16.4536057 -2.96867657 -16 -15.7758703 -2.10541439 -16 -17.0265217 -2.10541439 -20.5 -17.0265217 -1.47549605 -16 -17.4613228 -2.61297369 -20.5 -16.4536057 -2.10541439 -20.5 -17.0265217 -2.10541439 -16 -17.0265217 -1.47549605 -16 -17.4613228 -1.47549605 -20.5 -17.4613228 -0.759827256 -16 -17.7327404 -2.10541439 -20.5 -17.0265217 -1.47549605 -20.5 -17.4613228 -1.47549605 -16 -17.4613228 -1.47549605 -20.5 -17.4613228 -0.759827256 -20.5 -17.7327404 -0.759827256 -16 -17.7327404 -0.759827256 -16 -17.7327404 0 -20.5 -17.8250008 0 -16 -17.8250008 -0.759827256 -20.5 -17.7327404 0 -20.5 -17.8250008 -0.759827256 -16 -17.7327404 3.12615588e-16 -16 -12.0972996 -0.610901117 -16 -12.1714764 3.12615588e-16 -15 -12.0972996 3.12615588e-16 -15 -12.0972996 -0.610901117 -16 -12.1714764 -0.610901117 -15 -12.1714764 -0.610901117 -15 -12.1714764 -1.18629885 -16 -12.3896961 -1.18629885 -15 -12.3896961 -0.610901117 -16 -12.1714764 -1.18629885 -16 -12.3896961 -0.610901117 -15 -12.1714764 -1.18629885 -15 -12.3896961 -1.6927532 -16 -12.7392769 -1.6927532 -15 -12.7392769 -1.18629885 -16 -12.3896961 -1.6927532 -16 -12.7392769 -1.18629885 -15 -12.3896961 -1.6927532 -15 -12.7392769 -2.10083103 -16 -13.1999016 -2.10083103 -15 -13.1999016 -1.6927532 -16 -12.7392769 -2.10083103 -16 -13.1999016 -1.6927532 -15 -12.7392769 -2.10083103 -15 -13.1999016 -2.38681602 -16 -13.7448006 -2.38681602 -15 -13.7448006 -2.10083103 -16 -13.1999016 -2.38681602 -16 -13.7448006 -2.10083103 -15 -13.1999016 -2.38681602 -15 -13.7448006 -2.5340879 -16 -14.3423061 -2.5340879 -15 -14.3423061 -2.38681602 -16 -13.7448006 -2.5340879 -16 -14.3423061 -2.38681602 -15 -13.7448006 -2.5340879 -15 -14.3423061 -2.5340879 -16 -14.9576941 -2.5340879 -15 -14.9576941 -2.5340879 -16 -14.3423061 -2.5340879 -16 -14.9576941 -2.5340879 -15 -14.3423061 -2.5340879 -15 -14.9576941 -2.38681602 -16 -15.5551996 -2.38681602 -15 -15.5551996 -2.5340879 -16 -14.9576941 -2.38681602 -16 -15.5551996 -2.5340879 -15 -14.9576941 -2.38681602 -15 -15.5551996 -2.10083103 -16 -16.1000996 -2.10083103 -15 -16.1000996 -2.38681602 -16 -15.5551996 -2.10083103 -16 -16.1000996 -2.38681602 -15 -15.5551996 -2.10083103 -15 -16.1000996 -1.6927532 -16 -16.5607243 -1.6927532 -15 -16.5607243 -2.10083103 -16 -16.1000996 -1.6927532 -16 -16.5607243 -2.10083103 -15 -16.1000996 -1.6927532 -15 -16.5607243 -1.18629885 -16 -16.9103031 -1.18629885 -15 -16.9103031 -1.6927532 -16 -16.5607243 -1.18629885 -16 -16.9103031 -1.6927532 -15 -16.5607243 -1.18629885 -15 -16.9103031 -0.610901117 -16 -17.1285229 -0.610901117 -15 -17.1285229 -0.610901117 -15 -17.1285229 -0.610901117 -16 -17.1285229 0 -15 -17.2026997 -1.18629885 -16 -16.9103031 -0.610901117 -16 -17.1285229 -1.18629885 -15 -16.9103031 -0.610901117 -16 -17.1285229 0 -16 -17.2026997 0 -15 -17.2026997 -16.8525867 -16.794363 -23 -15.313798 -17.7560272 -23 -16.128973 -17.3753338 -23 -17.4186726 -16.057518 -23 -17.7892628 -15.2081842 -23 -16.8525867 -16.794363 -23 -16.8525867 -16.794363 -23 -17.7892628 -15.2081842 -23 -15.313798 -17.7560272 -23 -17.7892628 -15.2081842 -23 -14.6427689 -17.9168129 -23 -15.313798 -17.7560272 -23 -17.7892628 -15.2081842 -23 -17.9754124 -14.1139994 -23 -14.6427689 -17.9168129 -23 -17.9754124 -14.1139994 -23 -13 -18 -23 -14.6427689 -17.9168129 -23 -17.9754124 -14.1139994 -23 -18 -13 -23 -13 -18 -23 -10.9356384 -0.828903317 -23 -10.7100811 -1.0287298 -23 -18 -13 -23 -18 -13 -23 -11.1068201 -0.580903947 -23 -10.9356384 -0.828903317 -23 -10.7100811 -1.0287298 -23 -10.4432564 -1.16877031 -23 -18 -13 -23 -18 -13 -23 -11.2136774 -0.299144566 -23 -11.1068201 -0.580903947 -23 -10.4432564 -1.16877031 -23 -10.150671 -1.24088609 -23 -18 -13 -23 -18 -13 -23 -11.25 8.67361738e-16 -23 -11.2136774 -0.299144566 -23 -10.150671 -1.24088609 -23 -9.84932899 -1.24088609 -23 -18 -13 -23 -18 -13 -23 -9.84932899 -1.24088609 -23 -13 -18 -23 -9.84932899 -1.24088609 -23 -9.55674362 -1.16877031 -23 -13 -18 -23 -9.55674362 -1.16877031 -23 -9.2899189 -1.0287298 -23 -13 -18 -23 -18 -13 -23 -18 13 -23 -11.25 8.67361738e-16 -23 -11.25 8.67361738e-16 -23 -18 13 -23 -11.2136774 0.299144566 -23 -11.2136774 0.299144566 -23 -18 13 -23 -11.1068201 0.580903947 -23 -11.1068201 0.580903947 -23 -18 13 -23 -10.9356384 0.828903317 -23 -10.9356384 0.828903317 -23 -18 13 -23 -10.7100811 1.0287298 -23 -10.7100811 1.0287298 -23 -18 13 -23 -10.4432564 1.16877031 -23 -10.4432564 1.16877031 -23 -18 13 -23 -10.150671 1.24088609 -23 -10.150671 1.24088609 -23 -18 13 -23 -9.84932899 1.24088609 -23 15.2081842 -17.7892628 -23 16.794363 -16.8525867 -23 16.057518 -17.4186726 -23 -17.3753338 16.128973 -23 -16.794363 16.8525867 -23 -17.7560272 15.313798 -23 16.794363 -16.8525867 -23 17.7560272 -15.313798 -23 17.3753338 -16.128973 -23 15.2081842 -17.7892628 -23 17.7560272 -15.313798 -23 16.794363 -16.8525867 -23 -17.7560272 15.313798 -23 -15.2081842 17.7892628 -23 -17.9168129 14.6427689 -23 -16.057518 17.4186726 -23 -15.2081842 17.7892628 -23 -16.794363 16.8525867 -23 -16.794363 16.8525867 -23 -15.2081842 17.7892628 -23 -17.7560272 15.313798 -23 14.1139994 -17.9754124 -23 17.9168129 -14.6427689 -23 15.2081842 -17.7892628 -23 15.2081842 -17.7892628 -23 17.9168129 -14.6427689 -23 17.7560272 -15.313798 -23 -17.9168129 14.6427689 -23 -14.1139994 17.9754124 -23 -18 13 -23 -15.2081842 17.7892628 -23 -14.1139994 17.9754124 -23 -17.9168129 14.6427689 -23 -18 13 -23 -13 18 -23 -9.84932899 1.24088609 -23 -9.84932899 1.24088609 -23 -13 18 -23 -9.55674362 1.16877031 -23 -9.55674362 1.16877031 -23 -13 18 -23 -9.2899189 1.0287298 -23 -14.1139994 17.9754124 -23 -13 18 -23 -18 13 -23 13 -18 -23 18 -13 -23 14.1139994 -17.9754124 -23 14.1139994 -17.9754124 -23 18 -13 -23 17.9168129 -14.6427689 -23 -9.2899189 -1.0287298 -23 9.2899189 -1.0287298 -23 -13 -18 -23 -13 -18 -23 9.2899189 -1.0287298 -23 13 -18 -23 -9.06436157 -0.828903317 -23 9.2899189 -1.0287298 -23 -9.2899189 -1.0287298 -23 9.06436157 -0.828903317 -23 9.2899189 -1.0287298 -23 -9.06436157 -0.828903317 -23 -8.89317989 -0.580903947 -23 8.89317989 -0.580903947 -23 -9.06436157 -0.828903317 -23 -9.06436157 -0.828903317 -23 8.89317989 -0.580903947 -23 9.06436157 -0.828903317 -23 9.2899189 -1.0287298 -23 9.55674362 -1.16877031 -23 13 -18 -23 -8.89317989 -0.580903947 -23 8.78632259 -0.299144566 -23 8.89317989 -0.580903947 -23 -8.75 1.02044261e-15 -23 8.78632259 -0.299144566 -23 -8.78632259 -0.299144566 -23 -8.78632259 -0.299144566 -23 8.78632259 -0.299144566 -23 -8.89317989 -0.580903947 -23 9.55674362 -1.16877031 -23 9.84932899 -1.24088609 -23 13 -18 -23 13 -18 -23 9.84932899 -1.24088609 -23 18 -13 -23 -8.75 1.02044261e-15 -23 8.75 8.67361738e-16 -23 8.78632259 -0.299144566 -23 9.84932899 -1.24088609 -23 10.150671 -1.24088609 -23 18 -13 -23 -8.75 1.02044261e-15 -23 8.78632259 0.299144566 -23 8.75 8.67361738e-16 -23 -8.78632259 0.299144566 -23 8.78632259 0.299144566 -23 -8.75 1.02044261e-15 -23 10.150671 -1.24088609 -23 10.4432564 -1.16877031 -23 18 -13 -23 -8.78632259 0.299144566 -23 8.89317989 0.580903947 -23 8.78632259 0.299144566 -23 -8.89317989 0.580903947 -23 8.89317989 0.580903947 -23 -8.78632259 0.299144566 -23 10.4432564 -1.16877031 -23 10.7100811 -1.0287298 -23 18 -13 -23 -8.89317989 0.580903947 -23 9.06436157 0.828903317 -23 8.89317989 0.580903947 -23 -9.06436157 0.828903317 -23 9.06436157 0.828903317 -23 -8.89317989 0.580903947 -23 10.7100811 -1.0287298 -23 10.9356384 -0.828903317 -23 18 -13 -23 -9.06436157 0.828903317 -23 9.2899189 1.0287298 -23 9.06436157 0.828903317 -23 -9.2899189 1.0287298 -23 9.2899189 1.0287298 -23 -9.06436157 0.828903317 -23 10.9356384 -0.828903317 -23 11.1068201 -0.580903947 -23 18 -13 -23 11.1068201 -0.580903947 -23 11.2136774 -0.299144566 -23 18 -13 -23 11.2136774 -0.299144566 -23 11.25 1.02044261e-15 -23 18 -13 -23 11.25 1.02044261e-15 -23 18 13 -23 18 -13 -23 9.84932899 1.24088609 -23 18 13 -23 10.150671 1.24088609 -23 10.150671 1.24088609 -23 18 13 -23 10.4432564 1.16877031 -23 10.4432564 1.16877031 -23 18 13 -23 10.7100811 1.0287298 -23 10.7100811 1.0287298 -23 18 13 -23 10.9356384 0.828903317 -23 10.9356384 0.828903317 -23 18 13 -23 11.1068201 0.580903947 -23 11.1068201 0.580903947 -23 18 13 -23 11.2136774 0.299144566 -23 11.2136774 0.299144566 -23 18 13 -23 11.25 1.02044261e-15 -23 -9.2899189 1.0287298 -23 13 18 -23 9.2899189 1.0287298 -23 9.84932899 1.24088609 -23 13 18 -23 18 13 -23 -13 18 -23 13 18 -23 -9.2899189 1.0287298 -23 9.2899189 1.0287298 -23 13 18 -23 9.55674362 1.16877031 -23 9.55674362 1.16877031 -23 13 18 -23 9.84932899 1.24088609 -23 13 18 -23 17.9754124 14.1139994 -23 18 13 -23 13 18 -23 14.6427689 17.9168129 -23 17.9754124 14.1139994 -23 14.6427689 17.9168129 -23 17.7892628 15.2081842 -23 17.9754124 14.1139994 -23 14.6427689 17.9168129 -23 15.313798 17.7560272 -23 17.7892628 15.2081842 -23 16.128973 17.3753338 -23 16.8525867 16.794363 -23 15.313798 17.7560272 -23 17.7892628 15.2081842 -23 16.8525867 16.794363 -23 17.4186726 16.057518 -23 15.313798 17.7560272 -23 16.8525867 16.794363 -23 17.7892628 15.2081842 -23 -21 -9.98746395 -17.4612598 -21 -10 -17.3500004 -21.0900002 -10 -17.3500004 -21 -9.98746395 -17.4612598 -21.0900002 -10 -17.3500004 -21.0900002 -9.98746395 -17.4612598 -21 -9.95048428 -17.5669422 -21.0900002 -9.98746395 -17.4612598 -21.0900002 -9.95048428 -17.5669422 -21 -9.95048428 -17.5669422 -21 -9.98746395 -17.4612598 -21.0900002 -9.98746395 -17.4612598 -21 -9.89091587 -17.6617451 -21.0900002 -9.95048428 -17.5669422 -21.0900002 -9.89091587 -17.6617451 -21 -9.89091587 -17.6617451 -21 -9.95048428 -17.5669422 -21.0900002 -9.95048428 -17.5669422 -21 -9.81174469 -17.7409153 -21.0900002 -9.89091587 -17.6617451 -21.0900002 -9.81174469 -17.7409153 -21 -9.81174469 -17.7409153 -21 -9.89091587 -17.6617451 -21.0900002 -9.89091587 -17.6617451 -21 -9.71694183 -17.8004837 -21.0900002 -9.81174469 -17.7409153 -21.0900002 -9.71694183 -17.8004837 -21 -9.71694183 -17.8004837 -21 -9.81174469 -17.7409153 -21.0900002 -9.81174469 -17.7409153 -21 -9.61126041 -17.8374634 -21.0900002 -9.71694183 -17.8004837 -21.0900002 -9.61126041 -17.8374634 -21 -9.61126041 -17.8374634 -21 -9.71694183 -17.8004837 -21.0900002 -9.71694183 -17.8004837 -21 -9.5 -17.8500004 -21.0900002 -9.61126041 -17.8374634 -21.0900002 -9.5 -17.8500004 -21 -9.5 -17.8500004 -21 -9.61126041 -17.8374634 -21.0900002 -9.61126041 -17.8374634 -21 -10 -17.3500004 -21 -10 -11.9499998 -21.0900002 -10 -11.9499998 -21 -10 -17.3500004 -21.0900002 -10 -11.9499998 -21.0900002 -10 -17.3500004 -21 -9.61126041 -11.4625359 -21 -9.5 -11.4499998 -21.0900002 -9.5 -11.4499998 -21 -9.61126041 -11.4625359 -21.0900002 -9.5 -11.4499998 -21.0900002 -9.61126041 -11.4625359 -21 -9.71694183 -11.4995155 -21.0900002 -9.61126041 -11.4625359 -21.0900002 -9.71694183 -11.4995155 -21 -9.71694183 -11.4995155 -21 -9.61126041 -11.4625359 -21.0900002 -9.61126041 -11.4625359 -21 -9.81174469 -11.5590839 -21.0900002 -9.71694183 -11.4995155 -21.0900002 -9.81174469 -11.5590839 -21 -9.81174469 -11.5590839 -21 -9.71694183 -11.4995155 -21.0900002 -9.71694183 -11.4995155 -21 -9.89091587 -11.6382551 -21.0900002 -9.81174469 -11.5590839 -21.0900002 -9.89091587 -11.6382551 -21 -9.89091587 -11.6382551 -21 -9.81174469 -11.5590839 -21.0900002 -9.81174469 -11.5590839 -21 -9.95048428 -11.733058 -21.0900002 -9.89091587 -11.6382551 -21.0900002 -9.95048428 -11.733058 -21 -9.95048428 -11.733058 -21 -9.89091587 -11.6382551 -21.0900002 -9.89091587 -11.6382551 -21 -9.98746395 -11.8387394 -21.0900002 -9.95048428 -11.733058 -21.0900002 -9.98746395 -11.8387394 -21 -9.98746395 -11.8387394 -21 -9.95048428 -11.733058 -21.0900002 -9.95048428 -11.733058 -21 -10 -11.9499998 -21.0900002 -9.98746395 -11.8387394 -21.0900002 -10 -11.9499998 -21 -10 -11.9499998 -21 -9.98746395 -11.8387394 -21.0900002 -9.98746395 -11.8387394 -21.0900002 9.5 -11.4499998 -21.0900002 -9.5 -11.4499998 -21 -9.5 -11.4499998 -21 9.5 -11.4499998 -21.0900002 9.5 -11.4499998 -21 -9.5 -11.4499998 -21 9.98746395 -11.8387394 -21 10 -11.9499998 -21.0900002 10 -11.9499998 -21 9.98746395 -11.8387394 -21.0900002 10 -11.9499998 -21.0900002 9.98746395 -11.8387394 -21 9.95048428 -11.733058 -21.0900002 9.98746395 -11.8387394 -21.0900002 9.95048428 -11.733058 -21 9.95048428 -11.733058 -21 9.98746395 -11.8387394 -21.0900002 9.98746395 -11.8387394 -21 9.89091587 -11.6382551 -21.0900002 9.95048428 -11.733058 -21.0900002 9.89091587 -11.6382551 -21 9.89091587 -11.6382551 -21 9.95048428 -11.733058 -21.0900002 9.95048428 -11.733058 -21 9.81174469 -11.5590839 -21.0900002 9.89091587 -11.6382551 -21.0900002 9.81174469 -11.5590839 -21 9.81174469 -11.5590839 -21 9.89091587 -11.6382551 -21.0900002 9.89091587 -11.6382551 -21 9.71694183 -11.4995155 -21.0900002 9.81174469 -11.5590839 -21.0900002 9.71694183 -11.4995155 -21 9.71694183 -11.4995155 -21 9.81174469 -11.5590839 -21.0900002 9.81174469 -11.5590839 -21 9.61126041 -11.4625359 -21.0900002 9.71694183 -11.4995155 -21.0900002 9.61126041 -11.4625359 -21 9.61126041 -11.4625359 -21 9.71694183 -11.4995155 -21.0900002 9.71694183 -11.4995155 -21 9.5 -11.4499998 -21.0900002 9.61126041 -11.4625359 -21.0900002 9.5 -11.4499998 -21 9.5 -11.4499998 -21 9.61126041 -11.4625359 -21.0900002 9.61126041 -11.4625359 -21 10 -11.9499998 -21.0900002 10 -17.3500004 -21.0900002 10 -11.9499998 -21 10 -11.9499998 -21 10 -17.3500004 -21.0900002 10 -17.3500004 -21 9.61126041 -17.8374634 -21 9.5 -17.8500004 -21.0900002 9.5 -17.8500004 -21 9.61126041 -17.8374634 -21.0900002 9.5 -17.8500004 -21.0900002 9.61126041 -17.8374634 -21 9.71694183 -17.8004837 -21.0900002 9.61126041 -17.8374634 -21.0900002 9.71694183 -17.8004837 -21 9.71694183 -17.8004837 -21 9.61126041 -17.8374634 -21.0900002 9.61126041 -17.8374634 -21 9.81174469 -17.7409153 -21.0900002 9.71694183 -17.8004837 -21.0900002 9.81174469 -17.7409153 -21 9.81174469 -17.7409153 -21 9.71694183 -17.8004837 -21.0900002 9.71694183 -17.8004837 -21 9.89091587 -17.6617451 -21.0900002 9.81174469 -17.7409153 -21.0900002 9.89091587 -17.6617451 -21 9.89091587 -17.6617451 -21 9.81174469 -17.7409153 -21.0900002 9.81174469 -17.7409153 -21 9.95048428 -17.5669422 -21.0900002 9.89091587 -17.6617451 -21.0900002 9.95048428 -17.5669422 -21 9.95048428 -17.5669422 -21 9.89091587 -17.6617451 -21.0900002 9.89091587 -17.6617451 -21 9.98746395 -17.4612598 -21.0900002 9.95048428 -17.5669422 -21.0900002 9.98746395 -17.4612598 -21 9.98746395 -17.4612598 -21 9.95048428 -17.5669422 -21.0900002 9.95048428 -17.5669422 -21 10 -17.3500004 -21.0900002 9.98746395 -17.4612598 -21.0900002 10 -17.3500004 -21 10 -17.3500004 -21 9.98746395 -17.4612598 -21.0900002 9.98746395 -17.4612598 -21 9.5 -17.8500004 -21 -9.5 -17.8500004 -21.0900002 -9.5 -17.8500004 -21.0900002 9.5 -17.8500004 -21 9.5 -17.8500004 -21.0900002 -9.5 -17.8500004 -21.0900002 -9.71694183 -11.4995155 -21.0900002 -9.61126041 -11.4625359 -21.0900002 -9.81174469 -11.5590839 -21.0900002 -9.81174469 -11.5590839 -21.0900002 -9.98746395 -11.8387394 -21.0900002 -9.89091587 -11.6382551 -21.0900002 -9.89091587 -11.6382551 -21.0900002 -9.98746395 -11.8387394 -21.0900002 -9.95048428 -11.733058 -21.0900002 -9.61126041 -11.4625359 -21.0900002 -9.5 -11.4499998 -21.0900002 -9.81174469 -11.5590839 -21.0900002 -9.81174469 -11.5590839 -21.0900002 -10 -11.9499998 -21.0900002 -9.98746395 -11.8387394 -21.0900002 -9.5 -11.4499998 -21.0900002 -10 -11.9499998 -21.0900002 -9.81174469 -11.5590839 -21.0900002 -10 -17.3500004 -21.0900002 -9.95048428 -17.5669422 -21.0900002 -9.98746395 -17.4612598 -21.0900002 -9.95048428 -17.5669422 -21.0900002 -9.81174469 -17.7409153 -21.0900002 -9.89091587 -17.6617451 -21.0900002 -10 -11.9499998 -21.0900002 -9.5 -17.8500004 -21.0900002 -10 -17.3500004 -21.0900002 -9.81174469 -17.7409153 -21.0900002 -9.5 -17.8500004 -21.0900002 -9.71694183 -17.8004837 -21.0900002 -9.71694183 -17.8004837 -21.0900002 -9.5 -17.8500004 -21.0900002 -9.61126041 -17.8374634 -21.0900002 -9.5 -11.4499998 -21.0900002 -9.5 -17.8500004 -21.0900002 -10 -11.9499998 -21.0900002 -10 -17.3500004 -21.0900002 -9.5 -17.8500004 -21.0900002 -9.95048428 -17.5669422 -21.0900002 -9.95048428 -17.5669422 -21.0900002 -9.5 -17.8500004 -21.0900002 -9.81174469 -17.7409153 -21.0900002 9.71694183 -11.4995155 -21.0900002 9.81174469 -11.5590839 -21.0900002 9.61126041 -11.4625359 -21.0900002 9.61126041 -11.4625359 -21.0900002 9.81174469 -11.5590839 -21.0900002 9.5 -11.4499998 -21.0900002 9.81174469 -11.5590839 -21.0900002 9.89091587 -11.6382551 -21.0900002 9.5 -11.4499998 -21.0900002 9.98746395 -11.8387394 -21.0900002 10 -11.9499998 -21.0900002 9.95048428 -11.733058 -21.0900002 9.95048428 -11.733058 -21.0900002 10 -11.9499998 -21.0900002 9.89091587 -11.6382551 -21.0900002 9.89091587 -11.6382551 -21.0900002 10 -11.9499998 -21.0900002 9.5 -11.4499998 -21.0900002 9.5 -11.4499998 -21.0900002 9.5 -17.8500004 -21.0900002 -9.5 -11.4499998 -21.0900002 -9.5 -11.4499998 -21.0900002 9.5 -17.8500004 -21.0900002 -9.5 -17.8500004 -21.0900002 9.5 -11.4499998 -21.0900002 10 -17.3500004 -21.0900002 9.5 -17.8500004 -21.0900002 10 -11.9499998 -21.0900002 10 -17.3500004 -21.0900002 9.5 -11.4499998 -21.0900002 9.5 -17.8500004 -21.0900002 9.71694183 -17.8004837 -21.0900002 9.61126041 -17.8374634 -21.0900002 9.98746395 -17.4612598 -21.0900002 9.71694183 -17.8004837 -21.0900002 10 -17.3500004 -21.0900002 10 -17.3500004 -21.0900002 9.71694183 -17.8004837 -21.0900002 9.5 -17.8500004 -21.0900002 9.95048428 -17.5669422 -21.0900002 9.89091587 -17.6617451 -21.0900002 9.98746395 -17.4612598 -21.0900002 9.98746395 -17.4612598 -21.0900002 9.81174469 -17.7409153 -21.0900002 9.71694183 -17.8004837 -21.0900002 9.89091587 -17.6617451 -21.0900002 9.81174469 -17.7409153 -21.0900002 9.98746395 -17.4612598 18.3376122 -18.0334969 -0.870000005 17.4725819 -18.8828392 -0.870000005 18.3917465 -18.0780697 -0.870000005 18.3376122 -18.0334969 -0.870000005 17.4230003 -18.8321609 -0.870000005 17.4725819 -18.8828392 -0.870000005 18.3917465 -18.0780697 -0.870000005 19.1841393 -16.9999599 -0.870000005 18.3376122 -18.0334969 -0.870000005 19.1841393 -16.9999599 -0.870000005 19.1262627 -16.9601479 -0.870000005 18.3376122 -18.0334969 -0.870000005 17.4230003 -18.8321609 -0.870000005 16.5221329 -19.4283524 -0.870000005 17.4725819 -18.8828392 -0.870000005 17.4230003 -18.8321609 -0.870000005 16.4761543 -19.3722458 -0.870000005 16.5221329 -19.4283524 -0.870000005 19.1841393 -16.9999599 -0.870000005 19.6915302 -15.8271236 -0.870000005 19.1262627 -16.9601479 -0.870000005 19.6915302 -15.8271236 -0.870000005 19.6272182 -15.7980909 -0.870000005 19.1262627 -16.9601479 -0.870000005 16.4761543 -19.3722458 -0.870000005 15.4807806 -19.7868423 -0.870000005 16.5221329 -19.4283524 -0.870000005 16.4761543 -19.3722458 -0.870000005 15.4403791 -19.7245922 -0.870000005 15.4807806 -19.7868423 -0.870000005 19.6915302 -15.8271236 -0.870000005 19.9013329 -14.8962259 -0.870000005 19.6272182 -15.7980909 -0.870000005 19.9013329 -14.8962259 -0.870000005 19.8335323 -14.8763065 -0.870000005 19.6272182 -15.7980909 -0.870000005 15.4403791 -19.7245922 -0.870000005 14.2494392 -19.9706974 -0.870000005 15.4807806 -19.7868423 -0.870000005 15.4403791 -19.7245922 -0.870000005 14.2285509 -19.9019489 -0.870000005 14.2494392 -19.9706974 -0.870000005 19.9013329 -14.8962259 -0.870000005 20 -13 -0.870000005 19.8335323 -14.8763065 -0.870000005 14.2285509 -19.9019489 -0.870000005 13 -20 -0.870000005 14.2494392 -19.9706974 -0.870000005 14.2285509 -19.9019489 -0.870000005 13 -19.9300003 -0.870000005 13 -20 -0.870000005 20 -13 -0.870000005 19.9300003 -13 -0.870000005 19.8335323 -14.8763065 -0.870000005 13 -19.9300003 -0.870000005 -13 -19.9300003 -0.870000005 13 -20 -0.870000005 13 -20 -0.870000005 -13 -19.9300003 -0.870000005 -13 -20 -0.870000005 20 -13 -0.870000005 19.9300003 13 -0.870000005 19.9300003 -13 -0.870000005 20 13 -0.870000005 19.9300003 13 -0.870000005 20 -13 -0.870000005 19.9706974 14.2494392 -0.870000005 19.9019489 14.2285509 -0.870000005 20 13 -0.870000005 20 13 -0.870000005 19.9019489 14.2285509 -0.870000005 19.9300003 13 -0.870000005 -13 -19.9300003 -0.870000005 -14.8763065 -19.8335323 -0.870000005 -13 -20 -0.870000005 -13 -20 -0.870000005 -14.8763065 -19.8335323 -0.870000005 -14.8962259 -19.9013329 -0.870000005 19.7868423 15.4807806 -0.870000005 19.7245922 15.4403791 -0.870000005 19.9706974 14.2494392 -0.870000005 19.9706974 14.2494392 -0.870000005 19.7245922 15.4403791 -0.870000005 19.9019489 14.2285509 -0.870000005 -14.8763065 -19.8335323 -0.870000005 -15.7980909 -19.6272182 -0.870000005 -14.8962259 -19.9013329 -0.870000005 -14.8962259 -19.9013329 -0.870000005 -15.7980909 -19.6272182 -0.870000005 -15.8271236 -19.6915302 -0.870000005 19.4283524 16.5221329 -0.870000005 19.3722458 16.4761543 -0.870000005 19.7868423 15.4807806 -0.870000005 19.7868423 15.4807806 -0.870000005 19.3722458 16.4761543 -0.870000005 19.7245922 15.4403791 -0.870000005 -15.8271236 -19.6915302 -0.870000005 -16.9601479 -19.1262627 -0.870000005 -16.9999599 -19.1841393 -0.870000005 -15.7980909 -19.6272182 -0.870000005 -16.9601479 -19.1262627 -0.870000005 -15.8271236 -19.6915302 -0.870000005 18.8828392 17.4725819 -0.870000005 18.8321609 17.4230003 -0.870000005 19.4283524 16.5221329 -0.870000005 19.4283524 16.5221329 -0.870000005 18.8321609 17.4230003 -0.870000005 19.3722458 16.4761543 -0.870000005 -16.9999599 -19.1841393 -0.870000005 -18.0334969 -18.3376122 -0.870000005 -18.0780697 -18.3917465 -0.870000005 -16.9601479 -19.1262627 -0.870000005 -18.0334969 -18.3376122 -0.870000005 -16.9999599 -19.1841393 -0.870000005 18.8828392 17.4725819 -0.870000005 18.0334969 18.3376122 -0.870000005 18.8321609 17.4230003 -0.870000005 18.8828392 17.4725819 -0.870000005 18.0780697 18.3917465 -0.870000005 18.0334969 18.3376122 -0.870000005 -18.0334969 -18.3376122 -0.870000005 -18.8828392 -17.4725819 -0.870000005 -18.0780697 -18.3917465 -0.870000005 -18.8321609 -17.4230003 -0.870000005 -18.8828392 -17.4725819 -0.870000005 -18.0334969 -18.3376122 -0.870000005 18.0334969 18.3376122 -0.870000005 16.9999599 19.1841393 -0.870000005 16.9601479 19.1262627 -0.870000005 18.0780697 18.3917465 -0.870000005 16.9999599 19.1841393 -0.870000005 18.0334969 18.3376122 -0.870000005 -19.3722458 -16.4761543 -0.870000005 -19.4283524 -16.5221329 -0.870000005 -18.8321609 -17.4230003 -0.870000005 -18.8321609 -17.4230003 -0.870000005 -19.4283524 -16.5221329 -0.870000005 -18.8828392 -17.4725819 -0.870000005 16.9601479 19.1262627 -0.870000005 15.8271236 19.6915302 -0.870000005 15.7980909 19.6272182 -0.870000005 16.9999599 19.1841393 -0.870000005 15.8271236 19.6915302 -0.870000005 16.9601479 19.1262627 -0.870000005 -19.3722458 -16.4761543 -0.870000005 -19.7868423 -15.4807806 -0.870000005 -19.4283524 -16.5221329 -0.870000005 -19.7245922 -15.4403791 -0.870000005 -19.7868423 -15.4807806 -0.870000005 -19.3722458 -16.4761543 -0.870000005 15.7980909 19.6272182 -0.870000005 14.8962259 19.9013329 -0.870000005 14.8763065 19.8335323 -0.870000005 15.8271236 19.6915302 -0.870000005 14.8962259 19.9013329 -0.870000005 15.7980909 19.6272182 -0.870000005 -19.9019489 -14.2285509 -0.870000005 -19.9706974 -14.2494392 -0.870000005 -19.7245922 -15.4403791 -0.870000005 -19.7245922 -15.4403791 -0.870000005 -19.9706974 -14.2494392 -0.870000005 -19.7868423 -15.4807806 -0.870000005 -19.9300003 -13 -0.870000005 -20 -13 -0.870000005 -19.9019489 -14.2285509 -0.870000005 -19.9019489 -14.2285509 -0.870000005 -20 -13 -0.870000005 -19.9706974 -14.2494392 -0.870000005 14.8763065 19.8335323 -0.870000005 13 20 -0.870000005 13 19.9300003 -0.870000005 14.8962259 19.9013329 -0.870000005 13 20 -0.870000005 14.8763065 19.8335323 -0.870000005 -19.9300003 13 -0.870000005 -20 13 -0.870000005 -19.9300003 -13 -0.870000005 -19.9300003 -13 -0.870000005 -20 13 -0.870000005 -20 -13 -0.870000005 13 20 -0.870000005 -13 20 -0.870000005 13 19.9300003 -0.870000005 13 19.9300003 -0.870000005 -13 20 -0.870000005 -13 19.9300003 -0.870000005 -13 20 -0.870000005 -14.2285509 19.9019489 -0.870000005 -13 19.9300003 -0.870000005 -13 20 -0.870000005 -14.2494392 19.9706974 -0.870000005 -14.2285509 19.9019489 -0.870000005 -19.9300003 13 -0.870000005 -19.8335323 14.8763065 -0.870000005 -20 13 -0.870000005 -19.8335323 14.8763065 -0.870000005 -19.9013329 14.8962259 -0.870000005 -20 13 -0.870000005 -14.2494392 19.9706974 -0.870000005 -15.4403791 19.7245922 -0.870000005 -14.2285509 19.9019489 -0.870000005 -14.2494392 19.9706974 -0.870000005 -15.4807806 19.7868423 -0.870000005 -15.4403791 19.7245922 -0.870000005 -19.8335323 14.8763065 -0.870000005 -19.6272182 15.7980909 -0.870000005 -19.9013329 14.8962259 -0.870000005 -19.6272182 15.7980909 -0.870000005 -19.6915302 15.8271236 -0.870000005 -19.9013329 14.8962259 -0.870000005 -15.4807806 19.7868423 -0.870000005 -16.4761543 19.3722458 -0.870000005 -15.4403791 19.7245922 -0.870000005 -15.4807806 19.7868423 -0.870000005 -16.5221329 19.4283524 -0.870000005 -16.4761543 19.3722458 -0.870000005 -19.6272182 15.7980909 -0.870000005 -19.1262627 16.9601479 -0.870000005 -19.6915302 15.8271236 -0.870000005 -19.1262627 16.9601479 -0.870000005 -19.1841393 16.9999599 -0.870000005 -19.6915302 15.8271236 -0.870000005 -16.5221329 19.4283524 -0.870000005 -17.4230003 18.8321609 -0.870000005 -16.4761543 19.3722458 -0.870000005 -16.5221329 19.4283524 -0.870000005 -17.4725819 18.8828392 -0.870000005 -17.4230003 18.8321609 -0.870000005 -19.1262627 16.9601479 -0.870000005 -18.3376122 18.0334969 -0.870000005 -19.1841393 16.9999599 -0.870000005 -17.4725819 18.8828392 -0.870000005 -18.3376122 18.0334969 -0.870000005 -17.4230003 18.8321609 -0.870000005 -18.3376122 18.0334969 -0.870000005 -18.3917465 18.0780697 -0.870000005 -19.1841393 16.9999599 -0.870000005 -17.4725819 18.8828392 -0.870000005 -18.3917465 18.0780697 -0.870000005 -18.3376122 18.0334969 -0.870000005 -19.8799992 13 -9 -19.8799992 13 -9.30000019 -19.8799992 -13 -9.30000019 -19.8799992 13 -9 -19.8799992 -13 -9.30000019 -19.8799992 -13 -9 -19.8528175 -14.2138901 -9.30000019 -19.8799992 -13 -9 -19.8799992 -13 -9.30000019 -19.786253 -14.8531055 -9 -19.8799992 -13 -9 -19.8528175 -14.2138901 -9.30000019 -19.680172 -15.411067 -9.30000019 -19.786253 -14.8531055 -9 -19.8528175 -14.2138901 -9.30000019 -19.5859261 -15.7620258 -9 -19.786253 -14.8531055 -9 -19.680172 -15.411067 -9.30000019 -19.331913 -16.4440498 -9.30000019 -19.5859261 -15.7620258 -9 -19.680172 -15.411067 -9.30000019 -19.0908184 -16.9213009 -9 -19.5859261 -15.7620258 -9 -19.331913 -16.4440498 -9.30000019 -18.796217 -17.3871899 -9.30000019 -19.0908184 -16.9213009 -9 -19.331913 -16.4440498 -9.30000019 -18.3051357 -17.9948769 -9 -19.0908184 -16.9213009 -9 -18.796217 -17.3871899 -9.30000019 -18.0017567 -18.298851 -9.30000019 -18.3051357 -17.9948769 -9 -18.796217 -17.3871899 -9.30000019 -17.2938519 -18.8605118 -9 -18.3051357 -17.9948769 -9 -18.0017567 -18.298851 -9.30000019 -16.9344101 -19.0833797 -9.30000019 -17.2938519 -18.8605118 -9 -18.0017567 -18.298851 -9.30000019 -16.1187153 -19.4654465 -9 -17.2938519 -18.8605118 -9 -16.9344101 -19.0833797 -9.30000019 -15.7801352 -19.5804234 -9.30000019 -16.1187153 -19.4654465 -9 -16.9344101 -19.0833797 -9.30000019 -14.8232203 -19.7907257 -9 -15.7801352 -19.5804234 -9.30000019 -14.8643436 -19.7847595 -9.30000019 -14.8232203 -19.7907257 -9 -16.1187153 -19.4654465 -9 -15.7801352 -19.5804234 -9.30000019 -13.914443 -19.868063 -9 -14.8232203 -19.7907257 -9 -14.8643436 -19.7847595 -9.30000019 -13 -19.8799992 -9.30000019 -13.914443 -19.868063 -9 -14.8643436 -19.7847595 -9.30000019 -13 -19.8799992 -9 -13.914443 -19.868063 -9 -13 -19.8799992 -9.30000019 13 -19.8799992 -9.30000019 13 -19.8799992 -9 -13 -19.8799992 -9 13 -19.8799992 -9.30000019 -13 -19.8799992 -9 -13 -19.8799992 -9.30000019 14.2138901 -19.8528175 -9.30000019 13 -19.8799992 -9 13 -19.8799992 -9.30000019 14.8531055 -19.786253 -9 13 -19.8799992 -9 14.2138901 -19.8528175 -9.30000019 15.411067 -19.680172 -9.30000019 14.8531055 -19.786253 -9 14.2138901 -19.8528175 -9.30000019 15.7620258 -19.5859261 -9 14.8531055 -19.786253 -9 15.411067 -19.680172 -9.30000019 16.4440498 -19.331913 -9.30000019 15.7620258 -19.5859261 -9 15.411067 -19.680172 -9.30000019 16.9213009 -19.0908184 -9 15.7620258 -19.5859261 -9 16.4440498 -19.331913 -9.30000019 17.3871899 -18.796217 -9.30000019 16.9213009 -19.0908184 -9 16.4440498 -19.331913 -9.30000019 17.9948769 -18.3051357 -9 16.9213009 -19.0908184 -9 17.3871899 -18.796217 -9.30000019 18.298851 -18.0017567 -9.30000019 17.9948769 -18.3051357 -9 17.3871899 -18.796217 -9.30000019 18.8605118 -17.2938519 -9 17.9948769 -18.3051357 -9 18.298851 -18.0017567 -9.30000019 19.0833797 -16.9344101 -9.30000019 18.8605118 -17.2938519 -9 18.298851 -18.0017567 -9.30000019 19.4654465 -16.1187153 -9 18.8605118 -17.2938519 -9 19.0833797 -16.9344101 -9.30000019 19.5804234 -15.7801352 -9.30000019 19.4654465 -16.1187153 -9 19.0833797 -16.9344101 -9.30000019 19.7907257 -14.8232203 -9 19.5804234 -15.7801352 -9.30000019 19.7847595 -14.8643436 -9.30000019 19.7907257 -14.8232203 -9 19.4654465 -16.1187153 -9 19.5804234 -15.7801352 -9.30000019 19.868063 -13.914443 -9 19.7907257 -14.8232203 -9 19.7847595 -14.8643436 -9.30000019 19.8799992 -13 -9.30000019 19.868063 -13.914443 -9 19.7847595 -14.8643436 -9.30000019 19.8799992 -13 -9 19.868063 -13.914443 -9 19.8799992 -13 -9.30000019 19.8799992 13 -9.30000019 19.8799992 13 -9 19.8799992 -13 -9 19.8799992 13 -9.30000019 19.8799992 -13 -9 19.8799992 -13 -9.30000019 19.8528175 14.2138901 -9.30000019 19.8799992 13 -9 19.8799992 13 -9.30000019 19.786253 14.8531055 -9 19.8799992 13 -9 19.8528175 14.2138901 -9.30000019 19.680172 15.411067 -9.30000019 19.786253 14.8531055 -9 19.8528175 14.2138901 -9.30000019 19.5859261 15.7620258 -9 19.786253 14.8531055 -9 19.680172 15.411067 -9.30000019 19.331913 16.4440498 -9.30000019 19.5859261 15.7620258 -9 19.680172 15.411067 -9.30000019 19.0908184 16.9213009 -9 19.5859261 15.7620258 -9 19.331913 16.4440498 -9.30000019 18.796217 17.3871899 -9.30000019 19.0908184 16.9213009 -9 19.331913 16.4440498 -9.30000019 18.3051357 17.9948769 -9 19.0908184 16.9213009 -9 18.796217 17.3871899 -9.30000019 18.0017567 18.298851 -9.30000019 18.3051357 17.9948769 -9 18.796217 17.3871899 -9.30000019 17.2938519 18.8605118 -9 18.3051357 17.9948769 -9 18.0017567 18.298851 -9.30000019 16.9344101 19.0833797 -9.30000019 17.2938519 18.8605118 -9 18.0017567 18.298851 -9.30000019 16.1187153 19.4654465 -9 17.2938519 18.8605118 -9 16.9344101 19.0833797 -9.30000019 15.7801352 19.5804234 -9.30000019 16.1187153 19.4654465 -9 16.9344101 19.0833797 -9.30000019 14.8232203 19.7907257 -9 15.7801352 19.5804234 -9.30000019 14.8643436 19.7847595 -9.30000019 14.8232203 19.7907257 -9 16.1187153 19.4654465 -9 15.7801352 19.5804234 -9.30000019 13.914443 19.868063 -9 14.8232203 19.7907257 -9 14.8643436 19.7847595 -9.30000019 13 19.8799992 -9.30000019 13.914443 19.868063 -9 14.8643436 19.7847595 -9.30000019 13 19.8799992 -9 13.914443 19.868063 -9 13 19.8799992 -9.30000019 -14.2138901 19.8528175 -9.30000019 -13 19.8799992 -9 -13 19.8799992 -9.30000019 -14.8531055 19.786253 -9 -13 19.8799992 -9 -14.2138901 19.8528175 -9.30000019 -15.411067 19.680172 -9.30000019 -14.8531055 19.786253 -9 -14.2138901 19.8528175 -9.30000019 -15.7620258 19.5859261 -9 -14.8531055 19.786253 -9 -15.411067 19.680172 -9.30000019 -16.4440498 19.331913 -9.30000019 -15.7620258 19.5859261 -9 -15.411067 19.680172 -9.30000019 -16.9213009 19.0908184 -9 -15.7620258 19.5859261 -9 -16.4440498 19.331913 -9.30000019 -17.3871899 18.796217 -9.30000019 -16.9213009 19.0908184 -9 -16.4440498 19.331913 -9.30000019 -17.9948769 18.3051357 -9 -16.9213009 19.0908184 -9 -17.3871899 18.796217 -9.30000019 -18.298851 18.0017567 -9.30000019 -17.9948769 18.3051357 -9 -17.3871899 18.796217 -9.30000019 -18.8605118 17.2938519 -9 -17.9948769 18.3051357 -9 -18.298851 18.0017567 -9.30000019 -19.0833797 16.9344101 -9.30000019 -18.8605118 17.2938519 -9 -18.298851 18.0017567 -9.30000019 -19.4654465 16.1187153 -9 -18.8605118 17.2938519 -9 -19.0833797 16.9344101 -9.30000019 -19.5804234 15.7801352 -9.30000019 -19.4654465 16.1187153 -9 -19.0833797 16.9344101 -9.30000019 -19.7907257 14.8232203 -9 -19.5804234 15.7801352 -9.30000019 -19.7847595 14.8643436 -9.30000019 -19.7907257 14.8232203 -9 -19.4654465 16.1187153 -9 -19.5804234 15.7801352 -9.30000019 -19.868063 13.914443 -9 -19.7907257 14.8232203 -9 -19.7847595 14.8643436 -9.30000019 -19.8799992 13 -9.30000019 -19.868063 13.914443 -9 -19.7847595 14.8643436 -9.30000019 -19.8799992 13 -9 -19.868063 13.914443 -9 -19.8799992 13 -9.30000019 13 19.8799992 -9 13 19.8799992 -9.30000019 -13 19.8799992 -9.30000019 13 19.8799992 -9 -13 19.8799992 -9.30000019 -13 19.8799992 -9 -19.2013702 -18.5231838 -9 -18.3051357 -17.9948769 -9 -18.1467972 -19.5055313 -9 -18.1467972 -19.5055313 -9 -17.2938519 -18.8605118 -9 -17.0338764 -20.1825752 -9 -18.3051357 -17.9948769 -9 -17.2938519 -18.8605118 -9 -18.1467972 -19.5055313 -9 -20.0256271 -17.3390331 -9 -19.0908184 -16.9213009 -9 -19.2013702 -18.5231838 -9 -19.2013702 -18.5231838 -9 -19.0908184 -16.9213009 -9 -18.3051357 -17.9948769 -9 -17.0338764 -20.1825752 -9 -16.1187153 -19.4654465 -9 -15.6833401 -20.6638851 -9 -17.2938519 -18.8605118 -9 -16.1187153 -19.4654465 -9 -17.0338764 -20.1825752 -9 -20.0256271 -17.3390331 -9 -19.5859261 -15.7620258 -9 -19.0908184 -16.9213009 -9 -20.5350266 -16.1452942 -9 -19.5859261 -15.7620258 -9 -20.0256271 -17.3390331 -9 -20.5350266 -16.1452942 -9 -19.786253 -14.8531055 -9 -19.5859261 -15.7620258 -9 -20.8091545 -14.9040899 -9 -19.786253 -14.8531055 -9 -20.5350266 -16.1452942 -9 -15.6833401 -20.6638851 -9 -14.8232203 -19.7907257 -9 -14.3487749 -20.8658123 -9 -16.1187153 -19.4654465 -9 -14.8232203 -19.7907257 -9 -15.6833401 -20.6638851 -9 -14.3487749 -20.8658123 -9 -13.914443 -19.868063 -9 -13 -20.8999996 -9 -14.8232203 -19.7907257 -9 -13.914443 -19.868063 -9 -14.3487749 -20.8658123 -9 -13.914443 -19.868063 -9 -13 -19.8799992 -9 -13 -20.8999996 -9 -20.8091545 -14.9040899 -9 -19.8799992 -13 -9 -19.786253 -14.8531055 -9 -20.8999996 -13 -9 -19.8799992 -13 -9 -20.8091545 -14.9040899 -9 -20.8999996 13 -9 -19.8799992 13 -9 -20.8999996 -13 -9 -20.8999996 -13 -9 -19.8799992 13 -9 -19.8799992 -13 -9 -13 -19.8799992 -9 13 -19.8799992 -9 -13 -20.8999996 -9 -13 -20.8999996 -9 13 -19.8799992 -9 13 -20.8999996 -9 -20.8658123 14.3487749 -9 -19.868063 13.914443 -9 -20.8999996 13 -9 -20.8999996 13 -9 -19.868063 13.914443 -9 -19.8799992 13 -9 13 -19.8799992 -9 14.9040899 -20.8091545 -9 13 -20.8999996 -9 -20.6638851 15.6833401 -9 -19.7907257 14.8232203 -9 -20.8658123 14.3487749 -9 -20.8658123 14.3487749 -9 -19.7907257 14.8232203 -9 -19.868063 13.914443 -9 13 -19.8799992 -9 14.8531055 -19.786253 -9 14.9040899 -20.8091545 -9 14.8531055 -19.786253 -9 16.1452942 -20.5350266 -9 14.9040899 -20.8091545 -9 14.8531055 -19.786253 -9 15.7620258 -19.5859261 -9 16.1452942 -20.5350266 -9 -20.6638851 15.6833401 -9 -19.4654465 16.1187153 -9 -19.7907257 14.8232203 -9 -20.6638851 15.6833401 -9 -20.1825752 17.0338764 -9 -19.4654465 16.1187153 -9 15.7620258 -19.5859261 -9 17.3390331 -20.0256271 -9 16.1452942 -20.5350266 -9 15.7620258 -19.5859261 -9 16.9213009 -19.0908184 -9 17.3390331 -20.0256271 -9 -20.1825752 17.0338764 -9 -18.8605118 17.2938519 -9 -19.4654465 16.1187153 -9 -20.1825752 17.0338764 -9 -19.5055313 18.1467972 -9 -18.8605118 17.2938519 -9 16.9213009 -19.0908184 -9 18.5231838 -19.2013702 -9 17.3390331 -20.0256271 -9 16.9213009 -19.0908184 -9 17.9948769 -18.3051357 -9 18.5231838 -19.2013702 -9 -19.5055313 18.1467972 -9 -17.9948769 18.3051357 -9 -18.8605118 17.2938519 -9 -19.5055313 18.1467972 -9 -18.5231838 19.2013702 -9 -17.9948769 18.3051357 -9 17.9948769 -18.3051357 -9 19.5055313 -18.1467972 -9 18.5231838 -19.2013702 -9 17.9948769 -18.3051357 -9 18.8605118 -17.2938519 -9 19.5055313 -18.1467972 -9 -18.5231838 19.2013702 -9 -16.9213009 19.0908184 -9 -17.9948769 18.3051357 -9 -18.5231838 19.2013702 -9 -17.3390331 20.0256271 -9 -16.9213009 19.0908184 -9 18.8605118 -17.2938519 -9 20.1825752 -17.0338764 -9 19.5055313 -18.1467972 -9 18.8605118 -17.2938519 -9 19.4654465 -16.1187153 -9 20.1825752 -17.0338764 -9 -17.3390331 20.0256271 -9 -15.7620258 19.5859261 -9 -16.9213009 19.0908184 -9 -17.3390331 20.0256271 -9 -16.1452942 20.5350266 -9 -15.7620258 19.5859261 -9 -16.1452942 20.5350266 -9 -14.8531055 19.786253 -9 -15.7620258 19.5859261 -9 19.7907257 -14.8232203 -9 20.6638851 -15.6833401 -9 19.4654465 -16.1187153 -9 19.4654465 -16.1187153 -9 20.6638851 -15.6833401 -9 20.1825752 -17.0338764 -9 -16.1452942 20.5350266 -9 -14.9040899 20.8091545 -9 -14.8531055 19.786253 -9 19.868063 -13.914443 -9 20.8658123 -14.3487749 -9 19.7907257 -14.8232203 -9 19.7907257 -14.8232203 -9 20.8658123 -14.3487749 -9 20.6638851 -15.6833401 -9 -14.9040899 20.8091545 -9 -13 19.8799992 -9 -14.8531055 19.786253 -9 -14.9040899 20.8091545 -9 -13 20.8999996 -9 -13 19.8799992 -9 19.8799992 -13 -9 20.8999996 -13 -9 19.868063 -13.914443 -9 19.868063 -13.914443 -9 20.8999996 -13 -9 20.8658123 -14.3487749 -9 -13 20.8999996 -9 13 19.8799992 -9 -13 19.8799992 -9 19.8799992 -13 -9 20.8999996 13 -9 20.8999996 -13 -9 19.8799992 13 -9 20.8999996 13 -9 19.8799992 -13 -9 13 19.8799992 -9 13 20.8999996 -9 13.914443 19.868063 -9 -13 20.8999996 -9 13 20.8999996 -9 13 19.8799992 -9 13 20.8999996 -9 14.3487749 20.8658123 -9 13.914443 19.868063 -9 13.914443 19.868063 -9 14.3487749 20.8658123 -9 14.8232203 19.7907257 -9 19.8799992 13 -9 20.8091545 14.9040899 -9 20.8999996 13 -9 19.786253 14.8531055 -9 20.8091545 14.9040899 -9 19.8799992 13 -9 14.3487749 20.8658123 -9 15.6833401 20.6638851 -9 14.8232203 19.7907257 -9 14.8232203 19.7907257 -9 15.6833401 20.6638851 -9 16.1187153 19.4654465 -9 19.786253 14.8531055 -9 20.5350266 16.1452942 -9 20.8091545 14.9040899 -9 19.5859261 15.7620258 -9 20.5350266 16.1452942 -9 19.786253 14.8531055 -9 15.6833401 20.6638851 -9 17.0338764 20.1825752 -9 16.1187153 19.4654465 -9 16.1187153 19.4654465 -9 17.0338764 20.1825752 -9 17.2938519 18.8605118 -9 19.5859261 15.7620258 -9 20.0256271 17.3390331 -9 20.5350266 16.1452942 -9 19.0908184 16.9213009 -9 20.0256271 17.3390331 -9 19.5859261 15.7620258 -9 17.0338764 20.1825752 -9 18.1467972 19.5055313 -9 17.2938519 18.8605118 -9 17.2938519 18.8605118 -9 18.1467972 19.5055313 -9 18.3051357 17.9948769 -9 19.0908184 16.9213009 -9 19.2013702 18.5231838 -9 20.0256271 17.3390331 -9 18.1467972 19.5055313 -9 19.2013702 18.5231838 -9 18.3051357 17.9948769 -9 18.3051357 17.9948769 -9 19.2013702 18.5231838 -9 19.0908184 16.9213009 -9 -13 20.9974937 -8.9222517 13 21 -8.89999962 13 20.9974937 -8.9222517 -13 20.9974937 -8.9222517 -13 21 -8.89999962 13 21 -8.89999962 -13 20.990097 -8.94338799 13 20.9974937 -8.9222517 13 20.990097 -8.94338799 -13 20.990097 -8.94338799 -13 20.9974937 -8.9222517 13 20.9974937 -8.9222517 -13 20.9781837 -8.96234894 13 20.990097 -8.94338799 13 20.9781837 -8.96234894 -13 20.9781837 -8.96234894 -13 20.990097 -8.94338799 13 20.990097 -8.94338799 -13 20.9623489 -8.97818279 13 20.9781837 -8.96234894 13 20.9623489 -8.97818279 -13 20.9623489 -8.97818279 -13 20.9781837 -8.96234894 13 20.9781837 -8.96234894 -13 20.943388 -8.99009705 13 20.9623489 -8.97818279 13 20.943388 -8.99009705 -13 20.943388 -8.99009705 13 20.943388 -8.99009705 13 20.9222527 -8.99749279 -13 20.943388 -8.99009705 -13 20.9623489 -8.97818279 13 20.9623489 -8.97818279 -13 20.9222527 -8.99749279 13 20.9222527 -8.99749279 13 20.8999996 -9 -13 20.9222527 -8.99749279 -13 20.943388 -8.99009705 13 20.9222527 -8.99749279 -13 20.8999996 -9 -13 20.9222527 -8.99749279 13 20.8999996 -9 17.6670418 19.9170494 -8.97071075 18.1467972 19.5055313 -9 17.0338764 20.1825752 -9 17.6670418 19.9170494 -8.97071075 17.4180241 20.096323 -8.89999962 18.6009407 19.26647 -8.89999962 20.965498 13.6808577 -8.97071075 20.9781837 13 -8.96234894 20.9623489 13 -8.97818279 20.965498 13.6808577 -8.97071075 20.9623489 13 -8.97818279 20.943388 13 -8.99009705 20.965498 13.6808577 -8.97071075 20.943388 13 -8.99009705 20.9222527 13 -8.99749279 20.965498 13.6808577 -8.97071075 20.9222527 13 -8.99749279 20.8999996 13 -9 20.965498 13.6808577 -8.97071075 20.8999996 13 -9 20.8091545 14.9040899 -9 20.9738197 13.6810246 -8.96126747 20.9781837 13 -8.96234894 20.965498 13.6808577 -8.97071075 20.9738197 13.6810246 -8.96126747 20.965498 13.6808577 -8.97071075 20.9650688 14.3628454 -8.89999962 20.9804382 13.6811571 -8.95161057 21 13 -8.89999962 20.9974937 13 -8.9222517 20.9804382 13.6811571 -8.95161057 20.9974937 13 -8.9222517 20.990097 13 -8.94338799 20.9804382 13.6811571 -8.95161057 20.990097 13 -8.94338799 20.9781837 13 -8.96234894 20.9804382 13.6811571 -8.95161057 20.9650688 14.3628454 -8.89999962 21 13 -8.89999962 20.9804382 13.6811571 -8.95161057 20.9738197 13.6810246 -8.96126747 20.9650688 14.3628454 -8.89999962 20.9804382 13.6811571 -8.95161057 20.9781837 13 -8.96234894 20.9738197 13.6810246 -8.96126747 20.9118538 14.637557 -8.97071075 20.965498 13.6808577 -8.97071075 20.8091545 14.9040899 -9 20.9118538 14.637557 -8.97071075 20.9650688 14.3628454 -8.89999962 20.965498 13.6808577 -8.97071075 20.8156605 15.3107872 -8.97071075 20.8091545 14.9040899 -9 20.5350266 16.1452942 -9 20.8156605 15.3107872 -8.97071075 20.7595921 15.7125235 -8.89999962 20.9650688 14.3628454 -8.89999962 20.8156605 15.3107872 -8.97071075 20.9118538 14.637557 -8.97071075 20.8091545 14.9040899 -9 20.8156605 15.3107872 -8.97071075 20.9650688 14.3628454 -8.89999962 20.9118538 14.637557 -8.97071075 20.6708965 15.9366436 -8.97071075 20.8156605 15.3107872 -8.97071075 20.5350266 16.1452942 -9 20.6708965 15.9366436 -8.97071075 20.7595921 15.7125235 -8.89999962 20.8156605 15.3107872 -8.97071075 20.4395142 16.6238384 -8.97071075 20.5350266 16.1452942 -9 20.0256271 17.3390331 -9 20.4395142 16.6238384 -8.97071075 20.2715969 17.07934 -8.89999962 20.7595921 15.7125235 -8.89999962 20.4395142 16.6238384 -8.97071075 20.6708965 15.9366436 -8.97071075 20.5350266 16.1452942 -9 20.4395142 16.6238384 -8.97071075 20.7595921 15.7125235 -8.89999962 20.6708965 15.9366436 -8.97071075 20.1683578 17.2208748 -8.97071075 20.4395142 16.6238384 -8.97071075 20.0256271 17.3390331 -9 20.1683578 17.2208748 -8.97071075 20.2715969 17.07934 -8.89999962 20.4395142 16.6238384 -8.97071075 19.8052921 17.8428917 -8.97071075 20.0256271 17.3390331 -9 19.2013702 18.5231838 -9 19.8052921 17.8428917 -8.97071075 19.5072536 18.3088627 -8.89999962 20.2715969 17.07934 -8.89999962 19.8052921 17.8428917 -8.97071075 20.1683578 17.2208748 -8.97071075 20.0256271 17.3390331 -9 19.8052921 17.8428917 -8.97071075 20.2715969 17.07934 -8.89999962 20.1683578 17.2208748 -8.97071075 19.3712521 18.431757 -8.97071075 19.5072536 18.3088627 -8.89999962 19.8052921 17.8428917 -8.97071075 19.3712521 18.431757 -8.97071075 19.8052921 17.8428917 -8.97071075 19.2013702 18.5231838 -9 18.9289513 18.9195251 -8.97071075 19.2013702 18.5231838 -9 18.1467972 19.5055313 -9 18.9289513 18.9195251 -8.97071075 18.6009407 19.26647 -8.89999962 19.5072536 18.3088627 -8.89999962 18.9289513 18.9195251 -8.97071075 19.3712521 18.431757 -8.97071075 19.2013702 18.5231838 -9 18.9289513 18.9195251 -8.97071075 19.5072536 18.3088627 -8.89999962 19.3712521 18.431757 -8.97071075 18.388546 19.4067745 -8.97071075 17.6670418 19.9170494 -8.97071075 18.6009407 19.26647 -8.89999962 18.388546 19.4067745 -8.97071075 18.1467972 19.5055313 -9 17.6670418 19.9170494 -8.97071075 18.388546 19.4067745 -8.97071075 18.6009407 19.26647 -8.89999962 18.9289513 18.9195251 -8.97071075 18.388546 19.4067745 -8.97071075 18.9289513 18.9195251 -8.97071075 18.1467972 19.5055313 -9 17.2352161 20.1610146 -8.97071075 17.4180241 20.096323 -8.89999962 17.6670418 19.9170494 -8.97071075 17.2352161 20.1610146 -8.97071075 17.6670418 19.9170494 -8.97071075 17.0338764 20.1825752 -9 16.6380463 20.4339581 -8.97071075 17.4180241 20.096323 -8.89999962 17.2352161 20.1610146 -8.97071075 16.6380463 20.4339581 -8.97071075 17.2352161 20.1610146 -8.97071075 17.0338764 20.1825752 -9 16.6380463 20.4339581 -8.97071075 17.0338764 20.1825752 -9 15.6833401 20.6638851 -9 16.6380463 20.4339581 -8.97071075 16.2086372 20.6197662 -8.89999962 17.4180241 20.096323 -8.89999962 15.9515743 20.666729 -8.97071075 16.6380463 20.4339581 -8.97071075 15.6833401 20.6638851 -9 15.9515743 20.666729 -8.97071075 16.2086372 20.6197662 -8.89999962 16.6380463 20.4339581 -8.97071075 15.3174925 20.8146267 -8.97071075 15.9515743 20.666729 -8.97071075 15.6833401 20.6638851 -9 15.3174925 20.8146267 -8.97071075 16.2086372 20.6197662 -8.89999962 15.9515743 20.666729 -8.97071075 15.3174925 20.8146267 -8.97071075 15.6833401 20.6638851 -9 14.3487749 20.8658123 -9 15.3174925 20.8146267 -8.97071075 14.9366493 20.905735 -8.89999962 16.2086372 20.6197662 -8.89999962 14.6435289 20.9112453 -8.97071075 15.3174925 20.8146267 -8.97071075 14.3487749 20.8658123 -9 14.6435289 20.9112453 -8.97071075 14.9366493 20.905735 -8.89999962 15.3174925 20.8146267 -8.97071075 13.6763906 20.9465008 -8.98565292 14.3487749 20.8658123 -9 13 20.8999996 -9 13.6763906 20.9465008 -8.98565292 13 20.943388 -8.99009705 13 20.9623489 -8.97818279 13.6763906 20.9465008 -8.98565292 13 20.9222527 -8.99749279 13 20.943388 -8.99009705 13.6763906 20.9465008 -8.98565292 13 20.8999996 -9 13 20.9222527 -8.99749279 13.6765814 20.9561558 -8.97903347 13.6763906 20.9465008 -8.98565292 13 20.9623489 -8.97818279 13.6765814 20.9561558 -8.97903347 14.3487749 20.8658123 -9 13.6763906 20.9465008 -8.98565292 13.6767683 20.9655991 -8.97071075 14.6435289 20.9112453 -8.97071075 14.3487749 20.8658123 -9 13.6767683 20.9655991 -8.97071075 14.9366493 20.905735 -8.89999962 14.6435289 20.9112453 -8.97071075 13.6767683 20.9655991 -8.97071075 13 20.9974937 -8.9222517 13 21 -8.89999962 13.6767683 20.9655991 -8.97071075 13 20.990097 -8.94338799 13 20.9974937 -8.9222517 13.6767683 20.9655991 -8.97071075 13 20.9781837 -8.96234894 13 20.990097 -8.94338799 13.6767683 20.9655991 -8.97071075 13 20.9623489 -8.97818279 13 20.9781837 -8.96234894 13.6767683 20.9655991 -8.97071075 13 21 -8.89999962 14.9366493 20.905735 -8.89999962 13.6767683 20.9655991 -8.97071075 14.3487749 20.8658123 -9 13.6765814 20.9561558 -8.97903347 13.6767683 20.9655991 -8.97071075 13.6765814 20.9561558 -8.97903347 13 20.9623489 -8.97818279 21 13 -8.89999962 21 -13 -8.89999962 20.9974937 -13 -8.9222517 20.9974937 13 -8.9222517 20.9974937 -13 -8.9222517 20.990097 -13 -8.94338799 20.9974937 13 -8.9222517 21 13 -8.89999962 20.9974937 -13 -8.9222517 20.990097 13 -8.94338799 20.990097 -13 -8.94338799 20.9781837 -13 -8.96234894 20.990097 13 -8.94338799 20.9974937 13 -8.9222517 20.990097 -13 -8.94338799 20.9781837 13 -8.96234894 20.9781837 -13 -8.96234894 20.9623489 -13 -8.97818279 20.9781837 13 -8.96234894 20.990097 13 -8.94338799 20.9781837 -13 -8.96234894 20.9623489 13 -8.97818279 20.9623489 -13 -8.97818279 20.943388 -13 -8.99009705 20.9623489 13 -8.97818279 20.9781837 13 -8.96234894 20.9623489 -13 -8.97818279 20.943388 13 -8.99009705 20.943388 -13 -8.99009705 20.9222527 -13 -8.99749279 20.943388 13 -8.99009705 20.9623489 13 -8.97818279 20.943388 -13 -8.99009705 20.9222527 13 -8.99749279 20.9222527 -13 -8.99749279 20.8999996 -13 -9 20.9222527 13 -8.99749279 20.943388 13 -8.99009705 20.9222527 -13 -8.99749279 20.8999996 13 -9 20.9222527 13 -8.99749279 20.8999996 -13 -9 19.9170494 -17.6670418 -8.97071075 20.096323 -17.4180241 -8.89999962 19.26647 -18.6009407 -8.89999962 19.9170494 -17.6670418 -8.97071075 19.5055313 -18.1467972 -9 20.1825752 -17.0338764 -9 13.6808577 -20.965498 -8.97071075 13 -20.9781837 -8.96234894 13 -20.9623489 -8.97818279 13.6808577 -20.965498 -8.97071075 13 -20.9623489 -8.97818279 13 -20.943388 -8.99009705 13.6808577 -20.965498 -8.97071075 13 -20.943388 -8.99009705 13 -20.9222527 -8.99749279 13.6808577 -20.965498 -8.97071075 13 -20.9222527 -8.99749279 13 -20.8999996 -9 13.6808577 -20.965498 -8.97071075 13 -20.8999996 -9 14.9040899 -20.8091545 -9 13.6810246 -20.9738197 -8.96126747 13 -20.9781837 -8.96234894 13.6808577 -20.965498 -8.97071075 13.6810246 -20.9738197 -8.96126747 13.6808577 -20.965498 -8.97071075 14.3628454 -20.9650688 -8.89999962 13.6811571 -20.9804382 -8.95161057 14.3628454 -20.9650688 -8.89999962 13 -21 -8.89999962 13.6811571 -20.9804382 -8.95161057 13 -21 -8.89999962 13 -20.9974937 -8.9222517 13.6811571 -20.9804382 -8.95161057 13 -20.9974937 -8.9222517 13 -20.990097 -8.94338799 13.6811571 -20.9804382 -8.95161057 13 -20.990097 -8.94338799 13 -20.9781837 -8.96234894 13.6811571 -20.9804382 -8.95161057 13 -20.9781837 -8.96234894 13.6810246 -20.9738197 -8.96126747 13.6811571 -20.9804382 -8.95161057 13.6810246 -20.9738197 -8.96126747 14.3628454 -20.9650688 -8.89999962 14.637557 -20.9118538 -8.97071075 13.6808577 -20.965498 -8.97071075 14.9040899 -20.8091545 -9 14.637557 -20.9118538 -8.97071075 14.3628454 -20.9650688 -8.89999962 13.6808577 -20.965498 -8.97071075 15.3107872 -20.8156605 -8.97071075 15.7125235 -20.7595921 -8.89999962 14.3628454 -20.9650688 -8.89999962 15.3107872 -20.8156605 -8.97071075 14.9040899 -20.8091545 -9 16.1452942 -20.5350266 -9 15.3107872 -20.8156605 -8.97071075 14.637557 -20.9118538 -8.97071075 14.9040899 -20.8091545 -9 15.3107872 -20.8156605 -8.97071075 14.3628454 -20.9650688 -8.89999962 14.637557 -20.9118538 -8.97071075 15.9366436 -20.6708965 -8.97071075 15.7125235 -20.7595921 -8.89999962 15.3107872 -20.8156605 -8.97071075 15.9366436 -20.6708965 -8.97071075 15.3107872 -20.8156605 -8.97071075 16.1452942 -20.5350266 -9 16.6238384 -20.4395142 -8.97071075 17.07934 -20.2715969 -8.89999962 15.7125235 -20.7595921 -8.89999962 16.6238384 -20.4395142 -8.97071075 16.1452942 -20.5350266 -9 17.3390331 -20.0256271 -9 16.6238384 -20.4395142 -8.97071075 15.9366436 -20.6708965 -8.97071075 16.1452942 -20.5350266 -9 16.6238384 -20.4395142 -8.97071075 15.7125235 -20.7595921 -8.89999962 15.9366436 -20.6708965 -8.97071075 17.2208748 -20.1683578 -8.97071075 17.07934 -20.2715969 -8.89999962 16.6238384 -20.4395142 -8.97071075 17.2208748 -20.1683578 -8.97071075 16.6238384 -20.4395142 -8.97071075 17.3390331 -20.0256271 -9 17.8428917 -19.8052921 -8.97071075 18.3088627 -19.5072536 -8.89999962 17.07934 -20.2715969 -8.89999962 17.8428917 -19.8052921 -8.97071075 17.3390331 -20.0256271 -9 18.5231838 -19.2013702 -9 17.8428917 -19.8052921 -8.97071075 17.07934 -20.2715969 -8.89999962 17.2208748 -20.1683578 -8.97071075 17.8428917 -19.8052921 -8.97071075 17.2208748 -20.1683578 -8.97071075 17.3390331 -20.0256271 -9 18.431757 -19.3712521 -8.97071075 17.8428917 -19.8052921 -8.97071075 18.5231838 -19.2013702 -9 18.431757 -19.3712521 -8.97071075 18.3088627 -19.5072536 -8.89999962 17.8428917 -19.8052921 -8.97071075 18.9195251 -18.9289513 -8.97071075 19.26647 -18.6009407 -8.89999962 18.3088627 -19.5072536 -8.89999962 18.9195251 -18.9289513 -8.97071075 18.5231838 -19.2013702 -9 19.5055313 -18.1467972 -9 18.9195251 -18.9289513 -8.97071075 18.431757 -19.3712521 -8.97071075 18.5231838 -19.2013702 -9 18.9195251 -18.9289513 -8.97071075 18.3088627 -19.5072536 -8.89999962 18.431757 -19.3712521 -8.97071075 19.4067745 -18.388546 -8.97071075 18.9195251 -18.9289513 -8.97071075 19.5055313 -18.1467972 -9 19.4067745 -18.388546 -8.97071075 19.26647 -18.6009407 -8.89999962 18.9195251 -18.9289513 -8.97071075 19.4067745 -18.388546 -8.97071075 19.5055313 -18.1467972 -9 19.9170494 -17.6670418 -8.97071075 19.4067745 -18.388546 -8.97071075 19.9170494 -17.6670418 -8.97071075 19.26647 -18.6009407 -8.89999962 20.1610146 -17.2352161 -8.97071075 19.9170494 -17.6670418 -8.97071075 20.1825752 -17.0338764 -9 20.1610146 -17.2352161 -8.97071075 20.096323 -17.4180241 -8.89999962 19.9170494 -17.6670418 -8.97071075 20.4339581 -16.6380463 -8.97071075 20.096323 -17.4180241 -8.89999962 20.1610146 -17.2352161 -8.97071075 20.4339581 -16.6380463 -8.97071075 20.1610146 -17.2352161 -8.97071075 20.1825752 -17.0338764 -9 20.4339581 -16.6380463 -8.97071075 20.6197662 -16.2086372 -8.89999962 20.096323 -17.4180241 -8.89999962 20.4339581 -16.6380463 -8.97071075 20.1825752 -17.0338764 -9 20.6638851 -15.6833401 -9 20.666729 -15.9515743 -8.97071075 20.6197662 -16.2086372 -8.89999962 20.4339581 -16.6380463 -8.97071075 20.666729 -15.9515743 -8.97071075 20.4339581 -16.6380463 -8.97071075 20.6638851 -15.6833401 -9 20.8146267 -15.3174925 -8.97071075 20.666729 -15.9515743 -8.97071075 20.6638851 -15.6833401 -9 20.8146267 -15.3174925 -8.97071075 20.905735 -14.9366493 -8.89999962 20.6197662 -16.2086372 -8.89999962 20.8146267 -15.3174925 -8.97071075 20.6638851 -15.6833401 -9 20.8658123 -14.3487749 -9 20.8146267 -15.3174925 -8.97071075 20.6197662 -16.2086372 -8.89999962 20.666729 -15.9515743 -8.97071075 20.9112453 -14.6435289 -8.97071075 20.905735 -14.9366493 -8.89999962 20.8146267 -15.3174925 -8.97071075 20.9112453 -14.6435289 -8.97071075 20.8146267 -15.3174925 -8.97071075 20.8658123 -14.3487749 -9 20.9465008 -13.6763906 -8.98565292 20.943388 -13 -8.99009705 20.9623489 -13 -8.97818279 20.9465008 -13.6763906 -8.98565292 20.9222527 -13 -8.99749279 20.943388 -13 -8.99009705 20.9465008 -13.6763906 -8.98565292 20.8999996 -13 -9 20.9222527 -13 -8.99749279 20.9465008 -13.6763906 -8.98565292 20.8658123 -14.3487749 -9 20.8999996 -13 -9 20.9561558 -13.6765814 -8.97903347 20.8658123 -14.3487749 -9 20.9465008 -13.6763906 -8.98565292 20.9561558 -13.6765814 -8.97903347 20.9465008 -13.6763906 -8.98565292 20.9623489 -13 -8.97818279 20.9655991 -13.6767683 -8.97071075 20.9974937 -13 -8.9222517 21 -13 -8.89999962 20.9655991 -13.6767683 -8.97071075 20.990097 -13 -8.94338799 20.9974937 -13 -8.9222517 20.9655991 -13.6767683 -8.97071075 20.9781837 -13 -8.96234894 20.990097 -13 -8.94338799 20.9655991 -13.6767683 -8.97071075 20.9623489 -13 -8.97818279 20.9781837 -13 -8.96234894 20.9655991 -13.6767683 -8.97071075 21 -13 -8.89999962 20.905735 -14.9366493 -8.89999962 20.9655991 -13.6767683 -8.97071075 20.905735 -14.9366493 -8.89999962 20.9112453 -14.6435289 -8.97071075 20.9655991 -13.6767683 -8.97071075 20.9112453 -14.6435289 -8.97071075 20.8658123 -14.3487749 -9 20.9655991 -13.6767683 -8.97071075 20.8658123 -14.3487749 -9 20.9561558 -13.6765814 -8.97903347 20.9655991 -13.6767683 -8.97071075 20.9561558 -13.6765814 -8.97903347 20.9623489 -13 -8.97818279 13 -20.9974937 -8.9222517 13 -21 -8.89999962 -13 -21 -8.89999962 13 -20.9974937 -8.9222517 -13 -21 -8.89999962 -13 -20.9974937 -8.9222517 13 -20.990097 -8.94338799 -13 -20.9974937 -8.9222517 -13 -20.990097 -8.94338799 13 -20.990097 -8.94338799 13 -20.9974937 -8.9222517 -13 -20.9974937 -8.9222517 13 -20.9781837 -8.96234894 -13 -20.990097 -8.94338799 -13 -20.9781837 -8.96234894 13 -20.9781837 -8.96234894 13 -20.990097 -8.94338799 -13 -20.990097 -8.94338799 13 -20.9623489 -8.97818279 -13 -20.9781837 -8.96234894 -13 -20.9623489 -8.97818279 13 -20.9623489 -8.97818279 13 -20.9781837 -8.96234894 -13 -20.9781837 -8.96234894 13 -20.943388 -8.99009705 -13 -20.9623489 -8.97818279 -13 -20.943388 -8.99009705 13 -20.943388 -8.99009705 -13 -20.943388 -8.99009705 -13 -20.9222527 -8.99749279 13 -20.943388 -8.99009705 13 -20.9623489 -8.97818279 -13 -20.9623489 -8.97818279 13 -20.9222527 -8.99749279 -13 -20.9222527 -8.99749279 -13 -20.8999996 -9 13 -20.9222527 -8.99749279 13 -20.943388 -8.99009705 -13 -20.9222527 -8.99749279 13 -20.8999996 -9 13 -20.9222527 -8.99749279 -13 -20.8999996 -9 -17.6670418 -19.9170494 -8.97071075 -18.1467972 -19.5055313 -9 -17.0338764 -20.1825752 -9 -17.6670418 -19.9170494 -8.97071075 -17.4180241 -20.096323 -8.89999962 -18.6009407 -19.26647 -8.89999962 -20.965498 -13.6808577 -8.97071075 -20.9781837 -13 -8.96234894 -20.9623489 -13 -8.97818279 -20.965498 -13.6808577 -8.97071075 -20.9623489 -13 -8.97818279 -20.943388 -13 -8.99009705 -20.965498 -13.6808577 -8.97071075 -20.943388 -13 -8.99009705 -20.9222527 -13 -8.99749279 -20.965498 -13.6808577 -8.97071075 -20.9222527 -13 -8.99749279 -20.8999996 -13 -9 -20.965498 -13.6808577 -8.97071075 -20.8999996 -13 -9 -20.8091545 -14.9040899 -9 -20.9738197 -13.6810246 -8.96126747 -20.9781837 -13 -8.96234894 -20.965498 -13.6808577 -8.97071075 -20.9738197 -13.6810246 -8.96126747 -20.965498 -13.6808577 -8.97071075 -20.9650688 -14.3628454 -8.89999962 -20.9804382 -13.6811571 -8.95161057 -21 -13 -8.89999962 -20.9974937 -13 -8.9222517 -20.9804382 -13.6811571 -8.95161057 -20.9974937 -13 -8.9222517 -20.990097 -13 -8.94338799 -20.9804382 -13.6811571 -8.95161057 -20.990097 -13 -8.94338799 -20.9781837 -13 -8.96234894 -20.9804382 -13.6811571 -8.95161057 -20.9650688 -14.3628454 -8.89999962 -21 -13 -8.89999962 -20.9804382 -13.6811571 -8.95161057 -20.9738197 -13.6810246 -8.96126747 -20.9650688 -14.3628454 -8.89999962 -20.9804382 -13.6811571 -8.95161057 -20.9781837 -13 -8.96234894 -20.9738197 -13.6810246 -8.96126747 -20.9118538 -14.637557 -8.97071075 -20.965498 -13.6808577 -8.97071075 -20.8091545 -14.9040899 -9 -20.9118538 -14.637557 -8.97071075 -20.9650688 -14.3628454 -8.89999962 -20.965498 -13.6808577 -8.97071075 -20.8156605 -15.3107872 -8.97071075 -20.8091545 -14.9040899 -9 -20.5350266 -16.1452942 -9 -20.8156605 -15.3107872 -8.97071075 -20.7595921 -15.7125235 -8.89999962 -20.9650688 -14.3628454 -8.89999962 -20.8156605 -15.3107872 -8.97071075 -20.9118538 -14.637557 -8.97071075 -20.8091545 -14.9040899 -9 -20.8156605 -15.3107872 -8.97071075 -20.9650688 -14.3628454 -8.89999962 -20.9118538 -14.637557 -8.97071075 -20.6708965 -15.9366436 -8.97071075 -20.8156605 -15.3107872 -8.97071075 -20.5350266 -16.1452942 -9 -20.6708965 -15.9366436 -8.97071075 -20.7595921 -15.7125235 -8.89999962 -20.8156605 -15.3107872 -8.97071075 -20.4395142 -16.6238384 -8.97071075 -20.5350266 -16.1452942 -9 -20.0256271 -17.3390331 -9 -20.4395142 -16.6238384 -8.97071075 -20.2715969 -17.07934 -8.89999962 -20.7595921 -15.7125235 -8.89999962 -20.4395142 -16.6238384 -8.97071075 -20.6708965 -15.9366436 -8.97071075 -20.5350266 -16.1452942 -9 -20.4395142 -16.6238384 -8.97071075 -20.7595921 -15.7125235 -8.89999962 -20.6708965 -15.9366436 -8.97071075 -20.1683578 -17.2208748 -8.97071075 -20.4395142 -16.6238384 -8.97071075 -20.0256271 -17.3390331 -9 -20.1683578 -17.2208748 -8.97071075 -20.2715969 -17.07934 -8.89999962 -20.4395142 -16.6238384 -8.97071075 -19.8052921 -17.8428917 -8.97071075 -20.0256271 -17.3390331 -9 -19.2013702 -18.5231838 -9 -19.8052921 -17.8428917 -8.97071075 -19.5072536 -18.3088627 -8.89999962 -20.2715969 -17.07934 -8.89999962 -19.8052921 -17.8428917 -8.97071075 -20.1683578 -17.2208748 -8.97071075 -20.0256271 -17.3390331 -9 -19.8052921 -17.8428917 -8.97071075 -20.2715969 -17.07934 -8.89999962 -20.1683578 -17.2208748 -8.97071075 -19.3712521 -18.431757 -8.97071075 -19.5072536 -18.3088627 -8.89999962 -19.8052921 -17.8428917 -8.97071075 -19.3712521 -18.431757 -8.97071075 -19.8052921 -17.8428917 -8.97071075 -19.2013702 -18.5231838 -9 -18.9289513 -18.9195251 -8.97071075 -19.2013702 -18.5231838 -9 -18.1467972 -19.5055313 -9 -18.9289513 -18.9195251 -8.97071075 -18.6009407 -19.26647 -8.89999962 -19.5072536 -18.3088627 -8.89999962 -18.9289513 -18.9195251 -8.97071075 -19.5072536 -18.3088627 -8.89999962 -19.3712521 -18.431757 -8.97071075 -18.9289513 -18.9195251 -8.97071075 -19.3712521 -18.431757 -8.97071075 -19.2013702 -18.5231838 -9 -18.388546 -19.4067745 -8.97071075 -17.6670418 -19.9170494 -8.97071075 -18.6009407 -19.26647 -8.89999962 -18.388546 -19.4067745 -8.97071075 -18.1467972 -19.5055313 -9 -17.6670418 -19.9170494 -8.97071075 -18.388546 -19.4067745 -8.97071075 -18.9289513 -18.9195251 -8.97071075 -18.1467972 -19.5055313 -9 -18.388546 -19.4067745 -8.97071075 -18.6009407 -19.26647 -8.89999962 -18.9289513 -18.9195251 -8.97071075 -17.2352161 -20.1610146 -8.97071075 -17.4180241 -20.096323 -8.89999962 -17.6670418 -19.9170494 -8.97071075 -17.2352161 -20.1610146 -8.97071075 -17.6670418 -19.9170494 -8.97071075 -17.0338764 -20.1825752 -9 -16.6380463 -20.4339581 -8.97071075 -17.4180241 -20.096323 -8.89999962 -17.2352161 -20.1610146 -8.97071075 -16.6380463 -20.4339581 -8.97071075 -17.2352161 -20.1610146 -8.97071075 -17.0338764 -20.1825752 -9 -16.6380463 -20.4339581 -8.97071075 -17.0338764 -20.1825752 -9 -15.6833401 -20.6638851 -9 -16.6380463 -20.4339581 -8.97071075 -16.2086372 -20.6197662 -8.89999962 -17.4180241 -20.096323 -8.89999962 -15.9515743 -20.666729 -8.97071075 -16.6380463 -20.4339581 -8.97071075 -15.6833401 -20.6638851 -9 -15.9515743 -20.666729 -8.97071075 -16.2086372 -20.6197662 -8.89999962 -16.6380463 -20.4339581 -8.97071075 -15.3174925 -20.8146267 -8.97071075 -15.9515743 -20.666729 -8.97071075 -15.6833401 -20.6638851 -9 -15.3174925 -20.8146267 -8.97071075 -16.2086372 -20.6197662 -8.89999962 -15.9515743 -20.666729 -8.97071075 -15.3174925 -20.8146267 -8.97071075 -15.6833401 -20.6638851 -9 -14.3487749 -20.8658123 -9 -15.3174925 -20.8146267 -8.97071075 -14.9366493 -20.905735 -8.89999962 -16.2086372 -20.6197662 -8.89999962 -14.6435289 -20.9112453 -8.97071075 -15.3174925 -20.8146267 -8.97071075 -14.3487749 -20.8658123 -9 -14.6435289 -20.9112453 -8.97071075 -14.9366493 -20.905735 -8.89999962 -15.3174925 -20.8146267 -8.97071075 -13.6763906 -20.9465008 -8.98565292 -14.3487749 -20.8658123 -9 -13 -20.8999996 -9 -13.6763906 -20.9465008 -8.98565292 -13 -20.943388 -8.99009705 -13 -20.9623489 -8.97818279 -13.6763906 -20.9465008 -8.98565292 -13 -20.9222527 -8.99749279 -13 -20.943388 -8.99009705 -13.6763906 -20.9465008 -8.98565292 -13 -20.8999996 -9 -13 -20.9222527 -8.99749279 -13.6765814 -20.9561558 -8.97903347 -13.6763906 -20.9465008 -8.98565292 -13 -20.9623489 -8.97818279 -13.6765814 -20.9561558 -8.97903347 -14.3487749 -20.8658123 -9 -13.6763906 -20.9465008 -8.98565292 -13.6767683 -20.9655991 -8.97071075 -14.6435289 -20.9112453 -8.97071075 -14.3487749 -20.8658123 -9 -13.6767683 -20.9655991 -8.97071075 -14.9366493 -20.905735 -8.89999962 -14.6435289 -20.9112453 -8.97071075 -13.6767683 -20.9655991 -8.97071075 -13.6765814 -20.9561558 -8.97903347 -13 -20.9623489 -8.97818279 -13.6767683 -20.9655991 -8.97071075 -13 -20.9974937 -8.9222517 -13 -21 -8.89999962 -13.6767683 -20.9655991 -8.97071075 -13 -20.990097 -8.94338799 -13 -20.9974937 -8.9222517 -13.6767683 -20.9655991 -8.97071075 -13 -20.9781837 -8.96234894 -13 -20.990097 -8.94338799 -13.6767683 -20.9655991 -8.97071075 -13 -20.9623489 -8.97818279 -13 -20.9781837 -8.96234894 -13.6767683 -20.9655991 -8.97071075 -13 -21 -8.89999962 -14.9366493 -20.905735 -8.89999962 -13.6767683 -20.9655991 -8.97071075 -14.3487749 -20.8658123 -9 -13.6765814 -20.9561558 -8.97903347 -21 -13 -8.89999962 -21 13 -8.89999962 -20.9974937 13 -8.9222517 -20.9974937 -13 -8.9222517 -20.9974937 13 -8.9222517 -20.990097 13 -8.94338799 -20.9974937 -13 -8.9222517 -21 -13 -8.89999962 -20.9974937 13 -8.9222517 -20.990097 -13 -8.94338799 -20.990097 13 -8.94338799 -20.9781837 13 -8.96234894 -20.990097 -13 -8.94338799 -20.9974937 -13 -8.9222517 -20.990097 13 -8.94338799 -20.9781837 -13 -8.96234894 -20.9781837 13 -8.96234894 -20.9623489 13 -8.97818279 -20.9781837 -13 -8.96234894 -20.990097 -13 -8.94338799 -20.9781837 13 -8.96234894 -20.9623489 -13 -8.97818279 -20.9623489 13 -8.97818279 -20.943388 13 -8.99009705 -20.9623489 -13 -8.97818279 -20.9781837 -13 -8.96234894 -20.9623489 13 -8.97818279 -20.943388 -13 -8.99009705 -20.943388 13 -8.99009705 -20.9222527 13 -8.99749279 -20.943388 -13 -8.99009705 -20.9623489 -13 -8.97818279 -20.943388 13 -8.99009705 -20.9222527 -13 -8.99749279 -20.9222527 13 -8.99749279 -20.8999996 13 -9 -20.9222527 -13 -8.99749279 -20.943388 -13 -8.99009705 -20.9222527 13 -8.99749279 -20.8999996 -13 -9 -20.9222527 -13 -8.99749279 -20.8999996 13 -9 -19.9170494 17.6670418 -8.97071075 -19.5055313 18.1467972 -9 -20.1825752 17.0338764 -9 -19.9170494 17.6670418 -8.97071075 -20.1012955 17.4090328 -8.89999962 -19.2731133 18.593317 -8.89999962 -13.6833944 20.9654465 -8.97071075 -13 20.9222527 -8.99749279 -13 20.8999996 -9 -13.6833944 20.9654465 -8.97071075 -13 20.943388 -8.99009705 -13 20.9222527 -8.99749279 -13.6833944 20.9654465 -8.97071075 -13 20.9623489 -8.97818279 -13 20.943388 -8.99009705 -13.6833944 20.9654465 -8.97071075 -13 20.9781837 -8.96234894 -13 20.9623489 -8.97818279 -13.6833944 20.9654465 -8.97071075 -13 20.8999996 -9 -14.9040899 20.8091545 -9 -13.6835623 20.9737682 -8.96126747 -13 20.9781837 -8.96234894 -13.6833944 20.9654465 -8.97071075 -13.6835623 20.9737682 -8.96126747 -13.6833944 20.9654465 -8.97071075 -14.3679123 20.9647026 -8.89999962 -13.6836958 20.9803867 -8.95161057 -13 20.990097 -8.94338799 -13 20.9781837 -8.96234894 -13.6836958 20.9803867 -8.95161057 -13 20.9974937 -8.9222517 -13 20.990097 -8.94338799 -13.6836958 20.9803867 -8.95161057 -13 21 -8.89999962 -13 20.9974937 -8.9222517 -13.6836958 20.9803867 -8.95161057 -14.3679123 20.9647026 -8.89999962 -13 21 -8.89999962 -13.6836958 20.9803867 -8.95161057 -13.6835623 20.9737682 -8.96126747 -14.3679123 20.9647026 -8.89999962 -13.6836958 20.9803867 -8.95161057 -13 20.9781837 -8.96234894 -13.6835623 20.9737682 -8.96126747 -14.6400757 20.9115963 -8.97071075 -13.6833944 20.9654465 -8.97071075 -14.9040899 20.8091545 -9 -14.6400757 20.9115963 -8.97071075 -14.3679123 20.9647026 -8.89999962 -13.6833944 20.9654465 -8.97071075 -15.3157768 20.8147297 -8.97071075 -14.9040899 20.8091545 -9 -16.1452942 20.5350266 -9 -15.3157768 20.8147297 -8.97071075 -15.7224779 20.7571659 -8.89999962 -14.3679123 20.9647026 -8.89999962 -15.3157768 20.8147297 -8.97071075 -14.6400757 20.9115963 -8.97071075 -14.9040899 20.8091545 -9 -15.3157768 20.8147297 -8.97071075 -14.3679123 20.9647026 -8.89999962 -14.6400757 20.9115963 -8.97071075 -15.9415798 20.6695175 -8.97071075 -15.3157768 20.8147297 -8.97071075 -16.1452942 20.5350266 -9 -15.9415798 20.6695175 -8.97071075 -15.7224779 20.7571659 -8.89999962 -15.3157768 20.8147297 -8.97071075 -16.6286793 20.4375916 -8.97071075 -16.1452942 20.5350266 -9 -17.3390331 20.0256271 -9 -16.6286793 20.4375916 -8.97071075 -17.0886784 20.2670841 -8.89999962 -15.7224779 20.7571659 -8.89999962 -16.6286793 20.4375916 -8.97071075 -15.9415798 20.6695175 -8.97071075 -16.1452942 20.5350266 -9 -16.6286793 20.4375916 -8.97071075 -15.7224779 20.7571659 -8.89999962 -15.9415798 20.6695175 -8.97071075 -17.2254601 20.1659985 -8.97071075 -17.0886784 20.2670841 -8.89999962 -16.6286793 20.4375916 -8.97071075 -17.2254601 20.1659985 -8.97071075 -16.6286793 20.4375916 -8.97071075 -17.3390331 20.0256271 -9 -17.8471928 19.8024616 -8.97071075 -17.3390331 20.0256271 -9 -18.5231838 19.2013702 -9 -17.8471928 19.8024616 -8.97071075 -18.3170853 19.5008316 -8.89999962 -17.0886784 20.2670841 -8.89999962 -17.8471928 19.8024616 -8.97071075 -17.0886784 20.2670841 -8.89999962 -17.2254601 20.1659985 -8.97071075 -17.8471928 19.8024616 -8.97071075 -17.2254601 20.1659985 -8.97071075 -17.3390331 20.0256271 -9 -18.4357662 19.3679504 -8.97071075 -17.8471928 19.8024616 -8.97071075 -18.5231838 19.2013702 -9 -18.4357662 19.3679504 -8.97071075 -18.3170853 19.5008316 -8.89999962 -17.8471928 19.8024616 -8.97071075 -18.9230957 18.9253864 -8.97071075 -18.5231838 19.2013702 -9 -19.5055313 18.1467972 -9 -18.9230957 18.9253864 -8.97071075 -19.2731133 18.593317 -8.89999962 -18.3170853 19.5008316 -8.89999962 -18.9230957 18.9253864 -8.97071075 -18.3170853 19.5008316 -8.89999962 -18.4357662 19.3679504 -8.97071075 -18.9230957 18.9253864 -8.97071075 -18.4357662 19.3679504 -8.97071075 -18.5231838 19.2013702 -9 -19.4099426 18.3846302 -8.97071075 -19.5055313 18.1467972 -9 -19.9170494 17.6670418 -8.97071075 -19.4099426 18.3846302 -8.97071075 -19.2731133 18.593317 -8.89999962 -18.9230957 18.9253864 -8.97071075 -19.4099426 18.3846302 -8.97071075 -19.9170494 17.6670418 -8.97071075 -19.2731133 18.593317 -8.89999962 -19.4099426 18.3846302 -8.97071075 -18.9230957 18.9253864 -8.97071075 -19.5055313 18.1467972 -9 -20.1633568 17.2306862 -8.97071075 -19.9170494 17.6670418 -8.97071075 -20.1825752 17.0338764 -9 -20.1633568 17.2306862 -8.97071075 -20.1012955 17.4090328 -8.89999962 -19.9170494 17.6670418 -8.97071075 -20.4339581 16.6380463 -8.97071075 -20.1012955 17.4090328 -8.89999962 -20.1633568 17.2306862 -8.97071075 -20.4339581 16.6380463 -8.97071075 -20.1633568 17.2306862 -8.97071075 -20.1825752 17.0338764 -9 -20.4339581 16.6380463 -8.97071075 -20.1825752 17.0338764 -9 -20.6638851 15.6833401 -9 -20.4339581 16.6380463 -8.97071075 -20.6197662 16.2086372 -8.89999962 -20.1012955 17.4090328 -8.89999962 -20.666729 15.9515743 -8.97071075 -20.4339581 16.6380463 -8.97071075 -20.6638851 15.6833401 -9 -20.666729 15.9515743 -8.97071075 -20.6197662 16.2086372 -8.89999962 -20.4339581 16.6380463 -8.97071075 -20.8146267 15.3174925 -8.97071075 -20.666729 15.9515743 -8.97071075 -20.6638851 15.6833401 -9 -20.8146267 15.3174925 -8.97071075 -20.6197662 16.2086372 -8.89999962 -20.666729 15.9515743 -8.97071075 -20.8146267 15.3174925 -8.97071075 -20.6638851 15.6833401 -9 -20.8658123 14.3487749 -9 -20.8146267 15.3174925 -8.97071075 -20.905735 14.9366493 -8.89999962 -20.6197662 16.2086372 -8.89999962 -20.9112453 14.6435289 -8.97071075 -20.8146267 15.3174925 -8.97071075 -20.8658123 14.3487749 -9 -20.9112453 14.6435289 -8.97071075 -20.905735 14.9366493 -8.89999962 -20.8146267 15.3174925 -8.97071075 -20.9465008 13.6763906 -8.98565292 -20.8658123 14.3487749 -9 -20.8999996 13 -9 -20.9465008 13.6763906 -8.98565292 -20.943388 13 -8.99009705 -20.9623489 13 -8.97818279 -20.9465008 13.6763906 -8.98565292 -20.9222527 13 -8.99749279 -20.943388 13 -8.99009705 -20.9465008 13.6763906 -8.98565292 -20.8999996 13 -9 -20.9222527 13 -8.99749279 -20.9561558 13.6765814 -8.97903347 -20.9465008 13.6763906 -8.98565292 -20.9623489 13 -8.97818279 -20.9561558 13.6765814 -8.97903347 -20.8658123 14.3487749 -9 -20.9465008 13.6763906 -8.98565292 -20.9655991 13.6767683 -8.97071075 -20.9112453 14.6435289 -8.97071075 -20.8658123 14.3487749 -9 -20.9655991 13.6767683 -8.97071075 -20.905735 14.9366493 -8.89999962 -20.9112453 14.6435289 -8.97071075 -20.9655991 13.6767683 -8.97071075 -20.9974937 13 -8.9222517 -21 13 -8.89999962 -20.9655991 13.6767683 -8.97071075 -20.990097 13 -8.94338799 -20.9974937 13 -8.9222517 -20.9655991 13.6767683 -8.97071075 -20.9781837 13 -8.96234894 -20.990097 13 -8.94338799 -20.9655991 13.6767683 -8.97071075 -20.9623489 13 -8.97818279 -20.9781837 13 -8.96234894 -20.9655991 13.6767683 -8.97071075 -21 13 -8.89999962 -20.905735 14.9366493 -8.89999962 -20.9655991 13.6767683 -8.97071075 -20.8658123 14.3487749 -9 -20.9561558 13.6765814 -8.97903347 -20.9655991 13.6767683 -8.97071075 -20.9561558 13.6765814 -8.97903347 -20.9623489 13 -8.97818279 -13 20 -8.13151629e-17 -14.2494392 19.9706974 -0.870000005 -13 20 -0.870000005 -13 20 -8.13151629e-17 -14.2494392 19.9706974 -1.08375152e-16 -14.2494392 19.9706974 -0.870000005 -14.2494392 19.9706974 -1.08375152e-16 -15.4807806 19.7868423 -0.870000005 -14.2494392 19.9706974 -0.870000005 -14.2494392 19.9706974 -1.08375152e-16 -15.4807806 19.7868423 -1.08420217e-16 -15.4807806 19.7868423 -0.870000005 -15.4807806 19.7868423 -1.08420217e-16 -16.5221329 19.4283524 -0.870000005 -15.4807806 19.7868423 -0.870000005 -15.4807806 19.7868423 -1.08420217e-16 -16.5221329 19.4283524 -1.08420217e-16 -16.5221329 19.4283524 -0.870000005 -16.5221329 19.4283524 -0.870000005 -17.4725819 18.8828392 -1.08420217e-16 -17.4725819 18.8828392 -0.870000005 -16.5221329 19.4283524 -1.08420217e-16 -17.4725819 18.8828392 -1.08420217e-16 -16.5221329 19.4283524 -0.870000005 -17.4725819 18.8828392 -0.870000005 -18.3917465 18.0780697 -1.08420217e-16 -18.3917465 18.0780697 -0.870000005 -17.4725819 18.8828392 -1.08420217e-16 -18.3917465 18.0780697 -1.08420217e-16 -17.4725819 18.8828392 -0.870000005 -18.3917465 18.0780697 -1.08420217e-16 -19.1841393 16.9999599 -0.870000005 -18.3917465 18.0780697 -0.870000005 -18.3917465 18.0780697 -1.08420217e-16 -19.1841393 16.9999599 -1.08420217e-16 -19.1841393 16.9999599 -0.870000005 -19.1841393 16.9999599 -0.870000005 -19.6915302 15.8271236 -1.08420217e-16 -19.6915302 15.8271236 -0.870000005 -19.1841393 16.9999599 -1.08420217e-16 -19.6915302 15.8271236 -1.08420217e-16 -19.1841393 16.9999599 -0.870000005 -19.6915302 15.8271236 -0.870000005 -19.9013329 14.8962259 -1.08420217e-16 -19.9013329 14.8962259 -0.870000005 -19.6915302 15.8271236 -1.08420217e-16 -19.9013329 14.8962259 -1.08420217e-16 -19.6915302 15.8271236 -0.870000005 -19.9013329 14.8962259 -0.870000005 -20 13 0 -20 13 -0.870000005 -19.9013329 14.8962259 -1.08420217e-16 -20 13 0 -19.9013329 14.8962259 -0.870000005 -20 13 -0.870000005 -20 13 0 -20 -13 -0.870000005 -20 -13 -0.870000005 -20 13 0 -20 -13 0 -20 -13 0 -19.9706974 -14.2494392 -0.870000005 -20 -13 -0.870000005 -20 -13 0 -19.9706974 -14.2494392 0 -19.9706974 -14.2494392 -0.870000005 -19.9706974 -14.2494392 0 -19.7868423 -15.4807806 -0.870000005 -19.9706974 -14.2494392 -0.870000005 -19.9706974 -14.2494392 0 -19.7868423 -15.4807806 0 -19.7868423 -15.4807806 -0.870000005 -19.7868423 -15.4807806 0 -19.4283524 -16.5221329 -0.870000005 -19.7868423 -15.4807806 -0.870000005 -19.7868423 -15.4807806 0 -19.4283524 -16.5221329 0 -19.4283524 -16.5221329 -0.870000005 -19.4283524 -16.5221329 0 -18.8828392 -17.4725819 -0.870000005 -19.4283524 -16.5221329 -0.870000005 -19.4283524 -16.5221329 0 -18.8828392 -17.4725819 0 -18.8828392 -17.4725819 -0.870000005 -18.8828392 -17.4725819 -0.870000005 -18.0780697 -18.3917465 0 -18.0780697 -18.3917465 -0.870000005 -18.8828392 -17.4725819 0 -18.0780697 -18.3917465 0 -18.8828392 -17.4725819 -0.870000005 -18.0780697 -18.3917465 -0.870000005 -16.9999599 -19.1841393 0 -16.9999599 -19.1841393 -0.870000005 -18.0780697 -18.3917465 0 -16.9999599 -19.1841393 0 -18.0780697 -18.3917465 -0.870000005 -16.9999599 -19.1841393 -0.870000005 -15.8271236 -19.6915302 0 -15.8271236 -19.6915302 -0.870000005 -16.9999599 -19.1841393 0 -15.8271236 -19.6915302 0 -16.9999599 -19.1841393 -0.870000005 -15.8271236 -19.6915302 -0.870000005 -14.8962259 -19.9013329 0 -14.8962259 -19.9013329 -0.870000005 -15.8271236 -19.6915302 0 -14.8962259 -19.9013329 0 -15.8271236 -19.6915302 -0.870000005 -14.8962259 -19.9013329 0 -13 -20 -0.870000005 -14.8962259 -19.9013329 -0.870000005 -14.8962259 -19.9013329 0 -13 -20 0 -13 -20 -0.870000005 13 -20 -8.13151629e-17 13 -20 -0.870000005 -13 -20 0 -13 -20 0 13 -20 -0.870000005 -13 -20 -0.870000005 13 -20 -8.13151629e-17 14.2494392 -19.9706974 -1.08375152e-16 13 -20 -0.870000005 13 -20 -0.870000005 14.2494392 -19.9706974 -1.08375152e-16 14.2494392 -19.9706974 -0.870000005 14.2494392 -19.9706974 -0.870000005 15.4807806 -19.7868423 -1.08420217e-16 15.4807806 -19.7868423 -0.870000005 14.2494392 -19.9706974 -1.08375152e-16 15.4807806 -19.7868423 -1.08420217e-16 14.2494392 -19.9706974 -0.870000005 15.4807806 -19.7868423 -0.870000005 16.5221329 -19.4283524 -1.08420217e-16 16.5221329 -19.4283524 -0.870000005 15.4807806 -19.7868423 -1.08420217e-16 16.5221329 -19.4283524 -1.08420217e-16 15.4807806 -19.7868423 -0.870000005 16.5221329 -19.4283524 -0.870000005 17.4725819 -18.8828392 -1.08420217e-16 17.4725819 -18.8828392 -0.870000005 16.5221329 -19.4283524 -1.08420217e-16 17.4725819 -18.8828392 -1.08420217e-16 16.5221329 -19.4283524 -0.870000005 17.4725819 -18.8828392 -0.870000005 18.3917465 -18.0780697 -1.08420217e-16 18.3917465 -18.0780697 -0.870000005 17.4725819 -18.8828392 -1.08420217e-16 18.3917465 -18.0780697 -1.08420217e-16 17.4725819 -18.8828392 -0.870000005 18.3917465 -18.0780697 -0.870000005 19.1841393 -16.9999599 -1.08420217e-16 19.1841393 -16.9999599 -0.870000005 18.3917465 -18.0780697 -1.08420217e-16 19.1841393 -16.9999599 -1.08420217e-16 18.3917465 -18.0780697 -0.870000005 19.1841393 -16.9999599 -0.870000005 19.6915302 -15.8271236 -1.08420217e-16 19.6915302 -15.8271236 -0.870000005 19.1841393 -16.9999599 -1.08420217e-16 19.6915302 -15.8271236 -1.08420217e-16 19.1841393 -16.9999599 -0.870000005 19.6915302 -15.8271236 -0.870000005 19.9013329 -14.8962259 -1.08420217e-16 19.9013329 -14.8962259 -0.870000005 19.6915302 -15.8271236 -1.08420217e-16 19.9013329 -14.8962259 -1.08420217e-16 19.6915302 -15.8271236 -0.870000005 19.9013329 -14.8962259 -0.870000005 20 -13 0 20 -13 -0.870000005 19.9013329 -14.8962259 -1.08420217e-16 20 -13 0 19.9013329 -14.8962259 -0.870000005 20 13 -2.43945489e-16 20 13 -0.870000005 20 -13 0 20 -13 0 20 13 -0.870000005 20 -13 -0.870000005 20 13 -2.43945489e-16 19.9706974 14.2494392 -3.25125471e-16 20 13 -0.870000005 20 13 -0.870000005 19.9706974 14.2494392 -3.25125471e-16 19.9706974 14.2494392 -0.870000005 19.9706974 14.2494392 -3.25125471e-16 19.7868423 15.4807806 -0.870000005 19.9706974 14.2494392 -0.870000005 19.9706974 14.2494392 -3.25125471e-16 19.7868423 15.4807806 -3.25260652e-16 19.7868423 15.4807806 -0.870000005 19.7868423 15.4807806 -3.25260652e-16 19.4283524 16.5221329 -0.870000005 19.7868423 15.4807806 -0.870000005 19.7868423 15.4807806 -3.25260652e-16 19.4283524 16.5221329 -3.25260652e-16 19.4283524 16.5221329 -0.870000005 19.4283524 16.5221329 -0.870000005 18.8828392 17.4725819 -3.25260652e-16 18.8828392 17.4725819 -0.870000005 19.4283524 16.5221329 -3.25260652e-16 18.8828392 17.4725819 -3.25260652e-16 19.4283524 16.5221329 -0.870000005 18.8828392 17.4725819 -0.870000005 18.0780697 18.3917465 -3.25260652e-16 18.0780697 18.3917465 -0.870000005 18.8828392 17.4725819 -3.25260652e-16 18.0780697 18.3917465 -3.25260652e-16 18.8828392 17.4725819 -0.870000005 18.0780697 18.3917465 -0.870000005 16.9999599 19.1841393 -3.25260652e-16 16.9999599 19.1841393 -0.870000005 18.0780697 18.3917465 -3.25260652e-16 16.9999599 19.1841393 -3.25260652e-16 18.0780697 18.3917465 -0.870000005 16.9999599 19.1841393 -0.870000005 15.8271236 19.6915302 -3.25260652e-16 15.8271236 19.6915302 -0.870000005 16.9999599 19.1841393 -3.25260652e-16 15.8271236 19.6915302 -3.25260652e-16 16.9999599 19.1841393 -0.870000005 15.8271236 19.6915302 -0.870000005 14.8962259 19.9013329 -3.25260652e-16 14.8962259 19.9013329 -0.870000005 15.8271236 19.6915302 -3.25260652e-16 14.8962259 19.9013329 -3.25260652e-16 15.8271236 19.6915302 -0.870000005 14.8962259 19.9013329 -0.870000005 13 20 0 13 20 -0.870000005 14.8962259 19.9013329 -3.25260652e-16 13 20 0 14.8962259 19.9013329 -0.870000005 13 20 -0.870000005 13 20 0 -13 20 -0.870000005 -13 20 -0.870000005 13 20 0 -13 20 -8.13151629e-17 13 21 -0.100000001 -13 21 -8.89999962 -13 21 -0.100000001 13 21 -0.100000001 13 21 -8.89999962 -13 21 -8.89999962 21 13 -0.100000001 21 13 -8.89999962 20.9650688 14.3628454 -8.89999962 20.9621525 14.4036503 -0.100000001 20.9650688 14.3628454 -8.89999962 20.7595921 15.7125235 -8.89999962 20.9621525 14.4036503 -0.100000001 21 13 -0.100000001 20.9650688 14.3628454 -8.89999962 20.734602 15.812685 -0.100000001 20.7595921 15.7125235 -8.89999962 20.2715969 17.07934 -8.89999962 20.734602 15.812685 -0.100000001 20.9621525 14.4036503 -0.100000001 20.7595921 15.7125235 -8.89999962 20.2370663 17.1498642 -0.100000001 20.2715969 17.07934 -8.89999962 19.5072536 18.3088627 -8.89999962 20.2370663 17.1498642 -0.100000001 20.734602 15.812685 -0.100000001 20.2715969 17.07934 -8.89999962 19.4597626 18.3690701 -0.100000001 19.5072536 18.3088627 -8.89999962 18.6009407 19.26647 -8.89999962 19.4597626 18.3690701 -0.100000001 20.2370663 17.1498642 -0.100000001 19.5072536 18.3088627 -8.89999962 18.4332962 19.4078827 -0.100000001 18.6009407 19.26647 -8.89999962 17.4180241 20.096323 -8.89999962 18.4332962 19.4078827 -0.100000001 19.4597626 18.3690701 -0.100000001 18.6009407 19.26647 -8.89999962 17.3409805 20.1383095 -0.100000001 17.4180241 20.096323 -8.89999962 16.2086372 20.6197662 -8.89999962 17.3409805 20.1383095 -0.100000001 18.4332962 19.4078827 -0.100000001 17.4180241 20.096323 -8.89999962 16.1064892 20.651823 -0.100000001 16.2086372 20.6197662 -8.89999962 14.9366493 20.905735 -8.89999962 16.1064892 20.651823 -0.100000001 17.3409805 20.1383095 -0.100000001 16.2086372 20.6197662 -8.89999962 14.8639288 20.9153671 -0.100000001 14.9366493 20.905735 -8.89999962 13 21 -8.89999962 14.8639288 20.9153671 -0.100000001 16.1064892 20.651823 -0.100000001 14.9366493 20.905735 -8.89999962 13 21 -0.100000001 14.8639288 20.9153671 -0.100000001 13 21 -8.89999962 21 13 -8.89999962 21 13 -0.100000001 21 -13 -0.100000001 21 13 -8.89999962 21 -13 -0.100000001 21 -13 -8.89999962 13 -21 -0.100000001 13 -21 -8.89999962 14.3628454 -20.9650688 -8.89999962 14.4036503 -20.9621525 -0.100000001 14.3628454 -20.9650688 -8.89999962 15.7125235 -20.7595921 -8.89999962 14.4036503 -20.9621525 -0.100000001 13 -21 -0.100000001 14.3628454 -20.9650688 -8.89999962 15.812685 -20.734602 -0.100000001 15.7125235 -20.7595921 -8.89999962 17.07934 -20.2715969 -8.89999962 15.812685 -20.734602 -0.100000001 14.4036503 -20.9621525 -0.100000001 15.7125235 -20.7595921 -8.89999962 17.1498642 -20.2370663 -0.100000001 17.07934 -20.2715969 -8.89999962 18.3088627 -19.5072536 -8.89999962 17.1498642 -20.2370663 -0.100000001 15.812685 -20.734602 -0.100000001 17.07934 -20.2715969 -8.89999962 18.3690701 -19.4597626 -0.100000001 18.3088627 -19.5072536 -8.89999962 19.26647 -18.6009407 -8.89999962 18.3690701 -19.4597626 -0.100000001 17.1498642 -20.2370663 -0.100000001 18.3088627 -19.5072536 -8.89999962 19.4078827 -18.4332962 -0.100000001 19.26647 -18.6009407 -8.89999962 20.096323 -17.4180241 -8.89999962 19.4078827 -18.4332962 -0.100000001 18.3690701 -19.4597626 -0.100000001 19.26647 -18.6009407 -8.89999962 20.1383095 -17.3409805 -0.100000001 20.096323 -17.4180241 -8.89999962 20.6197662 -16.2086372 -8.89999962 20.1383095 -17.3409805 -0.100000001 19.4078827 -18.4332962 -0.100000001 20.096323 -17.4180241 -8.89999962 20.651823 -16.1064892 -0.100000001 20.6197662 -16.2086372 -8.89999962 20.905735 -14.9366493 -8.89999962 20.651823 -16.1064892 -0.100000001 20.1383095 -17.3409805 -0.100000001 20.6197662 -16.2086372 -8.89999962 20.9153671 -14.8639288 -0.100000001 20.905735 -14.9366493 -8.89999962 21 -13 -8.89999962 20.9153671 -14.8639288 -0.100000001 20.651823 -16.1064892 -0.100000001 20.905735 -14.9366493 -8.89999962 21 -13 -0.100000001 20.9153671 -14.8639288 -0.100000001 21 -13 -8.89999962 13 -21 -8.89999962 13 -21 -0.100000001 -13 -21 -0.100000001 13 -21 -8.89999962 -13 -21 -0.100000001 -13 -21 -8.89999962 -21 -13 -0.100000001 -21 -13 -8.89999962 -20.9650688 -14.3628454 -8.89999962 -20.9621525 -14.4036503 -0.100000001 -20.9650688 -14.3628454 -8.89999962 -20.7595921 -15.7125235 -8.89999962 -20.9621525 -14.4036503 -0.100000001 -21 -13 -0.100000001 -20.9650688 -14.3628454 -8.89999962 -20.734602 -15.812685 -0.100000001 -20.7595921 -15.7125235 -8.89999962 -20.2715969 -17.07934 -8.89999962 -20.734602 -15.812685 -0.100000001 -20.9621525 -14.4036503 -0.100000001 -20.7595921 -15.7125235 -8.89999962 -20.2370663 -17.1498642 -0.100000001 -20.2715969 -17.07934 -8.89999962 -19.5072536 -18.3088627 -8.89999962 -20.2370663 -17.1498642 -0.100000001 -20.734602 -15.812685 -0.100000001 -20.2715969 -17.07934 -8.89999962 -19.4597626 -18.3690701 -0.100000001 -19.5072536 -18.3088627 -8.89999962 -18.6009407 -19.26647 -8.89999962 -19.4597626 -18.3690701 -0.100000001 -20.2370663 -17.1498642 -0.100000001 -19.5072536 -18.3088627 -8.89999962 -18.4332962 -19.4078827 -0.100000001 -18.6009407 -19.26647 -8.89999962 -17.4180241 -20.096323 -8.89999962 -18.4332962 -19.4078827 -0.100000001 -19.4597626 -18.3690701 -0.100000001 -18.6009407 -19.26647 -8.89999962 -17.3409805 -20.1383095 -0.100000001 -17.4180241 -20.096323 -8.89999962 -16.2086372 -20.6197662 -8.89999962 -17.3409805 -20.1383095 -0.100000001 -18.4332962 -19.4078827 -0.100000001 -17.4180241 -20.096323 -8.89999962 -16.1064892 -20.651823 -0.100000001 -16.2086372 -20.6197662 -8.89999962 -14.9366493 -20.905735 -8.89999962 -16.1064892 -20.651823 -0.100000001 -17.3409805 -20.1383095 -0.100000001 -16.2086372 -20.6197662 -8.89999962 -14.8639288 -20.9153671 -0.100000001 -14.9366493 -20.905735 -8.89999962 -13 -21 -8.89999962 -14.8639288 -20.9153671 -0.100000001 -16.1064892 -20.651823 -0.100000001 -14.9366493 -20.905735 -8.89999962 -13 -21 -0.100000001 -14.8639288 -20.9153671 -0.100000001 -13 -21 -8.89999962 -21 13 -0.100000001 -21 -13 -8.89999962 -21 -13 -0.100000001 -21 13 -0.100000001 -21 13 -8.89999962 -21 -13 -8.89999962 -13 21 -0.100000001 -13 21 -8.89999962 -14.3679123 20.9647026 -8.89999962 -14.4036503 20.9621525 -0.100000001 -14.3679123 20.9647026 -8.89999962 -15.7224779 20.7571659 -8.89999962 -14.4036503 20.9621525 -0.100000001 -13 21 -0.100000001 -14.3679123 20.9647026 -8.89999962 -15.812685 20.734602 -0.100000001 -15.7224779 20.7571659 -8.89999962 -17.0886784 20.2670841 -8.89999962 -15.812685 20.734602 -0.100000001 -14.4036503 20.9621525 -0.100000001 -15.7224779 20.7571659 -8.89999962 -17.1498642 20.2370663 -0.100000001 -17.0886784 20.2670841 -8.89999962 -18.3170853 19.5008316 -8.89999962 -17.1498642 20.2370663 -0.100000001 -15.812685 20.734602 -0.100000001 -17.0886784 20.2670841 -8.89999962 -18.3690701 19.4597626 -0.100000001 -18.3170853 19.5008316 -8.89999962 -19.2731133 18.593317 -8.89999962 -18.3690701 19.4597626 -0.100000001 -17.1498642 20.2370663 -0.100000001 -18.3170853 19.5008316 -8.89999962 -19.4078827 18.4332962 -0.100000001 -19.2731133 18.593317 -8.89999962 -20.1012955 17.4090328 -8.89999962 -19.4078827 18.4332962 -0.100000001 -18.3690701 19.4597626 -0.100000001 -19.2731133 18.593317 -8.89999962 -20.1383095 17.3409805 -0.100000001 -20.1012955 17.4090328 -8.89999962 -20.6197662 16.2086372 -8.89999962 -20.1383095 17.3409805 -0.100000001 -19.4078827 18.4332962 -0.100000001 -20.1012955 17.4090328 -8.89999962 -20.651823 16.1064892 -0.100000001 -20.6197662 16.2086372 -8.89999962 -20.905735 14.9366493 -8.89999962 -20.651823 16.1064892 -0.100000001 -20.1383095 17.3409805 -0.100000001 -20.6197662 16.2086372 -8.89999962 -20.9153671 14.8639288 -0.100000001 -20.905735 14.9366493 -8.89999962 -21 13 -8.89999962 -20.9153671 14.8639288 -0.100000001 -20.651823 16.1064892 -0.100000001 -20.905735 14.9366493 -8.89999962 -21 13 -0.100000001 -20.9153671 14.8639288 -0.100000001 -21 13 -8.89999962 -18.0780697 -18.3917465 0 -19.1779766 -18.5501366 0 -18.1135674 -19.5302582 0 -18.8828392 -17.4725819 0 -20.0066051 -17.3735733 0 -19.1779766 -18.5501366 0 -18.8828392 -17.4725819 0 -19.1779766 -18.5501366 0 -18.0780697 -18.3917465 0 -16.9999599 -19.1841393 0 -18.1135674 -19.5302582 0 -16.9996738 -20.1989422 0 -16.9999599 -19.1841393 0 -18.0780697 -18.3917465 0 -18.1135674 -19.5302582 0 -19.4283524 -16.5221329 0 -20.5388527 -16.1331768 0 -20.0066051 -17.3735733 0 -19.4283524 -16.5221329 0 -20.0066051 -17.3735733 0 -18.8828392 -17.4725819 0 -15.8271236 -19.6915302 0 -16.9999599 -19.1841393 0 -16.9996738 -20.1989422 0 -15.8271236 -19.6915302 0 -16.9996738 -20.1989422 0 -15.6552849 -20.6703739 0 -19.7868423 -15.4807806 0 -20.8277912 -14.7556591 0 -20.5388527 -16.1331768 0 -19.7868423 -15.4807806 0 -20.5388527 -16.1331768 0 -19.4283524 -16.5221329 0 -14.8962259 -19.9013329 0 -15.6552849 -20.6703739 0 -14.3467388 -20.8658791 0 -14.8962259 -19.9013329 0 -15.8271236 -19.6915302 0 -15.6552849 -20.6703739 0 -19.9706974 -14.2494392 0 -20.8277912 -14.7556591 0 -19.7868423 -15.4807806 0 -20.8999996 -13 -2.3344228e-15 -20.8277912 -14.7556591 0 -19.9706974 -14.2494392 0 -20 -13 0 -20.8999996 -13 -2.3344228e-15 -19.9706974 -14.2494392 0 -13 -20 0 -14.3467388 -20.8658791 0 -13 -20.8999996 -1.43995601e-15 -13 -20 0 -14.8962259 -19.9013329 0 -14.3467388 -20.8658791 0 13 -20 -8.13151629e-17 -13 -20.8999996 -1.43995601e-15 13 -20.8999996 -1.53821183e-15 13 -20 -8.13151629e-17 -13 -20 0 -13 -20.8999996 -1.43995601e-15 -20 13 0 -20.8999996 13 -1.43317975e-15 -20.8999996 -13 -2.3344228e-15 -20 13 0 -20.8999996 -13 -2.3344228e-15 -20 -13 0 -20.8658791 14.3467388 0 -20.8999996 13 -1.43317975e-15 -20 13 0 14.2494392 -19.9706974 -1.08375152e-16 13 -20.8999996 -1.53821183e-15 14.7556591 -20.8277912 0 14.2494392 -19.9706974 -1.08375152e-16 13 -20 -8.13151629e-17 13 -20.8999996 -1.53821183e-15 -19.9013329 14.8962259 -1.08420217e-16 -20.8658791 14.3467388 0 -20 13 0 -19.9013329 14.8962259 -1.08420217e-16 -20.6703739 15.6552849 0 -20.8658791 14.3467388 0 15.4807806 -19.7868423 -1.08420217e-16 14.7556591 -20.8277912 0 16.1331768 -20.5388527 0 15.4807806 -19.7868423 -1.08420217e-16 14.2494392 -19.9706974 -1.08375152e-16 14.7556591 -20.8277912 0 -19.6915302 15.8271236 -1.08420217e-16 -20.6703739 15.6552849 0 -19.9013329 14.8962259 -1.08420217e-16 -20.1989422 16.9996738 0 -20.6703739 15.6552849 0 -19.6915302 15.8271236 -1.08420217e-16 16.5221329 -19.4283524 -1.08420217e-16 15.4807806 -19.7868423 -1.08420217e-16 16.1331768 -20.5388527 0 17.3735733 -20.0066051 0 16.5221329 -19.4283524 -1.08420217e-16 16.1331768 -20.5388527 0 -19.1841393 16.9999599 -1.08420217e-16 -20.1989422 16.9996738 0 -19.6915302 15.8271236 -1.08420217e-16 -19.5302582 18.1135674 0 -20.1989422 16.9996738 0 -19.1841393 16.9999599 -1.08420217e-16 17.4725819 -18.8828392 -1.08420217e-16 16.5221329 -19.4283524 -1.08420217e-16 17.3735733 -20.0066051 0 18.5501366 -19.1779766 0 17.4725819 -18.8828392 -1.08420217e-16 17.3735733 -20.0066051 0 -18.3917465 18.0780697 -1.08420217e-16 -19.5302582 18.1135674 0 -19.1841393 16.9999599 -1.08420217e-16 18.3917465 -18.0780697 -1.08420217e-16 17.4725819 -18.8828392 -1.08420217e-16 18.5501366 -19.1779766 0 -18.5501366 19.1779766 0 -19.5302582 18.1135674 0 -18.3917465 18.0780697 -1.08420217e-16 -17.4725819 18.8828392 -1.08420217e-16 -18.5501366 19.1779766 0 -18.3917465 18.0780697 -1.08420217e-16 19.5302582 -18.1135674 0 18.3917465 -18.0780697 -1.08420217e-16 18.5501366 -19.1779766 0 19.1841393 -16.9999599 -1.08420217e-16 18.3917465 -18.0780697 -1.08420217e-16 19.5302582 -18.1135674 0 -17.3735733 20.0066051 0 -18.5501366 19.1779766 0 -17.4725819 18.8828392 -1.08420217e-16 -16.5221329 19.4283524 -1.08420217e-16 -17.3735733 20.0066051 0 -17.4725819 18.8828392 -1.08420217e-16 20.1989422 -16.9996738 0 19.1841393 -16.9999599 -1.08420217e-16 19.5302582 -18.1135674 0 19.6915302 -15.8271236 -1.08420217e-16 19.1841393 -16.9999599 -1.08420217e-16 20.1989422 -16.9996738 0 -16.1331768 20.5388527 0 -16.5221329 19.4283524 -1.08420217e-16 -15.4807806 19.7868423 -1.08420217e-16 -16.1331768 20.5388527 0 -17.3735733 20.0066051 0 -16.5221329 19.4283524 -1.08420217e-16 20.6703739 -15.6552849 0 19.6915302 -15.8271236 -1.08420217e-16 20.1989422 -16.9996738 0 20.6703739 -15.6552849 0 19.9013329 -14.8962259 -1.08420217e-16 19.6915302 -15.8271236 -1.08420217e-16 -14.7556591 20.8277912 0 -15.4807806 19.7868423 -1.08420217e-16 -14.2494392 19.9706974 -1.08375152e-16 -14.7556591 20.8277912 0 -16.1331768 20.5388527 0 -15.4807806 19.7868423 -1.08420217e-16 20.8658791 -14.3467388 0 19.9013329 -14.8962259 -1.08420217e-16 20.6703739 -15.6552849 0 20 -13 0 19.9013329 -14.8962259 -1.08420217e-16 20.8658791 -14.3467388 0 -13 20.8999996 -1.07742591e-15 -14.2494392 19.9706974 -1.08375152e-16 -13 20 -8.13151629e-17 -13 20.8999996 -1.07742591e-15 -14.7556591 20.8277912 0 -14.2494392 19.9706974 -1.08375152e-16 20.8999996 -13 -1.43317975e-15 20 -13 0 20.8658791 -14.3467388 0 20.8999996 13 -2.32764654e-15 20 13 -2.43945489e-16 20 -13 0 20.8999996 13 -2.32764654e-15 20 -13 0 20.8999996 -13 -1.43317975e-15 13 20.8999996 -1.42979161e-15 -13 20 -8.13151629e-17 13 20 0 13 20.8999996 -1.42979161e-15 -13 20.8999996 -1.07742591e-15 -13 20 -8.13151629e-17 19.9706974 14.2494392 -3.25125471e-16 20 13 -2.43945489e-16 20.8999996 13 -2.32764654e-15 14.3467388 20.8658791 0 13 20.8999996 -1.42979161e-15 13 20 0 14.3467388 20.8658791 0 13 20 0 14.8962259 19.9013329 -3.25260652e-16 20.8277912 14.7556591 0 19.9706974 14.2494392 -3.25125471e-16 20.8999996 13 -2.32764654e-15 20.8277912 14.7556591 0 19.7868423 15.4807806 -3.25260652e-16 19.9706974 14.2494392 -3.25125471e-16 15.6552849 20.6703739 0 14.3467388 20.8658791 0 14.8962259 19.9013329 -3.25260652e-16 15.6552849 20.6703739 0 14.8962259 19.9013329 -3.25260652e-16 15.8271236 19.6915302 -3.25260652e-16 20.5388527 16.1331768 0 19.7868423 15.4807806 -3.25260652e-16 20.8277912 14.7556591 0 20.5388527 16.1331768 0 19.4283524 16.5221329 -3.25260652e-16 19.7868423 15.4807806 -3.25260652e-16 16.9996738 20.1989422 0 15.6552849 20.6703739 0 15.8271236 19.6915302 -3.25260652e-16 16.9996738 20.1989422 0 15.8271236 19.6915302 -3.25260652e-16 16.9999599 19.1841393 -3.25260652e-16 20.0066051 17.3735733 0 19.4283524 16.5221329 -3.25260652e-16 20.5388527 16.1331768 0 20.0066051 17.3735733 0 18.8828392 17.4725819 -3.25260652e-16 19.4283524 16.5221329 -3.25260652e-16 18.1135674 19.5302582 0 16.9996738 20.1989422 0 16.9999599 19.1841393 -3.25260652e-16 18.1135674 19.5302582 0 16.9999599 19.1841393 -3.25260652e-16 18.0780697 18.3917465 -3.25260652e-16 19.1779766 18.5501366 0 18.8828392 17.4725819 -3.25260652e-16 20.0066051 17.3735733 0 19.1779766 18.5501366 0 18.1135674 19.5302582 0 18.0780697 18.3917465 -3.25260652e-16 19.1779766 18.5501366 0 18.0780697 18.3917465 -3.25260652e-16 18.8828392 17.4725819 -3.25260652e-16 -13 20.9222527 -0.00250720885 13 20.8999996 -1.42979161e-15 13 20.9222527 -0.00250720885 -13 20.9222527 -0.00250720885 -13 20.8999996 -1.07742591e-15 13 20.8999996 -1.42979161e-15 -13 20.943388 -0.00990311336 13 20.9222527 -0.00250720885 13 20.943388 -0.00990311336 -13 20.943388 -0.00990311336 -13 20.9222527 -0.00250720885 13 20.9222527 -0.00250720885 -13 20.9623489 -0.0218168516 13 20.943388 -0.00990311336 13 20.9623489 -0.0218168516 -13 20.9623489 -0.0218168516 -13 20.943388 -0.00990311336 13 20.943388 -0.00990311336 -13 20.9781837 -0.037651021 13 20.9623489 -0.0218168516 13 20.9781837 -0.037651021 -13 20.9781837 -0.037651021 -13 20.9623489 -0.0218168516 13 20.9623489 -0.0218168516 -13 20.990097 -0.0566116273 13 20.9781837 -0.037651021 13 20.990097 -0.0566116273 -13 20.990097 -0.0566116273 -13 20.9781837 -0.037651021 13 20.9781837 -0.037651021 -13 20.9974937 -0.0777479038 13 20.990097 -0.0566116273 13 20.9974937 -0.0777479038 -13 20.9974937 -0.0777479038 -13 20.990097 -0.0566116273 13 20.990097 -0.0566116273 -13 21 -0.100000001 13 20.9974937 -0.0777479038 13 21 -0.100000001 -13 21 -0.100000001 -13 20.9974937 -0.0777479038 13 20.9974937 -0.0777479038 17.6670418 19.9170494 -0.029289322 18.4332962 19.4078827 -0.100000001 17.3409805 20.1383095 -0.100000001 17.6670418 19.9170494 -0.029289322 16.9996738 20.1989422 0 18.1135674 19.5302582 0 20.9800091 13.701601 -0.0483896248 20.9781837 13 -0.037651021 20.990097 13 -0.0566116273 20.9800091 13.701601 -0.0483896248 20.990097 13 -0.0566116273 20.9974937 13 -0.0777479038 20.9800091 13.701601 -0.0483896248 20.9974937 13 -0.0777479038 21 13 -0.100000001 20.9800091 13.701601 -0.0483896248 21 13 -0.100000001 20.9621525 14.4036503 -0.100000001 20.9733906 13.7014608 -0.0387320593 20.9800091 13.701601 -0.0483896248 20.9621525 14.4036503 -0.100000001 20.9733906 13.7014608 -0.0387320593 20.9781837 13 -0.037651021 20.9800091 13.701601 -0.0483896248 20.9650688 13.7012854 -0.029289322 20.8999996 13 -2.32764654e-15 20.9222527 13 -0.00250720885 20.9650688 13.7012854 -0.029289322 20.9222527 13 -0.00250720885 20.943388 13 -0.00990311336 20.9650688 13.7012854 -0.029289322 20.943388 13 -0.00990311336 20.9623489 13 -0.0218168516 20.9650688 13.7012854 -0.029289322 20.9623489 13 -0.0218168516 20.9781837 13 -0.037651021 20.9650688 13.7012854 -0.029289322 20.8277912 14.7556591 0 20.8999996 13 -2.32764654e-15 20.9650688 13.7012854 -0.029289322 20.9733906 13.7014608 -0.0387320593 20.9621525 14.4036503 -0.100000001 20.9650688 13.7012854 -0.029289322 20.9781837 13 -0.037651021 20.9733906 13.7014608 -0.0387320593 20.9172764 14.5827761 -0.0292877164 20.9650688 13.7012854 -0.029289322 20.9621525 14.4036503 -0.100000001 20.9172764 14.5827761 -0.0292877164 20.8277912 14.7556591 0 20.9650688 13.7012854 -0.029289322 20.8201065 15.286685 -0.0292877164 20.9621525 14.4036503 -0.100000001 20.734602 15.812685 -0.100000001 20.8201065 15.286685 -0.0292877164 20.5388527 16.1331768 0 20.8277912 14.7556591 0 20.8201065 15.286685 -0.0292877164 20.9172764 14.5827761 -0.0292877164 20.9621525 14.4036503 -0.100000001 20.8201065 15.286685 -0.0292877164 20.8277912 14.7556591 0 20.9172764 14.5827761 -0.0292877164 20.6585751 15.9802713 -0.0292891543 20.8201065 15.286685 -0.0292877164 20.734602 15.812685 -0.100000001 20.6585751 15.9802713 -0.0292891543 20.5388527 16.1331768 0 20.8201065 15.286685 -0.0292877164 20.4272728 16.6544724 -0.0292891543 20.734602 15.812685 -0.100000001 20.2370663 17.1498642 -0.100000001 20.4272728 16.6544724 -0.0292891543 20.0066051 17.3735733 0 20.5388527 16.1331768 0 20.4272728 16.6544724 -0.0292891543 20.6585751 15.9802713 -0.0292891543 20.734602 15.812685 -0.100000001 20.4272728 16.6544724 -0.0292891543 20.5388527 16.1331768 0 20.6585751 15.9802713 -0.0292891543 20.1411991 17.2731247 -0.0292903502 20.0066051 17.3735733 0 20.4272728 16.6544724 -0.0292891543 20.1411991 17.2731247 -0.0292903502 20.4272728 16.6544724 -0.0292891543 20.2370663 17.1498642 -0.100000001 19.7733746 17.8910065 -0.0292903502 20.2370663 17.1498642 -0.100000001 19.4597626 18.3690701 -0.100000001 19.7733746 17.8910065 -0.0292903502 19.1779766 18.5501366 0 20.0066051 17.3735733 0 19.7733746 17.8910065 -0.0292903502 20.1411991 17.2731247 -0.0292903502 20.2370663 17.1498642 -0.100000001 19.7733746 17.8910065 -0.0292903502 20.0066051 17.3735733 0 20.1411991 17.2731247 -0.0292903502 19.3354321 18.4749737 -0.0293296501 19.1779766 18.5501366 0 19.7733746 17.8910065 -0.0292903502 19.3354321 18.4749737 -0.0293296501 19.7733746 17.8910065 -0.0292903502 19.4597626 18.3690701 -0.100000001 18.8382607 19.0088081 -0.0293296501 19.4597626 18.3690701 -0.100000001 18.4332962 19.4078827 -0.100000001 18.8382607 19.0088081 -0.0293296501 18.1135674 19.5302582 0 19.1779766 18.5501366 0 18.8382607 19.0088081 -0.0293296501 19.3354321 18.4749737 -0.0293296501 19.4597626 18.3690701 -0.100000001 18.8382607 19.0088081 -0.0293296501 19.1779766 18.5501366 0 19.3354321 18.4749737 -0.0293296501 18.2865582 19.4877377 -0.0292880982 17.6670418 19.9170494 -0.029289322 18.1135674 19.5302582 0 18.2865582 19.4877377 -0.0292880982 18.4332962 19.4078827 -0.100000001 17.6670418 19.9170494 -0.029289322 18.2865582 19.4877377 -0.0292880982 18.8382607 19.0088081 -0.0293296501 18.4332962 19.4078827 -0.100000001 18.2865582 19.4877377 -0.0292880982 18.1135674 19.5302582 0 18.8382607 19.0088081 -0.0293296501 17.1793404 20.1895981 -0.0292894226 16.9996738 20.1989422 0 17.6670418 19.9170494 -0.029289322 17.1793404 20.1895981 -0.0292894226 17.6670418 19.9170494 -0.029289322 17.3409805 20.1383095 -0.100000001 16.5708599 20.4603786 -0.0292894226 16.9996738 20.1989422 0 17.1793404 20.1895981 -0.0292894226 16.5708599 20.4603786 -0.0292894226 17.3409805 20.1383095 -0.100000001 16.1064892 20.651823 -0.100000001 16.5708599 20.4603786 -0.0292894226 15.6552849 20.6703739 0 16.9996738 20.1989422 0 16.5708599 20.4603786 -0.0292894226 17.1793404 20.1895981 -0.0292894226 17.3409805 20.1383095 -0.100000001 15.8860741 20.6848259 -0.029287938 16.5708599 20.4603786 -0.0292894226 16.1064892 20.651823 -0.100000001 15.8860741 20.6848259 -0.029287938 15.6552849 20.6703739 0 16.5708599 20.4603786 -0.0292894226 15.267086 20.8238754 -0.029287938 15.8860741 20.6848259 -0.029287938 16.1064892 20.651823 -0.100000001 15.267086 20.8238754 -0.029287938 15.6552849 20.6703739 0 15.8860741 20.6848259 -0.029287938 15.267086 20.8238754 -0.029287938 16.1064892 20.651823 -0.100000001 14.8639288 20.9153671 -0.100000001 15.267086 20.8238754 -0.029287938 14.3467388 20.8658791 0 15.6552849 20.6703739 0 14.6062155 20.9149971 -0.0292878095 15.267086 20.8238754 -0.029287938 14.8639288 20.9153671 -0.100000001 14.6062155 20.9149971 -0.0292878095 14.3467388 20.8658791 0 15.267086 20.8238754 -0.029287938 13.675746 20.9656181 -0.0292878095 14.8639288 20.9153671 -0.100000001 13 21 -0.100000001 13.675746 20.9656181 -0.0292878095 14.3467388 20.8658791 0 14.6062155 20.9149971 -0.0292878095 13.675746 20.9656181 -0.0292878095 13 20.9781837 -0.037651021 13 20.9623489 -0.0218168516 13.675746 20.9656181 -0.0292878095 13 20.990097 -0.0566116273 13 20.9781837 -0.037651021 13.675746 20.9656181 -0.0292878095 13 20.9974937 -0.0777479038 13 20.990097 -0.0566116273 13.675746 20.9656181 -0.0292878095 13 21 -0.100000001 13 20.9974937 -0.0777479038 13.675746 20.9656181 -0.0292878095 14.6062155 20.9149971 -0.0292878095 14.8639288 20.9153671 -0.100000001 13.67556 20.9561749 -0.0209655408 14.3467388 20.8658791 0 13.675746 20.9656181 -0.0292878095 13.67556 20.9561749 -0.0209655408 13.675746 20.9656181 -0.0292878095 13 20.9623489 -0.0218168516 13.6753693 20.9465179 -0.0143463053 13 20.9222527 -0.00250720885 13 20.8999996 -1.42979161e-15 13.6753693 20.9465179 -0.0143463053 13.67556 20.9561749 -0.0209655408 13 20.9623489 -0.0218168516 13.6753693 20.9465179 -0.0143463053 13 20.943388 -0.00990311336 13 20.9222527 -0.00250720885 13.6753693 20.9465179 -0.0143463053 13 20.9623489 -0.0218168516 13 20.943388 -0.00990311336 13.6753693 20.9465179 -0.0143463053 14.3467388 20.8658791 0 13.67556 20.9561749 -0.0209655408 13.6753693 20.9465179 -0.0143463053 13 20.8999996 -1.42979161e-15 14.3467388 20.8658791 0 20.9222527 13 -0.00250720885 20.8999996 -13 -1.43317975e-15 20.9222527 -13 -0.00250720885 20.9222527 13 -0.00250720885 20.8999996 13 -2.32764654e-15 20.8999996 -13 -1.43317975e-15 20.943388 13 -0.00990311336 20.9222527 -13 -0.00250720885 20.943388 -13 -0.00990311336 20.943388 13 -0.00990311336 20.9222527 13 -0.00250720885 20.9222527 -13 -0.00250720885 20.9623489 13 -0.0218168516 20.943388 -13 -0.00990311336 20.9623489 -13 -0.0218168516 20.9623489 13 -0.0218168516 20.943388 13 -0.00990311336 20.943388 -13 -0.00990311336 20.9781837 13 -0.037651021 20.9623489 -13 -0.0218168516 20.9781837 -13 -0.037651021 20.9781837 13 -0.037651021 20.9623489 13 -0.0218168516 20.9623489 -13 -0.0218168516 20.990097 13 -0.0566116273 20.9781837 -13 -0.037651021 20.990097 -13 -0.0566116273 20.990097 13 -0.0566116273 20.9781837 13 -0.037651021 20.9781837 -13 -0.037651021 20.9974937 13 -0.0777479038 20.990097 -13 -0.0566116273 20.9974937 -13 -0.0777479038 20.9974937 13 -0.0777479038 20.990097 13 -0.0566116273 20.990097 -13 -0.0566116273 21 13 -0.100000001 20.9974937 -13 -0.0777479038 21 -13 -0.100000001 21 13 -0.100000001 20.9974937 13 -0.0777479038 20.9974937 -13 -0.0777479038 19.9170494 -17.6670418 -0.029289322 20.1989422 -16.9996738 0 19.5302582 -18.1135674 0 19.9170494 -17.6670418 -0.029289322 19.4078827 -18.4332962 -0.100000001 20.1383095 -17.3409805 -0.100000001 13.701601 -20.9800091 -0.0483896248 13 -20.9781837 -0.037651021 13 -20.990097 -0.0566116273 13.701601 -20.9800091 -0.0483896248 13 -20.990097 -0.0566116273 13 -20.9974937 -0.0777479038 13.701601 -20.9800091 -0.0483896248 13 -20.9974937 -0.0777479038 13 -21 -0.100000001 13.701601 -20.9800091 -0.0483896248 13 -21 -0.100000001 14.4036503 -20.9621525 -0.100000001 13.7014608 -20.9733906 -0.0387320593 13 -20.9781837 -0.037651021 13.701601 -20.9800091 -0.0483896248 13.7014608 -20.9733906 -0.0387320593 13.701601 -20.9800091 -0.0483896248 14.4036503 -20.9621525 -0.100000001 13.7012854 -20.9650688 -0.029289322 14.7556591 -20.8277912 0 13 -20.8999996 -1.53821183e-15 13.7012854 -20.9650688 -0.029289322 13 -20.8999996 -1.53821183e-15 13 -20.9222527 -0.00250720885 13.7012854 -20.9650688 -0.029289322 13 -20.9222527 -0.00250720885 13 -20.943388 -0.00990311336 13.7012854 -20.9650688 -0.029289322 13 -20.943388 -0.00990311336 13 -20.9623489 -0.0218168516 13.7012854 -20.9650688 -0.029289322 13 -20.9623489 -0.0218168516 13 -20.9781837 -0.037651021 13.7012854 -20.9650688 -0.029289322 13 -20.9781837 -0.037651021 13.7014608 -20.9733906 -0.0387320593 13.7012854 -20.9650688 -0.029289322 13.7014608 -20.9733906 -0.0387320593 14.4036503 -20.9621525 -0.100000001 14.5827761 -20.9172764 -0.0292877164 13.7012854 -20.9650688 -0.029289322 14.4036503 -20.9621525 -0.100000001 14.5827761 -20.9172764 -0.0292877164 14.7556591 -20.8277912 0 13.7012854 -20.9650688 -0.029289322 15.286685 -20.8201065 -0.0292877164 16.1331768 -20.5388527 0 14.7556591 -20.8277912 0 15.286685 -20.8201065 -0.0292877164 14.4036503 -20.9621525 -0.100000001 15.812685 -20.734602 -0.100000001 15.286685 -20.8201065 -0.0292877164 14.5827761 -20.9172764 -0.0292877164 14.4036503 -20.9621525 -0.100000001 15.286685 -20.8201065 -0.0292877164 14.7556591 -20.8277912 0 14.5827761 -20.9172764 -0.0292877164 15.9802713 -20.6585751 -0.0292891543 16.1331768 -20.5388527 0 15.286685 -20.8201065 -0.0292877164 15.9802713 -20.6585751 -0.0292891543 15.286685 -20.8201065 -0.0292877164 15.812685 -20.734602 -0.100000001 16.6544724 -20.4272728 -0.0292891543 17.3735733 -20.0066051 0 16.1331768 -20.5388527 0 16.6544724 -20.4272728 -0.0292891543 15.812685 -20.734602 -0.100000001 17.1498642 -20.2370663 -0.100000001 16.6544724 -20.4272728 -0.0292891543 15.9802713 -20.6585751 -0.0292891543 15.812685 -20.734602 -0.100000001 16.6544724 -20.4272728 -0.0292891543 16.1331768 -20.5388527 0 15.9802713 -20.6585751 -0.0292891543 17.2731247 -20.1411991 -0.0292903502 17.3735733 -20.0066051 0 16.6544724 -20.4272728 -0.0292891543 17.2731247 -20.1411991 -0.0292903502 16.6544724 -20.4272728 -0.0292891543 17.1498642 -20.2370663 -0.100000001 17.8910065 -19.7733746 -0.0292903502 18.5501366 -19.1779766 0 17.3735733 -20.0066051 0 17.8910065 -19.7733746 -0.0292903502 17.1498642 -20.2370663 -0.100000001 18.3690701 -19.4597626 -0.100000001 17.8910065 -19.7733746 -0.0292903502 17.2731247 -20.1411991 -0.0292903502 17.1498642 -20.2370663 -0.100000001 17.8910065 -19.7733746 -0.0292903502 17.3735733 -20.0066051 0 17.2731247 -20.1411991 -0.0292903502 18.4749737 -19.3354321 -0.0293296501 17.8910065 -19.7733746 -0.0292903502 18.3690701 -19.4597626 -0.100000001 18.4749737 -19.3354321 -0.0293296501 18.5501366 -19.1779766 0 17.8910065 -19.7733746 -0.0292903502 19.0088081 -18.8382607 -0.0293296501 19.5302582 -18.1135674 0 18.5501366 -19.1779766 0 19.0088081 -18.8382607 -0.0293296501 18.3690701 -19.4597626 -0.100000001 19.4078827 -18.4332962 -0.100000001 19.0088081 -18.8382607 -0.0293296501 18.4749737 -19.3354321 -0.0293296501 18.3690701 -19.4597626 -0.100000001 19.0088081 -18.8382607 -0.0293296501 18.5501366 -19.1779766 0 18.4749737 -19.3354321 -0.0293296501 19.4877377 -18.2865582 -0.0292880982 19.0088081 -18.8382607 -0.0293296501 19.4078827 -18.4332962 -0.100000001 19.4877377 -18.2865582 -0.0292880982 19.5302582 -18.1135674 0 19.0088081 -18.8382607 -0.0293296501 19.4877377 -18.2865582 -0.0292880982 19.4078827 -18.4332962 -0.100000001 19.9170494 -17.6670418 -0.029289322 19.4877377 -18.2865582 -0.0292880982 19.9170494 -17.6670418 -0.029289322 19.5302582 -18.1135674 0 20.1895981 -17.1793404 -0.0292894226 19.9170494 -17.6670418 -0.029289322 20.1383095 -17.3409805 -0.100000001 20.1895981 -17.1793404 -0.0292894226 20.1989422 -16.9996738 0 19.9170494 -17.6670418 -0.029289322 20.4603786 -16.5708599 -0.0292894226 20.1989422 -16.9996738 0 20.1895981 -17.1793404 -0.0292894226 20.4603786 -16.5708599 -0.0292894226 20.6703739 -15.6552849 0 20.1989422 -16.9996738 0 20.4603786 -16.5708599 -0.0292894226 20.1383095 -17.3409805 -0.100000001 20.651823 -16.1064892 -0.100000001 20.4603786 -16.5708599 -0.0292894226 20.1895981 -17.1793404 -0.0292894226 20.1383095 -17.3409805 -0.100000001 20.6848259 -15.8860741 -0.029287938 20.6703739 -15.6552849 0 20.4603786 -16.5708599 -0.0292894226 20.6848259 -15.8860741 -0.029287938 20.4603786 -16.5708599 -0.0292894226 20.651823 -16.1064892 -0.100000001 20.8238754 -15.267086 -0.029287938 20.6848259 -15.8860741 -0.029287938 20.651823 -16.1064892 -0.100000001 20.8238754 -15.267086 -0.029287938 20.8658791 -14.3467388 0 20.6703739 -15.6552849 0 20.8238754 -15.267086 -0.029287938 20.651823 -16.1064892 -0.100000001 20.9153671 -14.8639288 -0.100000001 20.8238754 -15.267086 -0.029287938 20.6703739 -15.6552849 0 20.6848259 -15.8860741 -0.029287938 20.9149971 -14.6062155 -0.0292878095 20.8658791 -14.3467388 0 20.8238754 -15.267086 -0.029287938 20.9149971 -14.6062155 -0.0292878095 20.8238754 -15.267086 -0.029287938 20.9153671 -14.8639288 -0.100000001 20.9656181 -13.675746 -0.0292878095 20.9781837 -13 -0.037651021 20.9623489 -13 -0.0218168516 20.9656181 -13.675746 -0.0292878095 20.990097 -13 -0.0566116273 20.9781837 -13 -0.037651021 20.9656181 -13.675746 -0.0292878095 20.9974937 -13 -0.0777479038 20.990097 -13 -0.0566116273 20.9656181 -13.675746 -0.0292878095 21 -13 -0.100000001 20.9974937 -13 -0.0777479038 20.9656181 -13.675746 -0.0292878095 20.9149971 -14.6062155 -0.0292878095 20.9153671 -14.8639288 -0.100000001 20.9656181 -13.675746 -0.0292878095 20.9153671 -14.8639288 -0.100000001 21 -13 -0.100000001 20.9656181 -13.675746 -0.0292878095 20.8658791 -14.3467388 0 20.9149971 -14.6062155 -0.0292878095 20.9561749 -13.67556 -0.0209655408 20.8658791 -14.3467388 0 20.9656181 -13.675746 -0.0292878095 20.9561749 -13.67556 -0.0209655408 20.9656181 -13.675746 -0.0292878095 20.9623489 -13 -0.0218168516 20.9465179 -13.6753693 -0.0143463053 20.9222527 -13 -0.00250720885 20.8999996 -13 -1.43317975e-15 20.9465179 -13.6753693 -0.0143463053 20.943388 -13 -0.00990311336 20.9222527 -13 -0.00250720885 20.9465179 -13.6753693 -0.0143463053 20.9623489 -13 -0.0218168516 20.943388 -13 -0.00990311336 20.9465179 -13.6753693 -0.0143463053 20.8999996 -13 -1.43317975e-15 20.8658791 -14.3467388 0 20.9465179 -13.6753693 -0.0143463053 20.9561749 -13.67556 -0.0209655408 20.9623489 -13 -0.0218168516 20.9465179 -13.6753693 -0.0143463053 20.8658791 -14.3467388 0 20.9561749 -13.67556 -0.0209655408 13 -20.8999996 -1.53821183e-15 -13 -20.8999996 -1.43995601e-15 -13 -20.9222527 -0.00250720885 13 -20.9222527 -0.00250720885 -13 -20.9222527 -0.00250720885 -13 -20.943388 -0.00990311336 13 -20.9222527 -0.00250720885 13 -20.8999996 -1.53821183e-15 -13 -20.9222527 -0.00250720885 13 -20.943388 -0.00990311336 -13 -20.943388 -0.00990311336 -13 -20.9623489 -0.0218168516 13 -20.943388 -0.00990311336 13 -20.9222527 -0.00250720885 -13 -20.943388 -0.00990311336 13 -20.9623489 -0.0218168516 -13 -20.9623489 -0.0218168516 -13 -20.9781837 -0.037651021 13 -20.9623489 -0.0218168516 13 -20.943388 -0.00990311336 -13 -20.9623489 -0.0218168516 13 -20.9781837 -0.037651021 -13 -20.9781837 -0.037651021 -13 -20.990097 -0.0566116273 13 -20.9781837 -0.037651021 13 -20.9623489 -0.0218168516 -13 -20.9781837 -0.037651021 13 -20.990097 -0.0566116273 -13 -20.990097 -0.0566116273 -13 -20.9974937 -0.0777479038 13 -20.990097 -0.0566116273 13 -20.9781837 -0.037651021 -13 -20.990097 -0.0566116273 13 -20.9974937 -0.0777479038 -13 -20.9974937 -0.0777479038 -13 -21 -0.100000001 13 -20.9974937 -0.0777479038 13 -20.990097 -0.0566116273 -13 -20.9974937 -0.0777479038 13 -21 -0.100000001 13 -20.9974937 -0.0777479038 -13 -21 -0.100000001 -17.6670418 -19.9170494 -0.029289322 -16.9996738 -20.1989422 0 -18.1135674 -19.5302582 0 -17.6670418 -19.9170494 -0.029289322 -18.4332962 -19.4078827 -0.100000001 -17.3409805 -20.1383095 -0.100000001 -20.9800091 -13.701601 -0.0483896248 -20.9781837 -13 -0.037651021 -20.990097 -13 -0.0566116273 -20.9800091 -13.701601 -0.0483896248 -20.990097 -13 -0.0566116273 -20.9974937 -13 -0.0777479038 -20.9800091 -13.701601 -0.0483896248 -20.9974937 -13 -0.0777479038 -21 -13 -0.100000001 -20.9800091 -13.701601 -0.0483896248 -21 -13 -0.100000001 -20.9621525 -14.4036503 -0.100000001 -20.9733906 -13.7014608 -0.0387320593 -20.9781837 -13 -0.037651021 -20.9800091 -13.701601 -0.0483896248 -20.9733906 -13.7014608 -0.0387320593 -20.9800091 -13.701601 -0.0483896248 -20.9621525 -14.4036503 -0.100000001 -20.9650688 -13.7012854 -0.029289322 -20.8277912 -14.7556591 0 -20.8999996 -13 -2.3344228e-15 -20.9650688 -13.7012854 -0.029289322 -20.8999996 -13 -2.3344228e-15 -20.9222527 -13 -0.00250720885 -20.9650688 -13.7012854 -0.029289322 -20.9222527 -13 -0.00250720885 -20.943388 -13 -0.00990311336 -20.9650688 -13.7012854 -0.029289322 -20.943388 -13 -0.00990311336 -20.9623489 -13 -0.0218168516 -20.9650688 -13.7012854 -0.029289322 -20.9623489 -13 -0.0218168516 -20.9781837 -13 -0.037651021 -20.9650688 -13.7012854 -0.029289322 -20.9781837 -13 -0.037651021 -20.9733906 -13.7014608 -0.0387320593 -20.9650688 -13.7012854 -0.029289322 -20.9733906 -13.7014608 -0.0387320593 -20.9621525 -14.4036503 -0.100000001 -20.9172764 -14.5827761 -0.0292877164 -20.9650688 -13.7012854 -0.029289322 -20.9621525 -14.4036503 -0.100000001 -20.9172764 -14.5827761 -0.0292877164 -20.8277912 -14.7556591 0 -20.9650688 -13.7012854 -0.029289322 -20.8201065 -15.286685 -0.0292877164 -20.5388527 -16.1331768 0 -20.8277912 -14.7556591 0 -20.8201065 -15.286685 -0.0292877164 -20.9621525 -14.4036503 -0.100000001 -20.734602 -15.812685 -0.100000001 -20.8201065 -15.286685 -0.0292877164 -20.9172764 -14.5827761 -0.0292877164 -20.9621525 -14.4036503 -0.100000001 -20.8201065 -15.286685 -0.0292877164 -20.8277912 -14.7556591 0 -20.9172764 -14.5827761 -0.0292877164 -20.6585751 -15.9802713 -0.0292891543 -20.5388527 -16.1331768 0 -20.8201065 -15.286685 -0.0292877164 -20.6585751 -15.9802713 -0.0292891543 -20.8201065 -15.286685 -0.0292877164 -20.734602 -15.812685 -0.100000001 -20.4272728 -16.6544724 -0.0292891543 -20.0066051 -17.3735733 0 -20.5388527 -16.1331768 0 -20.4272728 -16.6544724 -0.0292891543 -20.734602 -15.812685 -0.100000001 -20.2370663 -17.1498642 -0.100000001 -20.4272728 -16.6544724 -0.0292891543 -20.6585751 -15.9802713 -0.0292891543 -20.734602 -15.812685 -0.100000001 -20.4272728 -16.6544724 -0.0292891543 -20.5388527 -16.1331768 0 -20.6585751 -15.9802713 -0.0292891543 -20.1411991 -17.2731247 -0.0292903502 -20.0066051 -17.3735733 0 -20.4272728 -16.6544724 -0.0292891543 -20.1411991 -17.2731247 -0.0292903502 -20.4272728 -16.6544724 -0.0292891543 -20.2370663 -17.1498642 -0.100000001 -19.7733746 -17.8910065 -0.0292903502 -19.1779766 -18.5501366 0 -20.0066051 -17.3735733 0 -19.7733746 -17.8910065 -0.0292903502 -20.2370663 -17.1498642 -0.100000001 -19.4597626 -18.3690701 -0.100000001 -19.7733746 -17.8910065 -0.0292903502 -20.1411991 -17.2731247 -0.0292903502 -20.2370663 -17.1498642 -0.100000001 -19.7733746 -17.8910065 -0.0292903502 -20.0066051 -17.3735733 0 -20.1411991 -17.2731247 -0.0292903502 -19.3354321 -18.4749737 -0.0293296501 -19.7733746 -17.8910065 -0.0292903502 -19.4597626 -18.3690701 -0.100000001 -19.3354321 -18.4749737 -0.0293296501 -19.1779766 -18.5501366 0 -19.7733746 -17.8910065 -0.0292903502 -18.8382607 -19.0088081 -0.0293296501 -18.1135674 -19.5302582 0 -19.1779766 -18.5501366 0 -18.8382607 -19.0088081 -0.0293296501 -19.4597626 -18.3690701 -0.100000001 -18.4332962 -19.4078827 -0.100000001 -18.8382607 -19.0088081 -0.0293296501 -19.1779766 -18.5501366 0 -19.3354321 -18.4749737 -0.0293296501 -18.8382607 -19.0088081 -0.0293296501 -19.3354321 -18.4749737 -0.0293296501 -19.4597626 -18.3690701 -0.100000001 -18.2865582 -19.4877377 -0.0292880982 -18.1135674 -19.5302582 0 -18.8382607 -19.0088081 -0.0293296501 -18.2865582 -19.4877377 -0.0292880982 -18.8382607 -19.0088081 -0.0293296501 -18.4332962 -19.4078827 -0.100000001 -18.2865582 -19.4877377 -0.0292880982 -18.4332962 -19.4078827 -0.100000001 -17.6670418 -19.9170494 -0.029289322 -18.2865582 -19.4877377 -0.0292880982 -17.6670418 -19.9170494 -0.029289322 -18.1135674 -19.5302582 0 -17.1793404 -20.1895981 -0.0292894226 -17.6670418 -19.9170494 -0.029289322 -17.3409805 -20.1383095 -0.100000001 -17.1793404 -20.1895981 -0.0292894226 -16.9996738 -20.1989422 0 -17.6670418 -19.9170494 -0.029289322 -16.5708599 -20.4603786 -0.0292894226 -16.9996738 -20.1989422 0 -17.1793404 -20.1895981 -0.0292894226 -16.5708599 -20.4603786 -0.0292894226 -15.6552849 -20.6703739 0 -16.9996738 -20.1989422 0 -16.5708599 -20.4603786 -0.0292894226 -17.3409805 -20.1383095 -0.100000001 -16.1064892 -20.651823 -0.100000001 -16.5708599 -20.4603786 -0.0292894226 -17.1793404 -20.1895981 -0.0292894226 -17.3409805 -20.1383095 -0.100000001 -15.8860741 -20.6848259 -0.029287938 -15.6552849 -20.6703739 0 -16.5708599 -20.4603786 -0.0292894226 -15.8860741 -20.6848259 -0.029287938 -16.5708599 -20.4603786 -0.0292894226 -16.1064892 -20.651823 -0.100000001 -15.267086 -20.8238754 -0.029287938 -15.8860741 -20.6848259 -0.029287938 -16.1064892 -20.651823 -0.100000001 -15.267086 -20.8238754 -0.029287938 -14.3467388 -20.8658791 0 -15.6552849 -20.6703739 0 -15.267086 -20.8238754 -0.029287938 -16.1064892 -20.651823 -0.100000001 -14.8639288 -20.9153671 -0.100000001 -15.267086 -20.8238754 -0.029287938 -15.6552849 -20.6703739 0 -15.8860741 -20.6848259 -0.029287938 -14.6062155 -20.9149971 -0.0292878095 -14.3467388 -20.8658791 0 -15.267086 -20.8238754 -0.029287938 -14.6062155 -20.9149971 -0.0292878095 -15.267086 -20.8238754 -0.029287938 -14.8639288 -20.9153671 -0.100000001 -13.675746 -20.9656181 -0.0292878095 -13 -20.9781837 -0.037651021 -13 -20.9623489 -0.0218168516 -13.675746 -20.9656181 -0.0292878095 -13 -20.990097 -0.0566116273 -13 -20.9781837 -0.037651021 -13.675746 -20.9656181 -0.0292878095 -13 -20.9974937 -0.0777479038 -13 -20.990097 -0.0566116273 -13.675746 -20.9656181 -0.0292878095 -13 -21 -0.100000001 -13 -20.9974937 -0.0777479038 -13.675746 -20.9656181 -0.0292878095 -14.6062155 -20.9149971 -0.0292878095 -14.8639288 -20.9153671 -0.100000001 -13.675746 -20.9656181 -0.0292878095 -14.8639288 -20.9153671 -0.100000001 -13 -21 -0.100000001 -13.675746 -20.9656181 -0.0292878095 -14.3467388 -20.8658791 0 -14.6062155 -20.9149971 -0.0292878095 -13.67556 -20.9561749 -0.0209655408 -14.3467388 -20.8658791 0 -13.675746 -20.9656181 -0.0292878095 -13.67556 -20.9561749 -0.0209655408 -13.675746 -20.9656181 -0.0292878095 -13 -20.9623489 -0.0218168516 -13.6753693 -20.9465179 -0.0143463053 -13 -20.9222527 -0.00250720885 -13 -20.8999996 -1.43995601e-15 -13.6753693 -20.9465179 -0.0143463053 -13 -20.943388 -0.00990311336 -13 -20.9222527 -0.00250720885 -13.6753693 -20.9465179 -0.0143463053 -13 -20.9623489 -0.0218168516 -13 -20.943388 -0.00990311336 -13.6753693 -20.9465179 -0.0143463053 -13 -20.8999996 -1.43995601e-15 -14.3467388 -20.8658791 0 -13.6753693 -20.9465179 -0.0143463053 -13.67556 -20.9561749 -0.0209655408 -13 -20.9623489 -0.0218168516 -13.6753693 -20.9465179 -0.0143463053 -14.3467388 -20.8658791 0 -13.67556 -20.9561749 -0.0209655408 -20.9222527 -13 -0.00250720885 -20.8999996 -13 -2.3344228e-15 -20.8999996 13 -1.43317975e-15 -20.9222527 -13 -0.00250720885 -20.8999996 13 -1.43317975e-15 -20.9222527 13 -0.00250720885 -20.943388 -13 -0.00990311336 -20.9222527 13 -0.00250720885 -20.943388 13 -0.00990311336 -20.943388 -13 -0.00990311336 -20.9222527 -13 -0.00250720885 -20.9222527 13 -0.00250720885 -20.9623489 -13 -0.0218168516 -20.943388 13 -0.00990311336 -20.9623489 13 -0.0218168516 -20.9623489 -13 -0.0218168516 -20.943388 -13 -0.00990311336 -20.943388 13 -0.00990311336 -20.9781837 -13 -0.037651021 -20.9623489 13 -0.0218168516 -20.9781837 13 -0.037651021 -20.9781837 -13 -0.037651021 -20.9623489 -13 -0.0218168516 -20.9623489 13 -0.0218168516 -20.990097 -13 -0.0566116273 -20.9781837 13 -0.037651021 -20.990097 13 -0.0566116273 -20.990097 -13 -0.0566116273 -20.9781837 -13 -0.037651021 -20.9781837 13 -0.037651021 -20.9974937 -13 -0.0777479038 -20.990097 13 -0.0566116273 -20.9974937 13 -0.0777479038 -20.9974937 -13 -0.0777479038 -20.990097 -13 -0.0566116273 -20.990097 13 -0.0566116273 -21 -13 -0.100000001 -20.9974937 13 -0.0777479038 -21 13 -0.100000001 -21 -13 -0.100000001 -20.9974937 -13 -0.0777479038 -20.9974937 13 -0.0777479038 -19.9170494 17.6670418 -0.029289322 -20.1989422 16.9996738 0 -19.5302582 18.1135674 0 -19.9170494 17.6670418 -0.029289322 -19.4078827 18.4332962 -0.100000001 -20.1383095 17.3409805 -0.100000001 -13.701601 20.9800091 -0.0483896248 -13 20.9974937 -0.0777479038 -13 21 -0.100000001 -13.701601 20.9800091 -0.0483896248 -13 20.990097 -0.0566116273 -13 20.9974937 -0.0777479038 -13.701601 20.9800091 -0.0483896248 -13 20.9781837 -0.037651021 -13 20.990097 -0.0566116273 -13.701601 20.9800091 -0.0483896248 -13 21 -0.100000001 -14.4036503 20.9621525 -0.100000001 -13.7014608 20.9733906 -0.0387320593 -13 20.9781837 -0.037651021 -13.701601 20.9800091 -0.0483896248 -13.7014608 20.9733906 -0.0387320593 -13.701601 20.9800091 -0.0483896248 -14.4036503 20.9621525 -0.100000001 -13.7012854 20.9650688 -0.029289322 -14.7556591 20.8277912 0 -13 20.8999996 -1.07742591e-15 -13.7012854 20.9650688 -0.029289322 -13 20.9623489 -0.0218168516 -13 20.9781837 -0.037651021 -13.7012854 20.9650688 -0.029289322 -13 20.943388 -0.00990311336 -13 20.9623489 -0.0218168516 -13.7012854 20.9650688 -0.029289322 -13 20.9222527 -0.00250720885 -13 20.943388 -0.00990311336 -13.7012854 20.9650688 -0.029289322 -13 20.8999996 -1.07742591e-15 -13 20.9222527 -0.00250720885 -13.7012854 20.9650688 -0.029289322 -13 20.9781837 -0.037651021 -13.7014608 20.9733906 -0.0387320593 -13.7012854 20.9650688 -0.029289322 -13.7014608 20.9733906 -0.0387320593 -14.4036503 20.9621525 -0.100000001 -14.5827761 20.9172764 -0.0292877164 -13.7012854 20.9650688 -0.029289322 -14.4036503 20.9621525 -0.100000001 -14.5827761 20.9172764 -0.0292877164 -14.7556591 20.8277912 0 -13.7012854 20.9650688 -0.029289322 -15.286685 20.8201065 -0.0292877164 -16.1331768 20.5388527 0 -14.7556591 20.8277912 0 -15.286685 20.8201065 -0.0292877164 -14.4036503 20.9621525 -0.100000001 -15.812685 20.734602 -0.100000001 -15.286685 20.8201065 -0.0292877164 -14.5827761 20.9172764 -0.0292877164 -14.4036503 20.9621525 -0.100000001 -15.286685 20.8201065 -0.0292877164 -14.7556591 20.8277912 0 -14.5827761 20.9172764 -0.0292877164 -15.9802713 20.6585751 -0.0292891543 -16.1331768 20.5388527 0 -15.286685 20.8201065 -0.0292877164 -15.9802713 20.6585751 -0.0292891543 -15.286685 20.8201065 -0.0292877164 -15.812685 20.734602 -0.100000001 -16.6544724 20.4272728 -0.0292891543 -17.3735733 20.0066051 0 -16.1331768 20.5388527 0 -16.6544724 20.4272728 -0.0292891543 -15.812685 20.734602 -0.100000001 -17.1498642 20.2370663 -0.100000001 -16.6544724 20.4272728 -0.0292891543 -16.1331768 20.5388527 0 -15.9802713 20.6585751 -0.0292891543 -16.6544724 20.4272728 -0.0292891543 -15.9802713 20.6585751 -0.0292891543 -15.812685 20.734602 -0.100000001 -17.2731247 20.1411991 -0.0292903502 -17.3735733 20.0066051 0 -16.6544724 20.4272728 -0.0292891543 -17.2731247 20.1411991 -0.0292903502 -16.6544724 20.4272728 -0.0292891543 -17.1498642 20.2370663 -0.100000001 -17.8910065 19.7733746 -0.0292903502 -18.5501366 19.1779766 0 -17.3735733 20.0066051 0 -17.8910065 19.7733746 -0.0292903502 -17.1498642 20.2370663 -0.100000001 -18.3690701 19.4597626 -0.100000001 -17.8910065 19.7733746 -0.0292903502 -17.3735733 20.0066051 0 -17.2731247 20.1411991 -0.0292903502 -17.8910065 19.7733746 -0.0292903502 -17.2731247 20.1411991 -0.0292903502 -17.1498642 20.2370663 -0.100000001 -18.4749737 19.3354321 -0.0293296501 -18.5501366 19.1779766 0 -17.8910065 19.7733746 -0.0292903502 -18.4749737 19.3354321 -0.0293296501 -17.8910065 19.7733746 -0.0292903502 -18.3690701 19.4597626 -0.100000001 -19.0088081 18.8382607 -0.0293296501 -19.5302582 18.1135674 0 -18.5501366 19.1779766 0 -19.0088081 18.8382607 -0.0293296501 -18.3690701 19.4597626 -0.100000001 -19.4078827 18.4332962 -0.100000001 -19.0088081 18.8382607 -0.0293296501 -18.4749737 19.3354321 -0.0293296501 -18.3690701 19.4597626 -0.100000001 -19.0088081 18.8382607 -0.0293296501 -18.5501366 19.1779766 0 -18.4749737 19.3354321 -0.0293296501 -19.4877377 18.2865582 -0.0292880982 -19.5302582 18.1135674 0 -19.0088081 18.8382607 -0.0293296501 -19.4877377 18.2865582 -0.0292880982 -19.0088081 18.8382607 -0.0293296501 -19.4078827 18.4332962 -0.100000001 -19.4877377 18.2865582 -0.0292880982 -19.4078827 18.4332962 -0.100000001 -19.9170494 17.6670418 -0.029289322 -19.4877377 18.2865582 -0.0292880982 -19.9170494 17.6670418 -0.029289322 -19.5302582 18.1135674 0 -20.1895981 17.1793404 -0.0292894226 -19.9170494 17.6670418 -0.029289322 -20.1383095 17.3409805 -0.100000001 -20.1895981 17.1793404 -0.0292894226 -20.1989422 16.9996738 0 -19.9170494 17.6670418 -0.029289322 -20.4603786 16.5708599 -0.0292894226 -20.1989422 16.9996738 0 -20.1895981 17.1793404 -0.0292894226 -20.4603786 16.5708599 -0.0292894226 -20.6703739 15.6552849 0 -20.1989422 16.9996738 0 -20.4603786 16.5708599 -0.0292894226 -20.1383095 17.3409805 -0.100000001 -20.651823 16.1064892 -0.100000001 -20.4603786 16.5708599 -0.0292894226 -20.1895981 17.1793404 -0.0292894226 -20.1383095 17.3409805 -0.100000001 -20.6848259 15.8860741 -0.029287938 -20.6703739 15.6552849 0 -20.4603786 16.5708599 -0.0292894226 -20.6848259 15.8860741 -0.029287938 -20.4603786 16.5708599 -0.0292894226 -20.651823 16.1064892 -0.100000001 -20.8238754 15.267086 -0.029287938 -20.6848259 15.8860741 -0.029287938 -20.651823 16.1064892 -0.100000001 -20.8238754 15.267086 -0.029287938 -20.8658791 14.3467388 0 -20.6703739 15.6552849 0 -20.8238754 15.267086 -0.029287938 -20.651823 16.1064892 -0.100000001 -20.9153671 14.8639288 -0.100000001 -20.8238754 15.267086 -0.029287938 -20.6703739 15.6552849 0 -20.6848259 15.8860741 -0.029287938 -20.9149971 14.6062155 -0.0292878095 -20.8658791 14.3467388 0 -20.8238754 15.267086 -0.029287938 -20.9149971 14.6062155 -0.0292878095 -20.8238754 15.267086 -0.029287938 -20.9153671 14.8639288 -0.100000001 -20.9656181 13.675746 -0.0292878095 -20.9781837 13 -0.037651021 -20.9623489 13 -0.0218168516 -20.9656181 13.675746 -0.0292878095 -20.990097 13 -0.0566116273 -20.9781837 13 -0.037651021 -20.9656181 13.675746 -0.0292878095 -20.9974937 13 -0.0777479038 -20.990097 13 -0.0566116273 -20.9656181 13.675746 -0.0292878095 -21 13 -0.100000001 -20.9974937 13 -0.0777479038 -20.9656181 13.675746 -0.0292878095 -20.9149971 14.6062155 -0.0292878095 -20.9153671 14.8639288 -0.100000001 -20.9656181 13.675746 -0.0292878095 -20.9153671 14.8639288 -0.100000001 -21 13 -0.100000001 -20.9656181 13.675746 -0.0292878095 -20.8658791 14.3467388 0 -20.9149971 14.6062155 -0.0292878095 -20.9561749 13.67556 -0.0209655408 -20.8658791 14.3467388 0 -20.9656181 13.675746 -0.0292878095 -20.9561749 13.67556 -0.0209655408 -20.9656181 13.675746 -0.0292878095 -20.9623489 13 -0.0218168516 -20.9465179 13.6753693 -0.0143463053 -20.9222527 13 -0.00250720885 -20.8999996 13 -1.43317975e-15 -20.9465179 13.6753693 -0.0143463053 -20.943388 13 -0.00990311336 -20.9222527 13 -0.00250720885 -20.9465179 13.6753693 -0.0143463053 -20.9623489 13 -0.0218168516 -20.943388 13 -0.00990311336 -20.9465179 13.6753693 -0.0143463053 -20.8999996 13 -1.43317975e-15 -20.8658791 14.3467388 0 -20.9465179 13.6753693 -0.0143463053 -20.9561749 13.67556 -0.0209655408 -20.9623489 13 -0.0218168516 -20.9465179 13.6753693 -0.0143463053 -20.8658791 14.3467388 0 -20.9561749 13.67556 -0.0209655408 -1.6927532 -15 -16.5607243 -2.38681602 -15 -15.5551996 -2.10083103 -15 -16.1000996 -1.18629885 -15 -16.9103031 -0.610901117 -15 -17.1285229 -1.6927532 -15 -16.5607243 0 -15 -17.2026997 0.610901117 -15 -17.1285229 -0.610901117 -15 -17.1285229 0.610901117 -15 -17.1285229 1.18629885 -15 -16.9103031 -0.610901117 -15 -17.1285229 -2.5340879 -15 -14.3423061 -2.10083103 -15 -13.1999016 -2.38681602 -15 -13.7448006 -2.5340879 -15 -14.9576941 -2.10083103 -15 -13.1999016 -2.5340879 -15 -14.3423061 -2.38681602 -15 -15.5551996 -2.10083103 -15 -13.1999016 -2.5340879 -15 -14.9576941 -2.10083103 -15 -13.1999016 -1.18629885 -15 -12.3896961 -1.6927532 -15 -12.7392769 1.6927532 -15 -16.5607243 2.5340879 -15 -14.9576941 1.18629885 -15 -16.9103031 2.10083103 -15 -16.1000996 2.5340879 -15 -14.9576941 1.6927532 -15 -16.5607243 2.38681602 -15 -15.5551996 2.5340879 -15 -14.9576941 2.10083103 -15 -16.1000996 -1.6927532 -15 -16.5607243 2.5340879 -15 -14.3423061 -2.38681602 -15 -15.5551996 -0.610901117 -15 -17.1285229 2.5340879 -15 -14.3423061 -1.6927532 -15 -16.5607243 1.18629885 -15 -16.9103031 2.5340879 -15 -14.3423061 -0.610901117 -15 -17.1285229 2.5340879 -15 -14.9576941 2.5340879 -15 -14.3423061 1.18629885 -15 -16.9103031 -2.38681602 -15 -15.5551996 2.38681602 -15 -13.7448006 -2.10083103 -15 -13.1999016 2.5340879 -15 -14.3423061 2.38681602 -15 -13.7448006 -2.38681602 -15 -15.5551996 -0.610901117 -15 -12.1714764 1.18629885 -15 -12.3896961 3.12615588e-16 -15 -12.0972996 -1.18629885 -15 -12.3896961 1.18629885 -15 -12.3896961 -0.610901117 -15 -12.1714764 3.12615588e-16 -15 -12.0972996 1.18629885 -15 -12.3896961 0.610901117 -15 -12.1714764 2.10083103 -15 -13.1999016 1.6927532 -15 -12.7392769 2.38681602 -15 -13.7448006 -2.10083103 -15 -13.1999016 1.6927532 -15 -12.7392769 -1.18629885 -15 -12.3896961 -1.18629885 -15 -12.3896961 1.6927532 -15 -12.7392769 1.18629885 -15 -12.3896961 2.38681602 -15 -13.7448006 1.6927532 -15 -12.7392769 -2.10083103 -15 -13.1999016 0 -16 -17.2026997 0.610901117 -16 -17.1285229 0 -15 -17.2026997 0 -15 -17.2026997 0.610901117 -16 -17.1285229 0.610901117 -15 -17.1285229 0.610901117 -15 -17.1285229 1.18629885 -16 -16.9103031 1.18629885 -15 -16.9103031 0.610901117 -16 -17.1285229 1.18629885 -16 -16.9103031 0.610901117 -15 -17.1285229 1.18629885 -15 -16.9103031 1.6927532 -16 -16.5607243 1.6927532 -15 -16.5607243 1.18629885 -16 -16.9103031 1.6927532 -16 -16.5607243 1.18629885 -15 -16.9103031 1.6927532 -15 -16.5607243 2.10083103 -16 -16.1000996 2.10083103 -15 -16.1000996 1.6927532 -16 -16.5607243 2.10083103 -16 -16.1000996 1.6927532 -15 -16.5607243 2.10083103 -15 -16.1000996 2.38681602 -16 -15.5551996 2.38681602 -15 -15.5551996 2.10083103 -16 -16.1000996 2.38681602 -16 -15.5551996 2.10083103 -15 -16.1000996 2.38681602 -15 -15.5551996 2.5340879 -16 -14.9576941 2.5340879 -15 -14.9576941 2.38681602 -16 -15.5551996 2.5340879 -16 -14.9576941 2.38681602 -15 -15.5551996 2.5340879 -15 -14.9576941 2.5340879 -16 -14.3423061 2.5340879 -15 -14.3423061 2.5340879 -16 -14.9576941 2.5340879 -16 -14.3423061 2.5340879 -15 -14.9576941 2.5340879 -15 -14.3423061 2.38681602 -16 -13.7448006 2.38681602 -15 -13.7448006 2.38681602 -15 -13.7448006 2.38681602 -16 -13.7448006 2.10083103 -15 -13.1999016 2.5340879 -16 -14.3423061 2.38681602 -16 -13.7448006 2.5340879 -15 -14.3423061 2.38681602 -16 -13.7448006 2.10083103 -16 -13.1999016 2.10083103 -15 -13.1999016 2.10083103 -15 -13.1999016 1.6927532 -16 -12.7392769 1.6927532 -15 -12.7392769 2.10083103 -16 -13.1999016 1.6927532 -16 -12.7392769 2.10083103 -15 -13.1999016 1.6927532 -15 -12.7392769 1.18629885 -16 -12.3896961 1.18629885 -15 -12.3896961 1.6927532 -16 -12.7392769 1.18629885 -16 -12.3896961 1.6927532 -15 -12.7392769 1.18629885 -15 -12.3896961 0.610901117 -16 -12.1714764 0.610901117 -15 -12.1714764 1.18629885 -16 -12.3896961 0.610901117 -16 -12.1714764 1.18629885 -15 -12.3896961 0.610901117 -15 -12.1714764 3.12615588e-16 -16 -12.0972996 3.12615588e-16 -15 -12.0972996 0.610901117 -16 -12.1714764 3.12615588e-16 -16 -12.0972996 0.610901117 -15 -12.1714764 -2.10541439 -16 -17.0265217 -2.10083103 -16 -16.1000996 -2.61297369 -16 -16.4536057 -1.6927532 -16 -16.5607243 -2.10083103 -16 -16.1000996 -2.10541439 -16 -17.0265217 -1.47549605 -16 -17.4613228 -1.18629885 -16 -16.9103031 -2.10541439 -16 -17.0265217 -2.10541439 -16 -17.0265217 -1.18629885 -16 -16.9103031 -1.6927532 -16 -16.5607243 -2.96867657 -16 -15.7758703 -2.38681602 -16 -15.5551996 -3.1518507 -16 -15.0327044 -2.61297369 -16 -16.4536057 -2.38681602 -16 -15.5551996 -2.96867657 -16 -15.7758703 -2.10083103 -16 -16.1000996 -2.38681602 -16 -15.5551996 -2.61297369 -16 -16.4536057 -0.759827256 -16 -17.7327404 -0.610901117 -16 -17.1285229 -1.47549605 -16 -17.4613228 0 -16 -17.8250008 -0.610901117 -16 -17.1285229 -0.759827256 -16 -17.7327404 -1.47549605 -16 -17.4613228 -0.610901117 -16 -17.1285229 -1.18629885 -16 -16.9103031 -2.38681602 -16 -15.5551996 -2.5340879 -16 -14.9576941 -3.1518507 -16 -15.0327044 0 -16 -17.8250008 0 -16 -17.2026997 -0.610901117 -16 -17.1285229 -3.1518507 -16 -15.0327044 -2.5340879 -16 -14.3423061 -3.1518507 -16 -14.2672958 -2.5340879 -16 -14.9576941 -2.5340879 -16 -14.3423061 -3.1518507 -16 -15.0327044 0.759827256 -16 -17.7327404 0.610901117 -16 -17.1285229 0 -16 -17.8250008 0 -16 -17.8250008 0.610901117 -16 -17.1285229 0 -16 -17.2026997 -2.5340879 -16 -14.3423061 -2.96867657 -16 -13.5241299 -3.1518507 -16 -14.2672958 -2.5340879 -16 -14.3423061 -2.38681602 -16 -13.7448006 -2.96867657 -16 -13.5241299 1.47549605 -16 -17.4613228 1.18629885 -16 -16.9103031 0.759827256 -16 -17.7327404 0.759827256 -16 -17.7327404 1.18629885 -16 -16.9103031 0.610901117 -16 -17.1285229 -2.96867657 -16 -13.5241299 -2.10083103 -16 -13.1999016 -2.61297369 -16 -12.8463945 -2.38681602 -16 -13.7448006 -2.10083103 -16 -13.1999016 -2.96867657 -16 -13.5241299 1.47549605 -16 -17.4613228 2.10541439 -16 -17.0265217 1.18629885 -16 -16.9103031 2.10541439 -16 -17.0265217 1.6927532 -16 -16.5607243 1.18629885 -16 -16.9103031 -1.6927532 -16 -12.7392769 -2.10541439 -16 -12.2734785 -2.10083103 -16 -13.1999016 -2.10083103 -16 -13.1999016 -2.10541439 -16 -12.2734785 -2.61297369 -16 -12.8463945 2.10541439 -16 -17.0265217 2.61297369 -16 -16.4536057 1.6927532 -16 -16.5607243 1.6927532 -16 -16.5607243 2.61297369 -16 -16.4536057 2.10083103 -16 -16.1000996 -1.6927532 -16 -12.7392769 -1.47549605 -16 -11.8386774 -2.10541439 -16 -12.2734785 -1.18629885 -16 -12.3896961 -1.47549605 -16 -11.8386774 -1.6927532 -16 -12.7392769 2.61297369 -16 -16.4536057 2.38681602 -16 -15.5551996 2.10083103 -16 -16.1000996 2.61297369 -16 -16.4536057 2.96867657 -16 -15.7758703 2.38681602 -16 -15.5551996 -1.18629885 -16 -12.3896961 -0.759827256 -16 -11.5672598 -1.47549605 -16 -11.8386774 -0.610901117 -16 -12.1714764 -0.759827256 -16 -11.5672598 -1.18629885 -16 -12.3896961 2.96867657 -16 -15.7758703 3.1518507 -16 -15.0327044 2.38681602 -16 -15.5551996 2.38681602 -16 -15.5551996 3.1518507 -16 -15.0327044 2.5340879 -16 -14.9576941 3.12615588e-16 -16 -12.0972996 3.88825366e-16 -16 -11.4750004 -0.610901117 -16 -12.1714764 0.610901117 -16 -12.1714764 3.88825366e-16 -16 -11.4750004 3.12615588e-16 -16 -12.0972996 -0.610901117 -16 -12.1714764 3.88825366e-16 -16 -11.4750004 -0.759827256 -16 -11.5672598 3.1518507 -16 -15.0327044 3.1518507 -16 -14.2672958 2.5340879 -16 -14.9576941 2.5340879 -16 -14.9576941 3.1518507 -16 -14.2672958 2.5340879 -16 -14.3423061 0.610901117 -16 -12.1714764 0.759827256 -16 -11.5672598 3.88825366e-16 -16 -11.4750004 1.18629885 -16 -12.3896961 0.759827256 -16 -11.5672598 0.610901117 -16 -12.1714764 3.1518507 -16 -14.2672958 2.96867657 -16 -13.5241299 2.5340879 -16 -14.3423061 2.5340879 -16 -14.3423061 2.96867657 -16 -13.5241299 2.38681602 -16 -13.7448006 2.38681602 -16 -13.7448006 2.96867657 -16 -13.5241299 2.10083103 -16 -13.1999016 1.18629885 -16 -12.3896961 1.47549605 -16 -11.8386774 0.759827256 -16 -11.5672598 2.96867657 -16 -13.5241299 2.61297369 -16 -12.8463945 2.10083103 -16 -13.1999016 2.10083103 -16 -13.1999016 2.10541439 -16 -12.2734785 1.6927532 -16 -12.7392769 1.6927532 -16 -12.7392769 2.10541439 -16 -12.2734785 1.18629885 -16 -12.3896961 2.61297369 -16 -12.8463945 2.10541439 -16 -12.2734785 2.10083103 -16 -13.1999016 1.18629885 -16 -12.3896961 2.10541439 -16 -12.2734785 1.47549605 -16 -11.8386774 0 -20.5 -17.8250008 0.759827256 -20.5 -17.7327404 0 -16 -17.8250008 0 -16 -17.8250008 0.759827256 -20.5 -17.7327404 0.759827256 -16 -17.7327404 0.759827256 -16 -17.7327404 1.47549605 -20.5 -17.4613228 1.47549605 -16 -17.4613228 1.47549605 -16 -17.4613228 1.47549605 -20.5 -17.4613228 2.10541439 -16 -17.0265217 0.759827256 -20.5 -17.7327404 1.47549605 -20.5 -17.4613228 0.759827256 -16 -17.7327404 1.47549605 -20.5 -17.4613228 2.10541439 -20.5 -17.0265217 2.10541439 -16 -17.0265217 2.10541439 -16 -17.0265217 2.61297369 -20.5 -16.4536057 2.61297369 -16 -16.4536057 2.61297369 -16 -16.4536057 2.61297369 -20.5 -16.4536057 2.96867657 -16 -15.7758703 2.10541439 -20.5 -17.0265217 2.61297369 -20.5 -16.4536057 2.10541439 -16 -17.0265217 2.96867657 -16 -15.7758703 2.96867657 -20.5 -15.7758703 3.1518507 -16 -15.0327044 2.61297369 -20.5 -16.4536057 2.96867657 -20.5 -15.7758703 2.96867657 -16 -15.7758703 2.96867657 -20.5 -15.7758703 3.1518507 -20.5 -15.0327044 3.1518507 -16 -15.0327044 3.1518507 -16 -15.0327044 3.1518507 -20.5 -14.2672958 3.1518507 -16 -14.2672958 3.1518507 -20.5 -15.0327044 3.1518507 -20.5 -14.2672958 3.1518507 -16 -15.0327044 3.1518507 -16 -14.2672958 2.96867657 -20.5 -13.5241299 2.96867657 -16 -13.5241299 3.1518507 -20.5 -14.2672958 2.96867657 -20.5 -13.5241299 3.1518507 -16 -14.2672958 2.96867657 -16 -13.5241299 2.61297369 -20.5 -12.8463945 2.61297369 -16 -12.8463945 2.61297369 -16 -12.8463945 2.61297369 -20.5 -12.8463945 2.10541439 -16 -12.2734785 2.96867657 -20.5 -13.5241299 2.61297369 -20.5 -12.8463945 2.96867657 -16 -13.5241299 2.61297369 -20.5 -12.8463945 2.10541439 -20.5 -12.2734785 2.10541439 -16 -12.2734785 2.10541439 -16 -12.2734785 1.47549605 -20.5 -11.8386774 1.47549605 -16 -11.8386774 2.10541439 -20.5 -12.2734785 1.47549605 -20.5 -11.8386774 2.10541439 -16 -12.2734785 1.47549605 -16 -11.8386774 0.759827256 -20.5 -11.5672598 0.759827256 -16 -11.5672598 1.47549605 -20.5 -11.8386774 0.759827256 -20.5 -11.5672598 1.47549605 -16 -11.8386774 0.759827256 -16 -11.5672598 3.88825366e-16 -20.5 -11.4750004 3.88825366e-16 -16 -11.4750004 0.759827256 -20.5 -11.5672598 3.88825366e-16 -20.5 -11.4750004 0.759827256 -16 -11.5672598 19.7000008 -5.5250001 -14.3699999 20.7999992 -5.5250001 -14.3699999 19.7000008 -5.83652925 -14.4051008 20.7999992 -5.5250001 -14.3699999 20.7999992 -5.83652925 -14.4051008 19.7000008 -5.83652925 -14.4051008 19.7000008 -5.83652925 -14.4051008 20.7999992 -6.13243723 -14.5086432 19.7000008 -6.13243723 -14.5086432 20.7999992 -5.83652925 -14.4051008 20.7999992 -6.13243723 -14.5086432 19.7000008 -5.83652925 -14.4051008 19.7000008 -6.13243723 -14.5086432 20.7999992 -6.3978858 -14.675436 19.7000008 -6.3978858 -14.675436 20.7999992 -6.13243723 -14.5086432 20.7999992 -6.3978858 -14.675436 19.7000008 -6.13243723 -14.5086432 19.7000008 -6.3978858 -14.675436 20.7999992 -6.61956406 -14.8971148 19.7000008 -6.61956406 -14.8971148 20.7999992 -6.3978858 -14.675436 20.7999992 -6.61956406 -14.8971148 19.7000008 -6.3978858 -14.675436 19.7000008 -6.61956406 -14.8971148 20.7999992 -6.78635645 -15.1625624 19.7000008 -6.78635645 -15.1625624 20.7999992 -6.61956406 -14.8971148 20.7999992 -6.78635645 -15.1625624 19.7000008 -6.61956406 -14.8971148 19.7000008 -6.78635645 -15.1625624 20.7999992 -6.88989925 -15.4584703 19.7000008 -6.88989925 -15.4584703 20.7999992 -6.78635645 -15.1625624 20.7999992 -6.88989925 -15.4584703 19.7000008 -6.78635645 -15.1625624 19.7000008 -6.88989925 -15.4584703 20.7999992 -6.92500019 -15.7700005 19.7000008 -6.92500019 -15.7700005 20.7999992 -6.88989925 -15.4584703 20.7999992 -6.92500019 -15.7700005 19.7000008 -6.88989925 -15.4584703 19.7000008 -6.92500019 -15.7700005 20.7999992 -6.92500019 -15.7700005 19.7000008 -6.92500019 -16.6000004 20.7999992 -6.92500019 -15.7700005 20.7999992 -6.92500019 -16.6000004 19.7000008 -6.92500019 -16.6000004 19.7000008 -6.92500019 -16.6000004 20.7999992 -6.92500019 -16.6000004 19.7000008 -6.88989925 -16.9115295 20.7999992 -6.92500019 -16.6000004 20.7999992 -6.88989925 -16.9115295 19.7000008 -6.88989925 -16.9115295 19.7000008 -6.88989925 -16.9115295 20.7999992 -6.78635645 -17.2074375 19.7000008 -6.78635645 -17.2074375 20.7999992 -6.88989925 -16.9115295 20.7999992 -6.78635645 -17.2074375 19.7000008 -6.88989925 -16.9115295 19.7000008 -6.78635645 -17.2074375 20.7999992 -6.61956406 -17.4728851 19.7000008 -6.61956406 -17.4728851 20.7999992 -6.78635645 -17.2074375 20.7999992 -6.61956406 -17.4728851 19.7000008 -6.78635645 -17.2074375 19.7000008 -6.61956406 -17.4728851 20.7999992 -6.3978858 -17.6945648 19.7000008 -6.3978858 -17.6945648 20.7999992 -6.61956406 -17.4728851 20.7999992 -6.3978858 -17.6945648 19.7000008 -6.61956406 -17.4728851 19.7000008 -6.3978858 -17.6945648 20.7999992 -6.13243723 -17.8613567 19.7000008 -6.13243723 -17.8613567 20.7999992 -6.3978858 -17.6945648 20.7999992 -6.13243723 -17.8613567 19.7000008 -6.3978858 -17.6945648 19.7000008 -6.13243723 -17.8613567 20.7999992 -5.83652925 -17.9648991 19.7000008 -5.83652925 -17.9648991 20.7999992 -6.13243723 -17.8613567 20.7999992 -5.83652925 -17.9648991 19.7000008 -6.13243723 -17.8613567 19.7000008 -5.83652925 -17.9648991 20.7999992 -5.5250001 -18 19.7000008 -5.5250001 -18 20.7999992 -5.83652925 -17.9648991 20.7999992 -5.5250001 -18 19.7000008 -5.83652925 -17.9648991 20.7999992 5.5250001 -18 19.7000008 5.5250001 -18 20.7999992 -5.5250001 -18 20.7999992 -5.5250001 -18 19.7000008 5.5250001 -18 19.7000008 -5.5250001 -18 19.7000008 5.5250001 -18 20.7999992 5.5250001 -18 19.7000008 5.83652925 -17.9648991 20.7999992 5.5250001 -18 20.7999992 5.83652925 -17.9648991 19.7000008 5.83652925 -17.9648991 19.7000008 5.83652925 -17.9648991 20.7999992 6.13243723 -17.8613567 19.7000008 6.13243723 -17.8613567 20.7999992 5.83652925 -17.9648991 20.7999992 6.13243723 -17.8613567 19.7000008 5.83652925 -17.9648991 19.7000008 6.13243723 -17.8613567 20.7999992 6.3978858 -17.6945648 19.7000008 6.3978858 -17.6945648 20.7999992 6.13243723 -17.8613567 20.7999992 6.3978858 -17.6945648 19.7000008 6.13243723 -17.8613567 19.7000008 6.3978858 -17.6945648 20.7999992 6.61956406 -17.4728851 19.7000008 6.61956406 -17.4728851 20.7999992 6.3978858 -17.6945648 20.7999992 6.61956406 -17.4728851 19.7000008 6.3978858 -17.6945648 19.7000008 6.61956406 -17.4728851 20.7999992 6.78635645 -17.2074375 19.7000008 6.78635645 -17.2074375 20.7999992 6.61956406 -17.4728851 20.7999992 6.78635645 -17.2074375 19.7000008 6.61956406 -17.4728851 19.7000008 6.78635645 -17.2074375 20.7999992 6.88989925 -16.9115295 19.7000008 6.88989925 -16.9115295 20.7999992 6.78635645 -17.2074375 20.7999992 6.88989925 -16.9115295 19.7000008 6.78635645 -17.2074375 19.7000008 6.88989925 -16.9115295 20.7999992 6.92500019 -16.6000004 19.7000008 6.92500019 -16.6000004 20.7999992 6.88989925 -16.9115295 20.7999992 6.92500019 -16.6000004 19.7000008 6.88989925 -16.9115295 20.7999992 6.92500019 -16.6000004 20.7999992 6.92500019 -16.3356857 19.7000008 6.92500019 -16.6000004 19.7000008 6.92500019 -16.6000004 20.7999992 6.92500019 -16.3356857 19.7000008 6.92500019 -16.3356857 20.7999992 6.66139603 -15.6992893 19.7000008 6.77332258 -15.8356724 20.7999992 6.77332258 -15.8356724 19.7000008 6.66139603 -15.6992893 19.7000008 6.77332258 -15.8356724 20.7999992 6.66139603 -15.6992893 20.7999992 6.77332258 -15.8356724 19.7000008 6.85649157 -15.9912701 20.7999992 6.85649157 -15.9912701 19.7000008 6.77332258 -15.8356724 19.7000008 6.85649157 -15.9912701 20.7999992 6.77332258 -15.8356724 20.7999992 6.90770674 -16.1601048 19.7000008 6.90770674 -16.1601048 20.7999992 6.92500019 -16.3356857 20.7999992 6.85649157 -15.9912701 19.7000008 6.90770674 -16.1601048 20.7999992 6.90770674 -16.1601048 19.7000008 6.85649157 -15.9912701 19.7000008 6.90770674 -16.1601048 20.7999992 6.85649157 -15.9912701 19.7000008 6.90770674 -16.1601048 19.7000008 6.92500019 -16.3356857 20.7999992 6.92500019 -16.3356857 20.7999992 6.66139603 -15.6992893 19.7000008 5.59571075 -14.633604 19.7000008 6.66139603 -15.6992893 20.7999992 6.66139603 -15.6992893 20.7999992 5.59571075 -14.633604 19.7000008 5.59571075 -14.633604 20.7999992 4.95931435 -14.3699999 19.7000008 5.1348958 -14.3872929 20.7999992 5.1348958 -14.3872929 19.7000008 4.95931435 -14.3699999 19.7000008 5.1348958 -14.3872929 20.7999992 4.95931435 -14.3699999 20.7999992 5.1348958 -14.3872929 19.7000008 5.30372953 -14.438508 20.7999992 5.30372953 -14.438508 19.7000008 5.1348958 -14.3872929 19.7000008 5.30372953 -14.438508 20.7999992 5.1348958 -14.3872929 20.7999992 5.30372953 -14.438508 19.7000008 5.4593277 -14.521677 20.7999992 5.4593277 -14.521677 19.7000008 5.30372953 -14.438508 19.7000008 5.4593277 -14.521677 20.7999992 5.30372953 -14.438508 20.7999992 5.4593277 -14.521677 19.7000008 5.59571075 -14.633604 20.7999992 5.59571075 -14.633604 19.7000008 5.4593277 -14.521677 19.7000008 5.59571075 -14.633604 20.7999992 5.4593277 -14.521677 20.7999992 4.95931435 -14.3699999 20.7999992 -5.5250001 -14.3699999 19.7000008 4.95931435 -14.3699999 19.7000008 4.95931435 -14.3699999 20.7999992 -5.5250001 -14.3699999 19.7000008 -5.5250001 -14.3699999 20.7800007 -9 -16.9850006 20.7800007 -8.80854702 -16.9617538 18 -9 -16.9850006 18 -9 -16.9850006 20.7800007 -8.80854702 -16.9617538 18 -8.80854702 -16.9617538 18 -8.80854702 -16.9617538 20.7800007 -8.62822151 -16.893364 18 -8.62822151 -16.893364 20.7800007 -8.80854702 -16.9617538 20.7800007 -8.62822151 -16.893364 18 -8.80854702 -16.9617538 18 -8.62822151 -16.893364 20.7800007 -8.4695015 -16.7838078 18 -8.4695015 -16.7838078 20.7800007 -8.62822151 -16.893364 20.7800007 -8.4695015 -16.7838078 18 -8.62822151 -16.893364 18 -8.4695015 -16.7838078 20.7800007 -8.34161282 -16.639452 18 -8.34161282 -16.639452 20.7800007 -8.4695015 -16.7838078 20.7800007 -8.34161282 -16.639452 18 -8.4695015 -16.7838078 18 -8.34161282 -16.639452 20.7800007 -8.25198746 -16.4686832 18 -8.25198746 -16.4686832 18 -8.25198746 -16.4686832 20.7800007 -8.25198746 -16.4686832 18 -8.20583248 -16.2814293 20.7800007 -8.34161282 -16.639452 20.7800007 -8.25198746 -16.4686832 18 -8.34161282 -16.639452 20.7800007 -8.25198746 -16.4686832 20.7800007 -8.20583248 -16.2814293 18 -8.20583248 -16.2814293 18 -8.20583248 -16.2814293 20.7800007 -8.20583248 -16.0885715 18 -8.20583248 -16.0885715 20.7800007 -8.20583248 -16.2814293 20.7800007 -8.20583248 -16.0885715 18 -8.20583248 -16.2814293 18 -8.20583248 -16.0885715 20.7800007 -8.25198746 -15.9013157 18 -8.25198746 -15.9013157 18 -8.25198746 -15.9013157 20.7800007 -8.25198746 -15.9013157 18 -8.34161282 -15.7305479 20.7800007 -8.20583248 -16.0885715 20.7800007 -8.25198746 -15.9013157 18 -8.20583248 -16.0885715 20.7800007 -8.25198746 -15.9013157 20.7800007 -8.34161282 -15.7305479 18 -8.34161282 -15.7305479 18 -8.34161282 -15.7305479 20.7800007 -8.4695015 -15.5861912 18 -8.4695015 -15.5861912 20.7800007 -8.34161282 -15.7305479 20.7800007 -8.4695015 -15.5861912 18 -8.34161282 -15.7305479 18 -8.4695015 -15.5861912 20.7800007 -8.62822151 -15.476635 18 -8.62822151 -15.476635 18 -8.62822151 -15.476635 20.7800007 -8.62822151 -15.476635 18 -8.80854702 -15.408247 20.7800007 -8.4695015 -15.5861912 20.7800007 -8.62822151 -15.476635 18 -8.4695015 -15.5861912 20.7800007 -8.62822151 -15.476635 20.7800007 -8.80854702 -15.408247 18 -8.80854702 -15.408247 18 -8.80854702 -15.408247 20.7800007 -9 -15.3850002 18 -9 -15.3850002 20.7800007 -8.80854702 -15.408247 20.7800007 -9 -15.3850002 18 -8.80854702 -15.408247 20.7800007 9 -16.9850006 20.7800007 9.19145298 -16.9617538 18 9 -16.9850006 18 9 -16.9850006 20.7800007 9.19145298 -16.9617538 18 9.19145298 -16.9617538 18 9.19145298 -16.9617538 20.7800007 9.37177849 -16.893364 18 9.37177849 -16.893364 20.7800007 9.19145298 -16.9617538 20.7800007 9.37177849 -16.893364 18 9.19145298 -16.9617538 18 9.37177849 -16.893364 20.7800007 9.5304985 -16.7838078 18 9.5304985 -16.7838078 20.7800007 9.37177849 -16.893364 20.7800007 9.5304985 -16.7838078 18 9.37177849 -16.893364 18 9.5304985 -16.7838078 20.7800007 9.65838718 -16.639452 18 9.65838718 -16.639452 20.7800007 9.5304985 -16.7838078 20.7800007 9.65838718 -16.639452 18 9.5304985 -16.7838078 18 9.65838718 -16.639452 20.7800007 9.74801254 -16.4686832 18 9.74801254 -16.4686832 18 9.74801254 -16.4686832 20.7800007 9.74801254 -16.4686832 18 9.79416752 -16.2814293 20.7800007 9.65838718 -16.639452 20.7800007 9.74801254 -16.4686832 18 9.65838718 -16.639452 20.7800007 9.74801254 -16.4686832 20.7800007 9.79416752 -16.2814293 18 9.79416752 -16.2814293 18 9.79416752 -16.2814293 20.7800007 9.79416752 -16.0885715 18 9.79416752 -16.0885715 20.7800007 9.79416752 -16.2814293 20.7800007 9.79416752 -16.0885715 18 9.79416752 -16.2814293 18 9.79416752 -16.0885715 20.7800007 9.74801254 -15.9013157 18 9.74801254 -15.9013157 18 9.74801254 -15.9013157 20.7800007 9.74801254 -15.9013157 18 9.65838718 -15.7305479 20.7800007 9.79416752 -16.0885715 20.7800007 9.74801254 -15.9013157 18 9.79416752 -16.0885715 20.7800007 9.74801254 -15.9013157 20.7800007 9.65838718 -15.7305479 18 9.65838718 -15.7305479 18 9.65838718 -15.7305479 20.7800007 9.5304985 -15.5861912 18 9.5304985 -15.5861912 20.7800007 9.65838718 -15.7305479 20.7800007 9.5304985 -15.5861912 18 9.65838718 -15.7305479 18 9.5304985 -15.5861912 20.7800007 9.37177849 -15.476635 18 9.37177849 -15.476635 18 9.37177849 -15.476635 20.7800007 9.37177849 -15.476635 18 9.19145298 -15.408247 20.7800007 9.5304985 -15.5861912 20.7800007 9.37177849 -15.476635 18 9.5304985 -15.5861912 20.7800007 9.37177849 -15.476635 20.7800007 9.19145298 -15.408247 18 9.19145298 -15.408247 18 9.19145298 -15.408247 20.7800007 9 -15.3850002 18 9 -15.3850002 20.7800007 9.19145298 -15.408247 20.7800007 9 -15.3850002 18 9.19145298 -15.408247 0 -21 -18.3250008 0.879485071 -21 -18.2182121 0 -20.5 -17.8250008 0 -20.5 -17.8250008 0.879485071 -21 -18.2182121 0.759827256 -20.5 -17.7327404 0.759827256 -20.5 -17.7327404 1.70785761 -21 -17.9040508 1.47549605 -20.5 -17.4613228 0.879485071 -21 -18.2182121 1.70785761 -21 -17.9040508 0.759827256 -20.5 -17.7327404 1.47549605 -20.5 -17.4613228 2.43697572 -21 -17.4007778 2.10541439 -20.5 -17.0265217 1.70785761 -21 -17.9040508 2.43697572 -21 -17.4007778 1.47549605 -20.5 -17.4613228 2.10541439 -20.5 -17.0265217 3.0244658 -21 -16.7376385 2.61297369 -20.5 -16.4536057 2.43697572 -21 -17.4007778 3.0244658 -21 -16.7376385 2.10541439 -20.5 -17.0265217 3.0244658 -21 -16.7376385 2.96867657 -20.5 -15.7758703 2.61297369 -20.5 -16.4536057 3.0244658 -21 -16.7376385 3.43618464 -21 -15.9531727 2.96867657 -20.5 -15.7758703 2.96867657 -20.5 -15.7758703 3.64820504 -21 -15.0929728 3.1518507 -20.5 -15.0327044 3.43618464 -21 -15.9531727 3.64820504 -21 -15.0929728 2.96867657 -20.5 -15.7758703 3.1518507 -20.5 -15.0327044 3.64820504 -21 -14.2070274 3.1518507 -20.5 -14.2672958 3.64820504 -21 -15.0929728 3.64820504 -21 -14.2070274 3.1518507 -20.5 -15.0327044 3.1518507 -20.5 -14.2672958 3.43618464 -21 -13.3468275 2.96867657 -20.5 -13.5241299 3.64820504 -21 -14.2070274 3.43618464 -21 -13.3468275 3.1518507 -20.5 -14.2672958 2.96867657 -20.5 -13.5241299 3.0244658 -21 -12.5623617 2.61297369 -20.5 -12.8463945 3.43618464 -21 -13.3468275 3.0244658 -21 -12.5623617 2.96867657 -20.5 -13.5241299 2.61297369 -20.5 -12.8463945 2.43697572 -21 -11.8992233 2.10541439 -20.5 -12.2734785 3.0244658 -21 -12.5623617 2.43697572 -21 -11.8992233 2.61297369 -20.5 -12.8463945 2.10541439 -20.5 -12.2734785 1.70785761 -21 -11.3959494 1.47549605 -20.5 -11.8386774 2.43697572 -21 -11.8992233 1.70785761 -21 -11.3959494 2.10541439 -20.5 -12.2734785 1.47549605 -20.5 -11.8386774 0.879485071 -21 -11.081789 0.759827256 -20.5 -11.5672598 1.70785761 -21 -11.3959494 0.879485071 -21 -11.081789 1.47549605 -20.5 -11.8386774 0.879485071 -21 -11.081789 3.88825366e-16 -20.5 -11.4750004 0.759827256 -20.5 -11.5672598 0.879485071 -21 -11.081789 4.50057722e-16 -21 -10.9750004 3.88825366e-16 -20.5 -11.4750004 21 -5.5250001 -14.1700001 21 -5.88103342 -14.2101154 20.7999992 -5.5250001 -14.3699999 20.7999992 -5.5250001 -14.3699999 21 -5.88103342 -14.2101154 20.7999992 -5.83652925 -14.4051008 20.7999992 -5.83652925 -14.4051008 21 -6.21921396 -14.3284502 20.7999992 -6.13243723 -14.5086432 21 -5.88103342 -14.2101154 21 -6.21921396 -14.3284502 20.7999992 -5.83652925 -14.4051008 20.7999992 -6.13243723 -14.5086432 21 -6.52258348 -14.5190697 20.7999992 -6.3978858 -14.675436 21 -6.21921396 -14.3284502 21 -6.52258348 -14.5190697 20.7999992 -6.13243723 -14.5086432 20.7999992 -6.3978858 -14.675436 21 -6.7759304 -14.7724161 20.7999992 -6.61956406 -14.8971148 21 -6.52258348 -14.5190697 21 -6.7759304 -14.7724161 20.7999992 -6.3978858 -14.675436 20.7999992 -6.61956406 -14.8971148 21 -6.96655035 -15.0757856 20.7999992 -6.78635645 -15.1625624 21 -6.7759304 -14.7724161 21 -6.96655035 -15.0757856 20.7999992 -6.61956406 -14.8971148 20.7999992 -6.78635645 -15.1625624 21 -7.08488464 -15.4139662 20.7999992 -6.88989925 -15.4584703 21 -6.96655035 -15.0757856 21 -7.08488464 -15.4139662 20.7999992 -6.78635645 -15.1625624 20.7999992 -6.88989925 -15.4584703 21 -7.125 -15.7700005 20.7999992 -6.92500019 -15.7700005 21 -7.08488464 -15.4139662 21 -7.125 -15.7700005 20.7999992 -6.88989925 -15.4584703 20.7999992 -6.92500019 -16.6000004 21 -7.125 -15.7700005 21 -7.125 -16.6000004 20.7999992 -6.92500019 -15.7700005 21 -7.125 -15.7700005 20.7999992 -6.92500019 -16.6000004 21 -7.125 -16.6000004 20.7999992 -6.88989925 -16.9115295 20.7999992 -6.92500019 -16.6000004 21 -7.125 -16.6000004 21 -7.08488464 -16.9560337 20.7999992 -6.88989925 -16.9115295 20.7999992 -6.88989925 -16.9115295 21 -6.96655035 -17.2942142 20.7999992 -6.78635645 -17.2074375 21 -7.08488464 -16.9560337 21 -6.96655035 -17.2942142 20.7999992 -6.88989925 -16.9115295 20.7999992 -6.78635645 -17.2074375 21 -6.7759304 -17.5975838 20.7999992 -6.61956406 -17.4728851 21 -6.96655035 -17.2942142 21 -6.7759304 -17.5975838 20.7999992 -6.78635645 -17.2074375 20.7999992 -6.61956406 -17.4728851 21 -6.52258348 -17.8509312 20.7999992 -6.3978858 -17.6945648 21 -6.7759304 -17.5975838 21 -6.52258348 -17.8509312 20.7999992 -6.61956406 -17.4728851 20.7999992 -6.3978858 -17.6945648 21 -6.21921396 -18.0415497 20.7999992 -6.13243723 -17.8613567 21 -6.52258348 -17.8509312 21 -6.21921396 -18.0415497 20.7999992 -6.3978858 -17.6945648 20.7999992 -6.13243723 -17.8613567 21 -5.88103342 -18.1598854 20.7999992 -5.83652925 -17.9648991 21 -6.21921396 -18.0415497 21 -5.88103342 -18.1598854 20.7999992 -6.13243723 -17.8613567 21 -5.88103342 -18.1598854 20.7999992 -5.5250001 -18 20.7999992 -5.83652925 -17.9648991 21 -5.88103342 -18.1598854 21 -5.5250001 -18.2000008 20.7999992 -5.5250001 -18 21 -5.5250001 -18.2000008 21 5.5250001 -18.2000008 20.7999992 -5.5250001 -18 21 5.5250001 -18.2000008 20.7999992 5.5250001 -18 20.7999992 -5.5250001 -18 21 5.5250001 -18.2000008 21 5.88103342 -18.1598854 20.7999992 5.5250001 -18 20.7999992 5.5250001 -18 21 5.88103342 -18.1598854 20.7999992 5.83652925 -17.9648991 20.7999992 5.83652925 -17.9648991 21 6.21921396 -18.0415497 20.7999992 6.13243723 -17.8613567 21 5.88103342 -18.1598854 21 6.21921396 -18.0415497 20.7999992 5.83652925 -17.9648991 20.7999992 6.13243723 -17.8613567 21 6.52258348 -17.8509312 20.7999992 6.3978858 -17.6945648 21 6.21921396 -18.0415497 21 6.52258348 -17.8509312 20.7999992 6.13243723 -17.8613567 20.7999992 6.3978858 -17.6945648 21 6.7759304 -17.5975838 20.7999992 6.61956406 -17.4728851 21 6.52258348 -17.8509312 21 6.7759304 -17.5975838 20.7999992 6.3978858 -17.6945648 20.7999992 6.61956406 -17.4728851 21 6.96655035 -17.2942142 20.7999992 6.78635645 -17.2074375 21 6.7759304 -17.5975838 21 6.96655035 -17.2942142 20.7999992 6.61956406 -17.4728851 20.7999992 6.78635645 -17.2074375 21 7.08488464 -16.9560337 20.7999992 6.88989925 -16.9115295 21 6.96655035 -17.2942142 21 7.08488464 -16.9560337 20.7999992 6.78635645 -17.2074375 20.7999992 6.88989925 -16.9115295 21 7.125 -16.6000004 20.7999992 6.92500019 -16.6000004 21 7.08488464 -16.9560337 21 7.125 -16.6000004 20.7999992 6.88989925 -16.9115295 21 7.125 -16.6000004 20.7999992 6.92500019 -16.3356857 20.7999992 6.92500019 -16.6000004 21 7.125 -16.3356857 20.7999992 6.92500019 -16.3356857 21 7.125 -16.6000004 20.7999992 6.92500019 -16.3356857 21 7.125 -16.3356857 20.7999992 6.90770674 -16.1601048 20.7999992 6.90770674 -16.1601048 21 7.10386372 -16.1210861 20.7999992 6.85649157 -15.9912701 21 7.125 -16.3356857 21 7.10386372 -16.1210861 20.7999992 6.90770674 -16.1601048 20.7999992 6.85649157 -15.9912701 21 7.0412674 -15.9147339 20.7999992 6.77332258 -15.8356724 21 7.10386372 -16.1210861 21 7.0412674 -15.9147339 20.7999992 6.85649157 -15.9912701 21 7.0412674 -15.9147339 21 6.93961668 -15.7245579 20.7999992 6.77332258 -15.8356724 20.7999992 6.77332258 -15.8356724 21 6.80281734 -15.557868 20.7999992 6.66139603 -15.6992893 21 6.93961668 -15.7245579 21 6.80281734 -15.557868 20.7999992 6.77332258 -15.8356724 21 6.80281734 -15.557868 21 5.73713207 -14.4921827 20.7999992 6.66139603 -15.6992893 21 5.73713207 -14.4921827 20.7999992 5.59571075 -14.633604 20.7999992 6.66139603 -15.6992893 20.7999992 5.59571075 -14.633604 21 5.73713207 -14.4921827 20.7999992 5.4593277 -14.521677 20.7999992 5.4593277 -14.521677 21 5.57044172 -14.3553839 20.7999992 5.30372953 -14.438508 21 5.73713207 -14.4921827 21 5.57044172 -14.3553839 20.7999992 5.4593277 -14.521677 20.7999992 5.30372953 -14.438508 21 5.38026619 -14.2537327 20.7999992 5.1348958 -14.3872929 21 5.57044172 -14.3553839 21 5.38026619 -14.2537327 20.7999992 5.30372953 -14.438508 20.7999992 5.1348958 -14.3872929 21 5.17391396 -14.1911364 20.7999992 4.95931435 -14.3699999 21 5.38026619 -14.2537327 21 5.17391396 -14.1911364 20.7999992 5.1348958 -14.3872929 21 5.17391396 -14.1911364 21 4.95931435 -14.1700001 20.7999992 4.95931435 -14.3699999 20.7999992 -5.5250001 -14.3699999 20.7999992 4.95931435 -14.3699999 21 -5.5250001 -14.1700001 20.7999992 4.95931435 -14.3699999 21 4.95931435 -14.1700001 21 -5.5250001 -14.1700001 21 -9 -17.2049999 21 -8.75589848 -17.1753597 20.7800007 -9 -16.9850006 20.7800007 -9 -16.9850006 21 -8.75589848 -17.1753597 20.7800007 -8.80854702 -16.9617538 20.7800007 -8.80854702 -16.9617538 21 -8.5259819 -17.0881653 20.7800007 -8.62822151 -16.893364 21 -8.75589848 -17.1753597 21 -8.5259819 -17.0881653 20.7800007 -8.80854702 -16.9617538 20.7800007 -8.62822151 -16.893364 21 -8.32361507 -16.9484806 20.7800007 -8.4695015 -16.7838078 21 -8.5259819 -17.0881653 21 -8.32361507 -16.9484806 20.7800007 -8.62822151 -16.893364 20.7800007 -8.4695015 -16.7838078 21 -8.16055679 -16.7644253 20.7800007 -8.34161282 -16.639452 21 -8.32361507 -16.9484806 21 -8.16055679 -16.7644253 20.7800007 -8.4695015 -16.7838078 20.7800007 -8.34161282 -16.639452 21 -8.04628372 -16.5466976 20.7800007 -8.25198746 -16.4686832 21 -8.16055679 -16.7644253 21 -8.04628372 -16.5466976 20.7800007 -8.34161282 -16.639452 20.7800007 -8.25198746 -16.4686832 21 -7.98743677 -16.3079472 20.7800007 -8.20583248 -16.2814293 21 -8.04628372 -16.5466976 21 -7.98743677 -16.3079472 20.7800007 -8.25198746 -16.4686832 20.7800007 -8.20583248 -16.2814293 21 -7.98743677 -16.0620518 20.7800007 -8.20583248 -16.0885715 21 -7.98743677 -16.3079472 21 -7.98743677 -16.0620518 20.7800007 -8.20583248 -16.2814293 20.7800007 -8.20583248 -16.0885715 21 -8.04628372 -15.8233032 20.7800007 -8.25198746 -15.9013157 21 -7.98743677 -16.0620518 21 -8.04628372 -15.8233032 20.7800007 -8.20583248 -16.0885715 20.7800007 -8.25198746 -15.9013157 21 -8.16055679 -15.6055737 20.7800007 -8.34161282 -15.7305479 21 -8.04628372 -15.8233032 21 -8.16055679 -15.6055737 20.7800007 -8.25198746 -15.9013157 20.7800007 -8.34161282 -15.7305479 21 -8.32361507 -15.4215193 20.7800007 -8.4695015 -15.5861912 21 -8.16055679 -15.6055737 21 -8.32361507 -15.4215193 20.7800007 -8.34161282 -15.7305479 20.7800007 -8.4695015 -15.5861912 21 -8.5259819 -15.2818346 20.7800007 -8.62822151 -15.476635 21 -8.32361507 -15.4215193 21 -8.5259819 -15.2818346 20.7800007 -8.4695015 -15.5861912 20.7800007 -8.62822151 -15.476635 21 -8.75589848 -15.1946392 20.7800007 -8.80854702 -15.408247 20.7800007 -8.80854702 -15.408247 21 -8.75589848 -15.1946392 20.7800007 -9 -15.3850002 21 -8.5259819 -15.2818346 21 -8.75589848 -15.1946392 20.7800007 -8.62822151 -15.476635 21 -8.75589848 -15.1946392 21 -9 -15.165 20.7800007 -9 -15.3850002 21 9 -17.2049999 21 9.24410152 -17.1753597 20.7800007 9 -16.9850006 20.7800007 9 -16.9850006 21 9.24410152 -17.1753597 20.7800007 9.19145298 -16.9617538 20.7800007 9.19145298 -16.9617538 21 9.4740181 -17.0881653 20.7800007 9.37177849 -16.893364 21 9.24410152 -17.1753597 21 9.4740181 -17.0881653 20.7800007 9.19145298 -16.9617538 20.7800007 9.37177849 -16.893364 21 9.67638493 -16.9484806 20.7800007 9.5304985 -16.7838078 21 9.4740181 -17.0881653 21 9.67638493 -16.9484806 20.7800007 9.37177849 -16.893364 20.7800007 9.5304985 -16.7838078 21 9.83944321 -16.7644253 20.7800007 9.65838718 -16.639452 21 9.67638493 -16.9484806 21 9.83944321 -16.7644253 20.7800007 9.5304985 -16.7838078 20.7800007 9.65838718 -16.639452 21 9.95371628 -16.5466976 20.7800007 9.74801254 -16.4686832 21 9.83944321 -16.7644253 21 9.95371628 -16.5466976 20.7800007 9.65838718 -16.639452 20.7800007 9.74801254 -16.4686832 21 10.0125628 -16.3079472 20.7800007 9.79416752 -16.2814293 21 9.95371628 -16.5466976 21 10.0125628 -16.3079472 20.7800007 9.74801254 -16.4686832 20.7800007 9.79416752 -16.2814293 21 10.0125628 -16.0620518 20.7800007 9.79416752 -16.0885715 21 10.0125628 -16.3079472 21 10.0125628 -16.0620518 20.7800007 9.79416752 -16.2814293 20.7800007 9.79416752 -16.0885715 21 9.95371628 -15.8233032 20.7800007 9.74801254 -15.9013157 21 10.0125628 -16.0620518 21 9.95371628 -15.8233032 20.7800007 9.79416752 -16.0885715 20.7800007 9.74801254 -15.9013157 21 9.83944321 -15.6055737 20.7800007 9.65838718 -15.7305479 21 9.95371628 -15.8233032 21 9.83944321 -15.6055737 20.7800007 9.74801254 -15.9013157 20.7800007 9.65838718 -15.7305479 21 9.67638493 -15.4215193 20.7800007 9.5304985 -15.5861912 21 9.83944321 -15.6055737 21 9.67638493 -15.4215193 20.7800007 9.65838718 -15.7305479 20.7800007 9.5304985 -15.5861912 21 9.4740181 -15.2818346 20.7800007 9.37177849 -15.476635 21 9.67638493 -15.4215193 21 9.4740181 -15.2818346 20.7800007 9.5304985 -15.5861912 20.7800007 9.37177849 -15.476635 21 9.24410152 -15.1946392 20.7800007 9.19145298 -15.408247 20.7800007 9.19145298 -15.408247 21 9.24410152 -15.1946392 20.7800007 9 -15.3850002 21 9.4740181 -15.2818346 21 9.24410152 -15.1946392 20.7800007 9.37177849 -15.476635 21 9.24410152 -15.1946392 21 9 -15.165 20.7800007 9 -15.3850002 -18.0017567 -18.298851 -9.30000019 -19.4078827 -18.4332962 -9.30000019 -18.3690701 -19.4597626 -9.30000019 -18.796217 -17.3871899 -9.30000019 -20.1383095 -17.3409805 -9.30000019 -19.4078827 -18.4332962 -9.30000019 -18.796217 -17.3871899 -9.30000019 -19.4078827 -18.4332962 -9.30000019 -18.0017567 -18.298851 -9.30000019 -16.9344101 -19.0833797 -9.30000019 -18.3690701 -19.4597626 -9.30000019 -17.1498642 -20.2370663 -9.30000019 -16.9344101 -19.0833797 -9.30000019 -18.0017567 -18.298851 -9.30000019 -18.3690701 -19.4597626 -9.30000019 -19.331913 -16.4440498 -9.30000019 -20.651823 -16.1064892 -9.30000019 -20.1383095 -17.3409805 -9.30000019 -19.331913 -16.4440498 -9.30000019 -20.1383095 -17.3409805 -9.30000019 -18.796217 -17.3871899 -9.30000019 -15.7801352 -19.5804234 -9.30000019 -16.9344101 -19.0833797 -9.30000019 -17.1498642 -20.2370663 -9.30000019 -15.7801352 -19.5804234 -9.30000019 -17.1498642 -20.2370663 -9.30000019 -15.812685 -20.734602 -9.30000019 -19.680172 -15.411067 -9.30000019 -20.651823 -16.1064892 -9.30000019 -19.331913 -16.4440498 -9.30000019 -19.680172 -15.411067 -9.30000019 -20.9153671 -14.8639288 -9.30000019 -20.651823 -16.1064892 -9.30000019 -14.8643436 -19.7847595 -9.30000019 -15.7801352 -19.5804234 -9.30000019 -15.812685 -20.734602 -9.30000019 -14.8643436 -19.7847595 -9.30000019 -15.812685 -20.734602 -9.30000019 -14.4036503 -20.9621525 -9.30000019 -19.8528175 -14.2138901 -9.30000019 -20.9153671 -14.8639288 -9.30000019 -19.680172 -15.411067 -9.30000019 -21 -13 -9.30000019 -20.9153671 -14.8639288 -9.30000019 -19.8528175 -14.2138901 -9.30000019 -19.8799992 -13 -9.30000019 -21 -13 -9.30000019 -19.8528175 -14.2138901 -9.30000019 -13 -19.8799992 -9.30000019 -14.8643436 -19.7847595 -9.30000019 -14.4036503 -20.9621525 -9.30000019 -13 -19.8799992 -9.30000019 -14.4036503 -20.9621525 -9.30000019 -13 -21 -9.30000019 13 -19.8799992 -9.30000019 -13 -21 -9.30000019 13 -21 -9.30000019 13 -19.8799992 -9.30000019 -13 -19.8799992 -9.30000019 -13 -21 -9.30000019 -19.8799992 13 -9.30000019 -21 -13 -9.30000019 -19.8799992 -13 -9.30000019 -19.8799992 13 -9.30000019 -21 13 -9.30000019 -21 -13 -9.30000019 -20.9621525 14.4036503 -9.30000019 -21 13 -9.30000019 -19.8799992 13 -9.30000019 14.2138901 -19.8528175 -9.30000019 13 -21 -9.30000019 14.8639288 -20.9153671 -9.30000019 14.2138901 -19.8528175 -9.30000019 13 -19.8799992 -9.30000019 13 -21 -9.30000019 -19.7847595 14.8643436 -9.30000019 -20.9621525 14.4036503 -9.30000019 -19.8799992 13 -9.30000019 -19.7847595 14.8643436 -9.30000019 -20.734602 15.812685 -9.30000019 -20.9621525 14.4036503 -9.30000019 15.411067 -19.680172 -9.30000019 14.8639288 -20.9153671 -9.30000019 16.1064892 -20.651823 -9.30000019 15.411067 -19.680172 -9.30000019 14.2138901 -19.8528175 -9.30000019 14.8639288 -20.9153671 -9.30000019 -19.5804234 15.7801352 -9.30000019 -20.734602 15.812685 -9.30000019 -19.7847595 14.8643436 -9.30000019 -20.2370663 17.1498642 -9.30000019 -20.734602 15.812685 -9.30000019 -19.5804234 15.7801352 -9.30000019 16.4440498 -19.331913 -9.30000019 15.411067 -19.680172 -9.30000019 16.1064892 -20.651823 -9.30000019 17.3409805 -20.1383095 -9.30000019 16.4440498 -19.331913 -9.30000019 16.1064892 -20.651823 -9.30000019 -19.0833797 16.9344101 -9.30000019 -20.2370663 17.1498642 -9.30000019 -19.5804234 15.7801352 -9.30000019 17.3871899 -18.796217 -9.30000019 16.4440498 -19.331913 -9.30000019 17.3409805 -20.1383095 -9.30000019 -19.4597626 18.3690701 -9.30000019 -20.2370663 17.1498642 -9.30000019 -19.0833797 16.9344101 -9.30000019 18.4332962 -19.4078827 -9.30000019 17.3871899 -18.796217 -9.30000019 17.3409805 -20.1383095 -9.30000019 -18.298851 18.0017567 -9.30000019 -19.4597626 18.3690701 -9.30000019 -19.0833797 16.9344101 -9.30000019 18.298851 -18.0017567 -9.30000019 17.3871899 -18.796217 -9.30000019 18.4332962 -19.4078827 -9.30000019 -18.4332962 19.4078827 -9.30000019 -19.4597626 18.3690701 -9.30000019 -18.298851 18.0017567 -9.30000019 19.4597626 -18.3690701 -9.30000019 18.298851 -18.0017567 -9.30000019 18.4332962 -19.4078827 -9.30000019 -17.3871899 18.796217 -9.30000019 -18.4332962 19.4078827 -9.30000019 -18.298851 18.0017567 -9.30000019 19.0833797 -16.9344101 -9.30000019 18.298851 -18.0017567 -9.30000019 19.4597626 -18.3690701 -9.30000019 -17.3409805 20.1383095 -9.30000019 -18.4332962 19.4078827 -9.30000019 -17.3871899 18.796217 -9.30000019 -16.4440498 19.331913 -9.30000019 -17.3409805 20.1383095 -9.30000019 -17.3871899 18.796217 -9.30000019 20.2370663 -17.1498642 -9.30000019 19.0833797 -16.9344101 -9.30000019 19.4597626 -18.3690701 -9.30000019 19.5804234 -15.7801352 -9.30000019 19.0833797 -16.9344101 -9.30000019 20.2370663 -17.1498642 -9.30000019 -16.1064892 20.651823 -9.30000019 -17.3409805 20.1383095 -9.30000019 -16.4440498 19.331913 -9.30000019 -16.1064892 20.651823 -9.30000019 -16.4440498 19.331913 -9.30000019 -15.411067 19.680172 -9.30000019 20.734602 -15.812685 -9.30000019 19.7847595 -14.8643436 -9.30000019 19.5804234 -15.7801352 -9.30000019 20.734602 -15.812685 -9.30000019 19.5804234 -15.7801352 -9.30000019 20.2370663 -17.1498642 -9.30000019 -14.8639288 20.9153671 -9.30000019 -15.411067 19.680172 -9.30000019 -14.2138901 19.8528175 -9.30000019 -14.8639288 20.9153671 -9.30000019 -16.1064892 20.651823 -9.30000019 -15.411067 19.680172 -9.30000019 20.9621525 -14.4036503 -9.30000019 19.7847595 -14.8643436 -9.30000019 20.734602 -15.812685 -9.30000019 19.8799992 -13 -9.30000019 19.7847595 -14.8643436 -9.30000019 20.9621525 -14.4036503 -9.30000019 -13 21 -9.30000019 -14.2138901 19.8528175 -9.30000019 -13 19.8799992 -9.30000019 -13 21 -9.30000019 -14.8639288 20.9153671 -9.30000019 -14.2138901 19.8528175 -9.30000019 21 -13 -9.30000019 19.8799992 -13 -9.30000019 20.9621525 -14.4036503 -9.30000019 13 21 -9.30000019 -13 19.8799992 -9.30000019 13 19.8799992 -9.30000019 13 21 -9.30000019 -13 21 -9.30000019 -13 19.8799992 -9.30000019 21 13 -9.30000019 19.8799992 -13 -9.30000019 21 -13 -9.30000019 21 13 -9.30000019 19.8799992 13 -9.30000019 19.8799992 -13 -9.30000019 19.8528175 14.2138901 -9.30000019 19.8799992 13 -9.30000019 21 13 -9.30000019 14.4036503 20.9621525 -9.30000019 13 19.8799992 -9.30000019 14.8643436 19.7847595 -9.30000019 14.4036503 20.9621525 -9.30000019 13 21 -9.30000019 13 19.8799992 -9.30000019 20.9153671 14.8639288 -9.30000019 19.8528175 14.2138901 -9.30000019 21 13 -9.30000019 20.9153671 14.8639288 -9.30000019 19.680172 15.411067 -9.30000019 19.8528175 14.2138901 -9.30000019 15.812685 20.734602 -9.30000019 14.4036503 20.9621525 -9.30000019 14.8643436 19.7847595 -9.30000019 15.812685 20.734602 -9.30000019 14.8643436 19.7847595 -9.30000019 15.7801352 19.5804234 -9.30000019 20.651823 16.1064892 -9.30000019 19.680172 15.411067 -9.30000019 20.9153671 14.8639288 -9.30000019 20.651823 16.1064892 -9.30000019 19.331913 16.4440498 -9.30000019 19.680172 15.411067 -9.30000019 17.1498642 20.2370663 -9.30000019 15.812685 20.734602 -9.30000019 15.7801352 19.5804234 -9.30000019 17.1498642 20.2370663 -9.30000019 15.7801352 19.5804234 -9.30000019 16.9344101 19.0833797 -9.30000019 20.1383095 17.3409805 -9.30000019 19.331913 16.4440498 -9.30000019 20.651823 16.1064892 -9.30000019 20.1383095 17.3409805 -9.30000019 18.796217 17.3871899 -9.30000019 19.331913 16.4440498 -9.30000019 18.3690701 19.4597626 -9.30000019 17.1498642 20.2370663 -9.30000019 16.9344101 19.0833797 -9.30000019 18.3690701 19.4597626 -9.30000019 16.9344101 19.0833797 -9.30000019 18.0017567 18.298851 -9.30000019 19.4078827 18.4332962 -9.30000019 18.796217 17.3871899 -9.30000019 20.1383095 17.3409805 -9.30000019 19.4078827 18.4332962 -9.30000019 18.3690701 19.4597626 -9.30000019 18.0017567 18.298851 -9.30000019 19.4078827 18.4332962 -9.30000019 18.0017567 18.298851 -9.30000019 18.796217 17.3871899 -9.30000019 -13 21 -9.30000019 -14.8639288 20.9153671 -20 -14.8639288 20.9153671 -9.30000019 -13 21 -20 -14.8639288 20.9153671 -20 -13 21 -9.30000019 -14.8639288 20.9153671 -9.30000019 -16.1064892 20.651823 -20 -16.1064892 20.651823 -9.30000019 -14.8639288 20.9153671 -20 -16.1064892 20.651823 -20 -14.8639288 20.9153671 -9.30000019 -16.1064892 20.651823 -9.30000019 -17.3409805 20.1383095 -20 -17.3409805 20.1383095 -9.30000019 -16.1064892 20.651823 -20 -17.3409805 20.1383095 -20 -16.1064892 20.651823 -9.30000019 -17.3409805 20.1383095 -9.30000019 -18.4332962 19.4078827 -20 -18.4332962 19.4078827 -9.30000019 -17.3409805 20.1383095 -20 -18.4332962 19.4078827 -20 -17.3409805 20.1383095 -9.30000019 -18.4332962 19.4078827 -9.30000019 -19.4597626 18.3690701 -20 -19.4597626 18.3690701 -9.30000019 -18.4332962 19.4078827 -20 -19.4597626 18.3690701 -20 -18.4332962 19.4078827 -9.30000019 -19.4597626 18.3690701 -9.30000019 -20.2370663 17.1498642 -20 -20.2370663 17.1498642 -9.30000019 -20.2370663 17.1498642 -9.30000019 -20.2370663 17.1498642 -20 -20.734602 15.812685 -9.30000019 -19.4597626 18.3690701 -20 -20.2370663 17.1498642 -20 -19.4597626 18.3690701 -9.30000019 -20.2370663 17.1498642 -20 -20.734602 15.812685 -20 -20.734602 15.812685 -9.30000019 -20.734602 15.812685 -9.30000019 -20.9621525 14.4036503 -20 -20.9621525 14.4036503 -9.30000019 -20.734602 15.812685 -20 -20.9621525 14.4036503 -20 -20.734602 15.812685 -9.30000019 -20.9621525 14.4036503 -9.30000019 -21 13 -20 -21 13 -9.30000019 -20.9621525 14.4036503 -20 -21 13 -20 -20.9621525 14.4036503 -9.30000019 -21 -13 -9.30000019 -21 -9.81174469 -11.5590839 -21 -9.89091587 -11.6382551 -21 -13 -9.30000019 -21 -9.71694183 -11.4995155 -21 -9.81174469 -11.5590839 -21 -9.89091587 -11.6382551 -21 -9.95048428 -11.733058 -21 -13 -9.30000019 -21 -9.95048428 -11.733058 -21 -9.98746395 -11.8387394 -21 -13 -9.30000019 -21 -13 -9.30000019 -21 -9.61126041 -11.4625359 -21 -9.71694183 -11.4995155 -21 -13 -9.30000019 -21 -9.5 -11.4499998 -21 -9.61126041 -11.4625359 -21 -9.98746395 -11.8387394 -21 -10 -11.9499998 -21 -13 -9.30000019 -21 -10 -11.9499998 -21 -13 -20 -21 -13 -9.30000019 -21 -10 -11.9499998 -21 -10 -17.3500004 -21 -13 -20 -21 -10 -17.3500004 -21 -9.98746395 -17.4612598 -21 -13 -20 -21 -9.98746395 -17.4612598 -21 -9.95048428 -17.5669422 -21 -13 -20 -21 -9.95048428 -17.5669422 -21 -9.89091587 -17.6617451 -21 -13 -20 -21 -9.89091587 -17.6617451 -21 -9.81174469 -17.7409153 -21 -13 -20 -21 -9.81174469 -17.7409153 -21 -9.71694183 -17.8004837 -21 -13 -20 -21 -9.71694183 -17.8004837 -21 -9.61126041 -17.8374634 -21 -13 -20 -21 -9.61126041 -17.8374634 -21 -9.5 -17.8500004 -21 -13 -20 -21 -9.5 -11.4499998 -21 13 -9.30000019 -21 9.5 -11.4499998 -21 9.98746395 -11.8387394 -21 13 -9.30000019 -21 10 -11.9499998 -21 9.95048428 -11.733058 -21 13 -9.30000019 -21 9.98746395 -11.8387394 -21 9.89091587 -11.6382551 -21 13 -9.30000019 -21 9.95048428 -11.733058 -21 9.81174469 -11.5590839 -21 13 -9.30000019 -21 9.89091587 -11.6382551 -21 9.71694183 -11.4995155 -21 13 -9.30000019 -21 9.81174469 -11.5590839 -21 9.61126041 -11.4625359 -21 13 -9.30000019 -21 9.71694183 -11.4995155 -21 9.5 -11.4499998 -21 13 -9.30000019 -21 9.61126041 -11.4625359 -21 -13 -9.30000019 -21 13 -9.30000019 -21 -9.5 -11.4499998 -21 10 -11.9499998 -21 13 -20 -21 10 -17.3500004 -21 9.61126041 -17.8374634 -21 13 -20 -21 9.5 -17.8500004 -21 9.71694183 -17.8004837 -21 13 -20 -21 9.61126041 -17.8374634 -21 9.81174469 -17.7409153 -21 13 -20 -21 9.71694183 -17.8004837 -21 9.89091587 -17.6617451 -21 13 -20 -21 9.81174469 -17.7409153 -21 9.95048428 -17.5669422 -21 13 -20 -21 9.89091587 -17.6617451 -21 9.98746395 -17.4612598 -21 13 -20 -21 9.95048428 -17.5669422 -21 10 -17.3500004 -21 13 -20 -21 9.98746395 -17.4612598 -21 9.5 -17.8500004 -21 13 -20 -21 -9.5 -17.8500004 -21 -9.5 -17.8500004 -21 13 -20 -21 -13 -20 -21 13 -9.30000019 -21 13 -20 -21 10 -11.9499998 -21 -13 -9.30000019 -20.9153671 -14.8639288 -20 -20.9153671 -14.8639288 -9.30000019 -21 -13 -20 -20.9153671 -14.8639288 -20 -21 -13 -9.30000019 -20.9153671 -14.8639288 -9.30000019 -20.651823 -16.1064892 -20 -20.651823 -16.1064892 -9.30000019 -20.9153671 -14.8639288 -20 -20.651823 -16.1064892 -20 -20.9153671 -14.8639288 -9.30000019 -20.651823 -16.1064892 -9.30000019 -20.1383095 -17.3409805 -20 -20.1383095 -17.3409805 -9.30000019 -20.651823 -16.1064892 -20 -20.1383095 -17.3409805 -20 -20.651823 -16.1064892 -9.30000019 -20.1383095 -17.3409805 -9.30000019 -19.4078827 -18.4332962 -20 -19.4078827 -18.4332962 -9.30000019 -20.1383095 -17.3409805 -20 -19.4078827 -18.4332962 -20 -20.1383095 -17.3409805 -9.30000019 -19.4078827 -18.4332962 -9.30000019 -18.3690701 -19.4597626 -20 -18.3690701 -19.4597626 -9.30000019 -19.4078827 -18.4332962 -20 -18.3690701 -19.4597626 -20 -19.4078827 -18.4332962 -9.30000019 -18.3690701 -19.4597626 -9.30000019 -17.1498642 -20.2370663 -20 -17.1498642 -20.2370663 -9.30000019 -18.3690701 -19.4597626 -20 -17.1498642 -20.2370663 -20 -18.3690701 -19.4597626 -9.30000019 -17.1498642 -20.2370663 -9.30000019 -15.812685 -20.734602 -20 -15.812685 -20.734602 -9.30000019 -17.1498642 -20.2370663 -20 -15.812685 -20.734602 -20 -17.1498642 -20.2370663 -9.30000019 -15.812685 -20.734602 -9.30000019 -14.4036503 -20.9621525 -20 -14.4036503 -20.9621525 -9.30000019 -15.812685 -20.734602 -20 -14.4036503 -20.9621525 -20 -15.812685 -20.734602 -9.30000019 -14.4036503 -20.9621525 -9.30000019 -13 -21 -20 -13 -21 -9.30000019 -14.4036503 -20.9621525 -20 -13 -21 -20 -14.4036503 -20.9621525 -9.30000019 -2.43697572 -21 -17.4007778 -3.0244658 -21 -16.7376385 -13 -21 -20 -13 -21 -20 -1.70785761 -21 -17.9040508 -2.43697572 -21 -17.4007778 -3.0244658 -21 -16.7376385 -3.43618464 -21 -15.9531727 -13 -21 -20 -13 -21 -20 -0.879485071 -21 -18.2182121 -1.70785761 -21 -17.9040508 -3.43618464 -21 -15.9531727 -3.64820504 -21 -15.0929728 -13 -21 -20 -13 -21 -20 -3.64820504 -21 -14.2070274 -13 -21 -9.30000019 -3.64820504 -21 -15.0929728 -3.64820504 -21 -14.2070274 -13 -21 -20 -3.64820504 -21 -14.2070274 -3.43618464 -21 -13.3468275 -13 -21 -9.30000019 -3.43618464 -21 -13.3468275 -3.0244658 -21 -12.5623617 -13 -21 -9.30000019 -3.0244658 -21 -12.5623617 -2.43697572 -21 -11.8992233 -13 -21 -9.30000019 -2.43697572 -21 -11.8992233 -1.70785761 -21 -11.3959494 -13 -21 -9.30000019 -1.70785761 -21 -11.3959494 -0.879485071 -21 -11.081789 -13 -21 -9.30000019 0 -21 -18.3250008 13 -21 -20 0.879485071 -21 -18.2182121 0.879485071 -21 -18.2182121 13 -21 -20 1.70785761 -21 -17.9040508 1.70785761 -21 -17.9040508 13 -21 -20 2.43697572 -21 -17.4007778 2.43697572 -21 -17.4007778 13 -21 -20 3.0244658 -21 -16.7376385 3.0244658 -21 -16.7376385 13 -21 -20 3.43618464 -21 -15.9531727 3.43618464 -21 -15.9531727 13 -21 -20 3.64820504 -21 -15.0929728 3.64820504 -21 -15.0929728 13 -21 -9.30000019 3.64820504 -21 -14.2070274 3.64820504 -21 -14.2070274 13 -21 -9.30000019 3.43618464 -21 -13.3468275 3.43618464 -21 -13.3468275 13 -21 -9.30000019 3.0244658 -21 -12.5623617 3.0244658 -21 -12.5623617 13 -21 -9.30000019 2.43697572 -21 -11.8992233 2.43697572 -21 -11.8992233 13 -21 -9.30000019 1.70785761 -21 -11.3959494 1.70785761 -21 -11.3959494 13 -21 -9.30000019 0.879485071 -21 -11.081789 0.879485071 -21 -11.081789 13 -21 -9.30000019 4.50057722e-16 -21 -10.9750004 13 -21 -20 13 -21 -9.30000019 3.64820504 -21 -15.0929728 13 -21 -9.30000019 -13 -21 -9.30000019 4.50057722e-16 -21 -10.9750004 4.50057722e-16 -21 -10.9750004 -13 -21 -9.30000019 -0.879485071 -21 -11.081789 -13 -21 -20 13 -21 -20 0 -21 -18.3250008 -13 -21 -20 0 -21 -18.3250008 -0.879485071 -21 -18.2182121 13 -21 -9.30000019 14.8639288 -20.9153671 -20 14.8639288 -20.9153671 -9.30000019 13 -21 -20 14.8639288 -20.9153671 -20 13 -21 -9.30000019 14.8639288 -20.9153671 -9.30000019 16.1064892 -20.651823 -20 16.1064892 -20.651823 -9.30000019 14.8639288 -20.9153671 -20 16.1064892 -20.651823 -20 14.8639288 -20.9153671 -9.30000019 16.1064892 -20.651823 -9.30000019 17.3409805 -20.1383095 -20 17.3409805 -20.1383095 -9.30000019 16.1064892 -20.651823 -20 17.3409805 -20.1383095 -20 16.1064892 -20.651823 -9.30000019 17.3409805 -20.1383095 -9.30000019 18.4332962 -19.4078827 -20 18.4332962 -19.4078827 -9.30000019 17.3409805 -20.1383095 -20 18.4332962 -19.4078827 -20 17.3409805 -20.1383095 -9.30000019 18.4332962 -19.4078827 -9.30000019 19.4597626 -18.3690701 -20 19.4597626 -18.3690701 -9.30000019 18.4332962 -19.4078827 -20 19.4597626 -18.3690701 -20 18.4332962 -19.4078827 -9.30000019 19.4597626 -18.3690701 -9.30000019 20.2370663 -17.1498642 -20 20.2370663 -17.1498642 -9.30000019 19.4597626 -18.3690701 -20 20.2370663 -17.1498642 -20 19.4597626 -18.3690701 -9.30000019 20.2370663 -17.1498642 -9.30000019 20.734602 -15.812685 -20 20.734602 -15.812685 -9.30000019 20.2370663 -17.1498642 -20 20.734602 -15.812685 -20 20.2370663 -17.1498642 -9.30000019 20.734602 -15.812685 -9.30000019 20.9621525 -14.4036503 -20 20.9621525 -14.4036503 -9.30000019 20.734602 -15.812685 -20 20.9621525 -14.4036503 -20 20.734602 -15.812685 -9.30000019 20.9621525 -14.4036503 -9.30000019 21 -13 -20 21 -13 -9.30000019 20.9621525 -14.4036503 -20 21 -13 -20 20.9621525 -14.4036503 -9.30000019 21 -9.67638493 -16.9484806 21 -9.83944321 -16.7644253 21 -13 -20 21 -13 -20 21 -9.4740181 -17.0881653 21 -9.67638493 -16.9484806 21 -9.83944321 -16.7644253 21 -9.95371628 -16.5466976 21 -13 -20 21 -13 -20 21 -9.24410152 -17.1753597 21 -9.4740181 -17.0881653 21 -9.95371628 -16.5466976 21 -10.0125628 -16.3079472 21 -13 -20 21 -13 -20 21 -9 -17.2049999 21 -9.24410152 -17.1753597 21 -10.0125628 -16.3079472 21 -10.0125628 -16.0620518 21 -13 -20 21 -8.75589848 -17.1753597 21 -6.7759304 -17.5975838 21 -8.5259819 -17.0881653 21 -13 -20 21 -6.52258348 -17.8509312 21 -9 -17.2049999 21 -8.75589848 -17.1753597 21 -6.52258348 -17.8509312 21 -6.7759304 -17.5975838 21 -9 -17.2049999 21 -6.52258348 -17.8509312 21 -8.75589848 -17.1753597 21 -6.7759304 -17.5975838 21 -6.96655035 -17.2942142 21 -8.5259819 -17.0881653 21 -8.5259819 -17.0881653 21 -6.96655035 -17.2942142 21 -8.32361507 -16.9484806 21 -13 -20 21 -6.21921396 -18.0415497 21 -6.52258348 -17.8509312 21 -13 -20 21 -5.88103342 -18.1598854 21 -6.21921396 -18.0415497 21 -6.96655035 -17.2942142 21 -7.08488464 -16.9560337 21 -8.32361507 -16.9484806 21 -8.32361507 -16.9484806 21 -7.08488464 -16.9560337 21 -8.16055679 -16.7644253 21 -8.16055679 -16.7644253 21 -7.08488464 -16.9560337 21 -8.04628372 -16.5466976 21 -13 -20 21 -5.5250001 -18.2000008 21 -5.88103342 -18.1598854 21 -7.08488464 -16.9560337 21 -7.125 -16.6000004 21 -8.04628372 -16.5466976 21 -8.04628372 -16.5466976 21 -7.125 -16.6000004 21 -7.98743677 -16.3079472 21 -7.125 -16.6000004 21 -7.125 -15.7700005 21 -7.98743677 -16.3079472 21 -7.98743677 -16.3079472 21 -7.125 -15.7700005 21 -7.98743677 -16.0620518 21 -7.98743677 -16.0620518 21 -7.125 -15.7700005 21 -8.04628372 -15.8233032 21 -7.125 -15.7700005 21 -7.08488464 -15.4139662 21 -8.04628372 -15.8233032 21 -8.04628372 -15.8233032 21 -7.08488464 -15.4139662 21 -8.16055679 -15.6055737 21 -8.16055679 -15.6055737 21 -7.08488464 -15.4139662 21 -8.32361507 -15.4215193 21 -10.0125628 -16.0620518 21 -13 -9.30000019 21 -13 -20 21 -9 -15.165 21 -13 -9.30000019 21 -9.24410152 -15.1946392 21 -9.24410152 -15.1946392 21 -13 -9.30000019 21 -9.4740181 -15.2818346 21 -9.4740181 -15.2818346 21 -13 -9.30000019 21 -9.67638493 -15.4215193 21 -9.67638493 -15.4215193 21 -13 -9.30000019 21 -9.83944321 -15.6055737 21 -9.83944321 -15.6055737 21 -13 -9.30000019 21 -9.95371628 -15.8233032 21 -9.95371628 -15.8233032 21 -13 -9.30000019 21 -10.0125628 -16.0620518 21 -8.32361507 -15.4215193 21 -6.96655035 -15.0757856 21 -8.5259819 -15.2818346 21 -7.08488464 -15.4139662 21 -6.96655035 -15.0757856 21 -8.32361507 -15.4215193 21 -8.5259819 -15.2818346 21 -6.7759304 -14.7724161 21 -8.75589848 -15.1946392 21 -6.96655035 -15.0757856 21 -6.7759304 -14.7724161 21 -8.5259819 -15.2818346 21 -9 -15.165 21 -6.52258348 -14.5190697 21 -13 -9.30000019 21 -8.75589848 -15.1946392 21 -6.52258348 -14.5190697 21 -9 -15.165 21 -6.7759304 -14.7724161 21 -6.52258348 -14.5190697 21 -8.75589848 -15.1946392 21 -6.52258348 -14.5190697 21 -6.21921396 -14.3284502 21 -13 -9.30000019 21 -6.21921396 -14.3284502 21 -5.88103342 -14.2101154 21 -13 -9.30000019 21 -5.88103342 -14.2101154 21 -5.5250001 -14.1700001 21 -13 -9.30000019 21 -5.5250001 -14.1700001 21 4.95931435 -14.1700001 21 -13 -9.30000019 21 6.96655035 -17.2942142 21 8.32361507 -16.9484806 21 7.08488464 -16.9560337 21 8.32361507 -16.9484806 21 8.16055679 -16.7644253 21 7.08488464 -16.9560337 21 6.96655035 -17.2942142 21 8.5259819 -17.0881653 21 8.32361507 -16.9484806 21 6.7759304 -17.5975838 21 8.5259819 -17.0881653 21 6.96655035 -17.2942142 21 8.16055679 -16.7644253 21 8.04628372 -16.5466976 21 7.08488464 -16.9560337 21 7.08488464 -16.9560337 21 8.04628372 -16.5466976 21 7.125 -16.6000004 21 6.7759304 -17.5975838 21 8.75589848 -17.1753597 21 8.5259819 -17.0881653 21 6.52258348 -17.8509312 21 8.75589848 -17.1753597 21 6.7759304 -17.5975838 21 7.125 -16.6000004 21 7.98743677 -16.3079472 21 7.125 -16.3356857 21 7.125 -16.3356857 21 7.98743677 -16.3079472 21 7.10386372 -16.1210861 21 8.04628372 -16.5466976 21 7.98743677 -16.3079472 21 7.125 -16.6000004 21 6.52258348 -17.8509312 21 9 -17.2049999 21 8.75589848 -17.1753597 21 7.10386372 -16.1210861 21 7.98743677 -16.0620518 21 7.0412674 -15.9147339 21 7.98743677 -16.3079472 21 7.98743677 -16.0620518 21 7.10386372 -16.1210861 21 7.0412674 -15.9147339 21 8.04628372 -15.8233032 21 6.93961668 -15.7245579 21 7.98743677 -16.0620518 21 8.04628372 -15.8233032 21 7.0412674 -15.9147339 21 8.04628372 -15.8233032 21 8.16055679 -15.6055737 21 6.93961668 -15.7245579 21 6.93961668 -15.7245579 21 8.16055679 -15.6055737 21 6.80281734 -15.557868 21 8.16055679 -15.6055737 21 8.32361507 -15.4215193 21 6.80281734 -15.557868 21 9 -17.2049999 21 13 -20 21 9.24410152 -17.1753597 21 9.24410152 -17.1753597 21 13 -20 21 9.4740181 -17.0881653 21 9.4740181 -17.0881653 21 13 -20 21 9.67638493 -16.9484806 21 5.5250001 -18.2000008 21 13 -20 21 5.88103342 -18.1598854 21 5.88103342 -18.1598854 21 13 -20 21 6.21921396 -18.0415497 21 6.21921396 -18.0415497 21 13 -20 21 6.52258348 -17.8509312 21 6.52258348 -17.8509312 21 13 -20 21 9 -17.2049999 21 13 -20 21 9.83944321 -16.7644253 21 9.67638493 -16.9484806 21 8.32361507 -15.4215193 21 8.5259819 -15.2818346 21 6.80281734 -15.557868 21 6.80281734 -15.557868 21 8.5259819 -15.2818346 21 5.73713207 -14.4921827 21 13 -20 21 9.95371628 -16.5466976 21 9.83944321 -16.7644253 21 8.5259819 -15.2818346 21 8.75589848 -15.1946392 21 5.73713207 -14.4921827 21 5.73713207 -14.4921827 21 8.75589848 -15.1946392 21 5.57044172 -14.3553839 21 13 -20 21 10.0125628 -16.3079472 21 9.95371628 -16.5466976 21 8.75589848 -15.1946392 21 9 -15.165 21 5.57044172 -14.3553839 21 13 -20 21 10.0125628 -16.0620518 21 10.0125628 -16.3079472 21 10.0125628 -16.0620518 21 13 -9.30000019 21 9.95371628 -15.8233032 21 9.95371628 -15.8233032 21 13 -9.30000019 21 9.83944321 -15.6055737 21 9.83944321 -15.6055737 21 13 -9.30000019 21 9.67638493 -15.4215193 21 9.67638493 -15.4215193 21 13 -9.30000019 21 9.4740181 -15.2818346 21 9.4740181 -15.2818346 21 13 -9.30000019 21 9.24410152 -15.1946392 21 9.24410152 -15.1946392 21 13 -9.30000019 21 9 -15.165 21 9 -15.165 21 13 -9.30000019 21 5.57044172 -14.3553839 21 13 -20 21 13 -9.30000019 21 10.0125628 -16.0620518 21 5.57044172 -14.3553839 21 13 -9.30000019 21 5.38026619 -14.2537327 21 5.38026619 -14.2537327 21 13 -9.30000019 21 5.17391396 -14.1911364 21 5.17391396 -14.1911364 21 13 -9.30000019 21 4.95931435 -14.1700001 21 4.95931435 -14.1700001 21 13 -9.30000019 21 -13 -9.30000019 21 -13 -20 21 13 -20 21 -5.5250001 -18.2000008 21 -5.5250001 -18.2000008 21 13 -20 21 5.5250001 -18.2000008 21 13 -9.30000019 20.9153671 14.8639288 -20 20.9153671 14.8639288 -9.30000019 21 13 -20 20.9153671 14.8639288 -20 21 13 -9.30000019 20.9153671 14.8639288 -9.30000019 20.651823 16.1064892 -20 20.651823 16.1064892 -9.30000019 20.9153671 14.8639288 -20 20.651823 16.1064892 -20 20.9153671 14.8639288 -9.30000019 20.651823 16.1064892 -9.30000019 20.1383095 17.3409805 -20 20.1383095 17.3409805 -9.30000019 20.651823 16.1064892 -20 20.1383095 17.3409805 -20 20.651823 16.1064892 -9.30000019 20.1383095 17.3409805 -9.30000019 19.4078827 18.4332962 -20 19.4078827 18.4332962 -9.30000019 20.1383095 17.3409805 -20 19.4078827 18.4332962 -20 20.1383095 17.3409805 -9.30000019 19.4078827 18.4332962 -9.30000019 18.3690701 19.4597626 -20 18.3690701 19.4597626 -9.30000019 19.4078827 18.4332962 -20 18.3690701 19.4597626 -20 19.4078827 18.4332962 -9.30000019 18.3690701 19.4597626 -9.30000019 17.1498642 20.2370663 -20 17.1498642 20.2370663 -9.30000019 18.3690701 19.4597626 -20 17.1498642 20.2370663 -20 18.3690701 19.4597626 -9.30000019 17.1498642 20.2370663 -9.30000019 15.812685 20.734602 -20 15.812685 20.734602 -9.30000019 17.1498642 20.2370663 -20 15.812685 20.734602 -20 17.1498642 20.2370663 -9.30000019 15.812685 20.734602 -9.30000019 14.4036503 20.9621525 -20 14.4036503 20.9621525 -9.30000019 15.812685 20.734602 -20 14.4036503 20.9621525 -20 15.812685 20.734602 -9.30000019 14.4036503 20.9621525 -9.30000019 13 21 -20 13 21 -9.30000019 14.4036503 20.9621525 -20 13 21 -20 14.4036503 20.9621525 -9.30000019 13 21 -9.30000019 13 21 -20 -13 21 -9.30000019 -13 21 -9.30000019 13 21 -20 -13 21 -20 18 8.34161282 -16.639452 18 8.20583248 -16.2814293 18 8.25198746 -16.4686832 18 8.80854702 -16.9617538 18 8.4695015 -16.7838078 18 8.62822151 -16.893364 18 9.79416752 -16.0885715 18 9.74801254 -15.9013157 18 9.65838718 -15.7305479 18 9 -16.9850006 18 8.4695015 -16.7838078 18 8.80854702 -16.9617538 18 9.19145298 -16.9617538 18 8.34161282 -16.639452 18 8.4695015 -16.7838078 18 9.19145298 -16.9617538 18 8.4695015 -16.7838078 18 9 -16.9850006 18 9.74801254 -16.4686832 18 9.79416752 -16.2814293 18 9.79416752 -16.0885715 18 9.5304985 -16.7838078 18 9.19145298 -16.9617538 18 9.37177849 -16.893364 18 9.5304985 -16.7838078 18 9.65838718 -16.639452 18 9.74801254 -16.4686832 18 9.5304985 -16.7838078 18 9.65838718 -15.7305479 18 9.5304985 -15.5861912 18 9.5304985 -16.7838078 18 9.5304985 -15.5861912 18 9.37177849 -15.476635 18 9.5304985 -16.7838078 18 9.37177849 -15.476635 18 9.19145298 -15.408247 18 9.5304985 -16.7838078 18 9.19145298 -15.408247 18 9 -15.3850002 18 9.5304985 -16.7838078 18 9 -15.3850002 18 8.80854702 -15.408247 18 9.5304985 -16.7838078 18 8.80854702 -15.408247 18 8.62822151 -15.476635 18 9.5304985 -16.7838078 18 8.62822151 -15.476635 18 8.4695015 -15.5861912 18 9.5304985 -16.7838078 18 8.4695015 -15.5861912 18 8.34161282 -15.7305479 18 9.5304985 -16.7838078 18 8.34161282 -15.7305479 18 8.25198746 -15.9013157 18 9.5304985 -16.7838078 18 8.25198746 -15.9013157 18 8.20583248 -16.0885715 18 9.5304985 -16.7838078 18 8.20583248 -16.0885715 18 8.20583248 -16.2814293 18 9.5304985 -16.7838078 18 8.20583248 -16.2814293 18 8.34161282 -16.639452 18 9.5304985 -16.7838078 18 8.34161282 -16.639452 18 9.19145298 -16.9617538 18 9.5304985 -16.7838078 18 9.79416752 -16.0885715 18 9.65838718 -15.7305479 18 9.5304985 -16.7838078 18 9.74801254 -16.4686832 18 9.79416752 -16.0885715 18 -9.65838718 -16.639452 18 -9.79416752 -16.2814293 18 -9.74801254 -16.4686832 18 -9.19145298 -16.9617538 18 -9.5304985 -16.7838078 18 -9.37177849 -16.893364 18 -8.20583248 -16.0885715 18 -8.25198746 -15.9013157 18 -8.34161282 -15.7305479 18 -9 -16.9850006 18 -9.5304985 -16.7838078 18 -9.19145298 -16.9617538 18 -8.80854702 -16.9617538 18 -9.65838718 -16.639452 18 -9.5304985 -16.7838078 18 -8.80854702 -16.9617538 18 -9.5304985 -16.7838078 18 -9 -16.9850006 18 -8.25198746 -16.4686832 18 -8.20583248 -16.2814293 18 -8.20583248 -16.0885715 18 -8.4695015 -16.7838078 18 -8.80854702 -16.9617538 18 -8.62822151 -16.893364 18 -8.4695015 -16.7838078 18 -8.34161282 -16.639452 18 -8.25198746 -16.4686832 18 -8.4695015 -16.7838078 18 -8.34161282 -15.7305479 18 -8.4695015 -15.5861912 18 -8.4695015 -16.7838078 18 -8.4695015 -15.5861912 18 -8.62822151 -15.476635 18 -8.4695015 -16.7838078 18 -8.62822151 -15.476635 18 -8.80854702 -15.408247 18 -8.4695015 -16.7838078 18 -8.80854702 -15.408247 18 -9 -15.3850002 18 -8.4695015 -16.7838078 18 -9 -15.3850002 18 -9.19145298 -15.408247 18 -8.4695015 -16.7838078 18 -9.19145298 -15.408247 18 -9.37177849 -15.476635 18 -8.4695015 -16.7838078 18 -9.37177849 -15.476635 18 -9.5304985 -15.5861912 18 -8.4695015 -16.7838078 18 -9.5304985 -15.5861912 18 -9.65838718 -15.7305479 18 -8.4695015 -16.7838078 18 -9.65838718 -15.7305479 18 -9.74801254 -15.9013157 18 -8.4695015 -16.7838078 18 -9.74801254 -15.9013157 18 -9.79416752 -16.0885715 18 -8.4695015 -16.7838078 18 -9.79416752 -16.0885715 18 -9.79416752 -16.2814293 18 -8.4695015 -16.7838078 18 -9.79416752 -16.2814293 18 -9.65838718 -16.639452 18 -8.4695015 -16.7838078 18 -9.65838718 -16.639452 18 -8.80854702 -16.9617538 18 -8.4695015 -16.7838078 18 -8.20583248 -16.0885715 18 -8.34161282 -15.7305479 18 -8.4695015 -16.7838078 18 -8.25198746 -16.4686832 18 -8.20583248 -16.0885715 -13.6397047 -20.9262352 -20.6461506 -13 -20.9247837 -20.6675625 -13 -21 -20 -13.6397047 -20.9262352 -20.6461506 -13 -21 -20 -14.4036503 -20.9621525 -20 -13.4132433 -20.8019123 -21.0704422 -13 -20.7029057 -21.301651 -13 -20.9247837 -20.6675625 -13.4132433 -20.8019123 -21.0704422 -13 -20.3454952 -21.87047 -13 -20.7029057 -21.301651 -13.4132433 -20.8019123 -21.0704422 -13 -20.9247837 -20.6675625 -13.6397047 -20.9262352 -20.6461506 -13.6381855 -20.8411083 -20.9534378 -13.4132433 -20.8019123 -21.0704422 -13.6397047 -20.9262352 -20.6461506 -14.2714424 -20.9042416 -20.6310272 -13.6397047 -20.9262352 -20.6461506 -14.4036503 -20.9621525 -20 -14.203907 -20.8198299 -20.9534378 -13.6381855 -20.8411083 -20.9534378 -13.6397047 -20.9262352 -20.6461506 -14.203907 -20.8198299 -20.9534378 -13.6397047 -20.9262352 -20.6461506 -14.2714424 -20.9042416 -20.6310272 -13.5724306 -19.4645023 -22.6167755 -13 -19.87047 -22.3454952 -13 -20.3454952 -21.87047 -13.5724306 -19.4645023 -22.6167755 -13 -19.301651 -22.7029057 -13 -19.87047 -22.3454952 -14.4288473 -20.1566696 -22.0404339 -13.5724306 -19.4645023 -22.6167755 -13 -20.3454952 -21.87047 -14.4288473 -20.1566696 -22.0404339 -13 -20.3454952 -21.87047 -13.4132433 -20.8019123 -21.0704422 -14.4288473 -20.1566696 -22.0404339 -13.4132433 -20.8019123 -21.0704422 -13.6381855 -20.8411083 -20.9534378 -13.5662689 -19.0678101 -22.8025227 -13 -18.6675625 -22.9247837 -13 -19.301651 -22.7029057 -13.5662689 -19.0678101 -22.8025227 -13 -19.301651 -22.7029057 -13.5724306 -19.4645023 -22.6167755 -13.8695135 -19.2432442 -22.7255173 -13.5662689 -19.0678101 -22.8025227 -13.5724306 -19.4645023 -22.6167755 -13.8695135 -19.2432442 -22.7255173 -13.5724306 -19.4645023 -22.6167755 -14.4288473 -20.1566696 -22.0404339 -13.8586178 -18.9432583 -22.8444557 -13.5662689 -19.0678101 -22.8025227 -13.8695135 -19.2432442 -22.7255173 -13.8474636 -18.6361561 -22.9295845 -13 -18 -23 -13 -18.6675625 -22.9247837 -13.8474636 -18.6361561 -22.9295845 -14.6427689 -17.9168129 -23 -13 -18 -23 -13.8474636 -18.6361561 -22.9295845 -13.5662689 -19.0678101 -22.8025227 -13.8586178 -18.9432583 -22.8444557 -13.8474636 -18.6361561 -22.9295845 -13 -18.6675625 -22.9247837 -13.5662689 -19.0678101 -22.8025227 -16.373785 -19.624548 -22.1213226 -15.7858067 -19.8305912 -22.1213226 -16.2826538 -20.1899281 -21.4671268 -15.3562536 -19.2688293 -22.6167755 -13.8695135 -19.2432442 -22.7255173 -14.4288473 -20.1566696 -22.0404339 -15.3562536 -19.2688293 -22.6167755 -14.4288473 -20.1566696 -22.0404339 -15.2805023 -19.9562969 -22.1213074 -15.3562536 -19.2688293 -22.6167755 -15.7858067 -19.8305912 -22.1213226 -16.373785 -19.624548 -22.1213226 -15.3562536 -19.2688293 -22.6167755 -15.2805023 -19.9562969 -22.1213074 -15.7858067 -19.8305912 -22.1213226 -17.0066814 -19.3196392 -22.1213207 -16.2826538 -20.1899281 -21.4671268 -17.5534115 -19.5707664 -21.4671249 -17.0066814 -19.3196392 -22.1213207 -16.373785 -19.624548 -22.1213226 -16.2826538 -20.1899281 -21.4671268 -16.3913212 -18.9015083 -22.6167812 -16.373785 -19.624548 -22.1213226 -17.0066814 -19.3196392 -22.1213207 -16.3913212 -18.9015083 -22.6167812 -15.3562536 -19.2688293 -22.6167755 -16.373785 -19.624548 -22.1213226 -17.5417938 -18.9826641 -22.1213207 -17.0066814 -19.3196392 -22.1213207 -17.5534115 -19.5707664 -21.4671249 -18.1026993 -18.5337029 -22.1213207 -17.5417938 -18.9826641 -22.1213207 -17.5534115 -19.5707664 -21.4671249 -18.1026993 -18.5337029 -22.1213207 -17.5534115 -19.5707664 -21.4671249 -18.6715069 -18.6764412 -21.4671249 -17.4237614 -18.2529812 -22.6167812 -17.0066814 -19.3196392 -22.1213207 -17.5417938 -18.9826641 -22.1213207 -17.4237614 -18.2529812 -22.6167812 -17.5417938 -18.9826641 -22.1213207 -18.1026993 -18.5337029 -22.1213207 -17.4237614 -18.2529812 -22.6167812 -16.3913212 -18.9015083 -22.6167812 -17.0066814 -19.3196392 -22.1213207 -18.5520401 -18.0823193 -22.1213207 -18.1026993 -18.5337029 -22.1213207 -18.6715069 -18.6764412 -21.4671249 -18.5520401 -18.0823193 -22.1213207 -17.4237614 -18.2529812 -22.6167812 -18.1026993 -18.5337029 -22.1213207 -19.546257 -17.5919552 -21.4671249 -18.5520401 -18.0823193 -22.1213207 -18.6715069 -18.6764412 -21.4671249 -19.0002975 -17.5167637 -22.1213207 -18.5520401 -18.0823193 -22.1213207 -19.546257 -17.5919552 -21.4671249 -19.3055058 -17.0318871 -22.1213207 -19.0002975 -17.5167637 -22.1213207 -19.546257 -17.5919552 -21.4671249 -19.3055058 -17.0318871 -22.1213207 -19.546257 -17.5919552 -21.4671249 -20.1540699 -16.3805904 -21.4671249 -18.2878265 -17.3798409 -22.6167812 -19.0002975 -17.5167637 -22.1213207 -19.3055058 -17.0318871 -22.1213207 -18.2878265 -17.3798409 -22.6167812 -18.5520401 -18.0823193 -22.1213207 -19.0002975 -17.5167637 -22.1213207 -18.2878265 -17.3798409 -22.6167812 -17.4237614 -18.2529812 -22.6167812 -18.5520401 -18.0823193 -22.1213207 -19.621109 -16.3821507 -22.1213207 -19.3055058 -17.0318871 -22.1213207 -20.1540699 -16.3805904 -21.4671249 -19.8165188 -15.8328562 -22.1213207 -19.621109 -16.3821507 -22.1213207 -20.1540699 -16.3805904 -21.4671249 -19.8165188 -15.8328562 -22.1213207 -20.1540699 -16.3805904 -21.4671249 -20.3979855 -15.5776777 -21.4671249 -18.9153347 -16.3620834 -22.6167812 -18.2878265 -17.3798409 -22.6167812 -19.3055058 -17.0318871 -22.1213207 -18.9153347 -16.3620834 -22.6167812 -19.3055058 -17.0318871 -22.1213207 -19.621109 -16.3821507 -22.1213207 -18.9153347 -16.3620834 -22.6167812 -19.621109 -16.3821507 -22.1213207 -19.8165188 -15.8328562 -22.1213207 -20.9216175 -13.8303261 -20.6461506 -20.9153671 -14.8639288 -20 -21 -13 -20 -20.9216175 -13.8303261 -20.6461506 -21 -13 -20 -20.9247837 -13 -20.6675625 -19.9577084 -15.2735548 -22.1213207 -19.8165188 -15.8328562 -22.1213207 -20.3979855 -15.5776777 -21.4671249 -20.8007832 -13.5316887 -21.0704422 -20.9247837 -13 -20.6675625 -20.7029057 -13 -21.301651 -20.8007832 -13.5316887 -21.0704422 -20.9216175 -13.8303261 -20.6461506 -20.9247837 -13 -20.6675625 -20.8007832 -13.5316887 -21.0704422 -20.8365192 -13.8278303 -20.9534378 -20.9216175 -13.8303261 -20.6461506 -20.8007832 -13.5316887 -21.0704422 -20.7176208 -13.8243427 -21.253603 -20.8365192 -13.8278303 -20.9534378 -20.6150246 -13.5293541 -21.4671249 -20.3454952 -13 -21.87047 -19.87047 -13 -22.3454952 -20.6150246 -13.5293541 -21.4671249 -20.7029057 -13 -21.301651 -20.3454952 -13 -21.87047 -20.6150246 -13.5293541 -21.4671249 -20.8007832 -13.5316887 -21.0704422 -20.7029057 -13 -21.301651 -20.6150246 -13.5293541 -21.4671249 -19.87047 -13 -22.3454952 -19.9986115 -14.413456 -22.1992264 -20.6150246 -13.5293541 -21.4671249 -20.7176208 -13.8243427 -21.253603 -20.8007832 -13.5316887 -21.0704422 -18.9506855 -13.573185 -22.8444481 -18.6675625 -13 -22.9247837 -18 -13 -23 -18.9506855 -13.573185 -22.8444481 -18 -13 -23 -17.9754124 -14.1139994 -23 -18.9506855 -13.573185 -22.8444481 -18.926506 -14.1797886 -22.8444614 -19.9986115 -14.413456 -22.1992264 -18.9506855 -13.573185 -22.8444481 -17.9754124 -14.1139994 -23 -18.6048889 -14.1575384 -22.9328785 -18.9506855 -13.573185 -22.8444481 -18.6048889 -14.1575384 -22.9328785 -18.926506 -14.1797886 -22.8444614 -19.0698204 -13.3793344 -22.8025169 -19.301651 -13 -22.7029057 -18.6675625 -13 -22.9247837 -19.0698204 -13.3793344 -22.8025169 -19.87047 -13 -22.3454952 -19.301651 -13 -22.7029057 -19.0698204 -13.3793344 -22.8025169 -18.6675625 -13 -22.9247837 -18.9506855 -13.573185 -22.8444481 -19.0698204 -13.3793344 -22.8025169 -19.9986115 -14.413456 -22.1992264 -19.87047 -13 -22.3454952 -19.0698204 -13.3793344 -22.8025169 -18.9506855 -13.573185 -22.8444481 -19.9986115 -14.413456 -22.1992264 -14.8844337 -20.7322292 -21.0206223 -14.203907 -20.8198299 -20.9534378 -14.2714424 -20.9042416 -20.6310272 -15.4423752 -20.7359009 -20.6984291 -14.4036503 -20.9621525 -20 -15.812685 -20.734602 -20 -15.4423752 -20.7359009 -20.6984291 -14.2714424 -20.9042416 -20.6310272 -14.4036503 -20.9621525 -20 -15.4423752 -20.7359009 -20.6984291 -14.8844337 -20.7322292 -21.0206223 -14.2714424 -20.9042416 -20.6310272 -15.2519989 -20.6619453 -21.0541363 -14.8844337 -20.7322292 -21.0206223 -15.4423752 -20.7359009 -20.6984291 -15.2046185 -20.6043854 -21.2133751 -14.8844337 -20.7322292 -21.0206223 -15.2519989 -20.6619453 -21.0541363 -15.2046185 -20.6043854 -21.2133751 -15.2519989 -20.6619453 -21.0541363 -16.2826538 -20.1899281 -21.4671268 -14.7521553 -20.4814072 -21.5713444 -14.203907 -20.8198299 -20.9534378 -14.8844337 -20.7322292 -21.0206223 -14.7521553 -20.4814072 -21.5713444 -14.8844337 -20.7322292 -21.0206223 -15.2046185 -20.6043854 -21.2133751 -14.6414747 -20.3855286 -21.7346153 -14.203907 -20.8198299 -20.9534378 -14.7521553 -20.4814072 -21.5713444 -14.6414747 -20.3855286 -21.7346153 -13.6381855 -20.8411083 -20.9534378 -14.203907 -20.8198299 -20.9534378 -14.6414747 -20.3855286 -21.7346153 -15.2805023 -19.9562969 -22.1213074 -14.4288473 -20.1566696 -22.0404339 -14.6414747 -20.3855286 -21.7346153 -14.4288473 -20.1566696 -22.0404339 -13.6381855 -20.8411083 -20.9534378 -16.0859451 -20.5631771 -20.7321568 -15.4423752 -20.7359009 -20.6984291 -15.812685 -20.734602 -20 -16.0859451 -20.5631771 -20.7321568 -16.2826538 -20.1899281 -21.4671268 -15.2519989 -20.6619453 -21.0541363 -16.0859451 -20.5631771 -20.7321568 -15.2519989 -20.6619453 -21.0541363 -15.4423752 -20.7359009 -20.6984291 -16.450428 -20.4949665 -20.4840698 -16.0859451 -20.5631771 -20.7321568 -15.812685 -20.734602 -20 -16.450428 -20.4949665 -20.4840698 -15.812685 -20.734602 -20 -17.1498642 -20.2370663 -20 -15.2406607 -20.4278927 -21.5368214 -16.2826538 -20.1899281 -21.4671268 -15.7858067 -19.8305912 -22.1213226 -15.2406607 -20.4278927 -21.5368214 -15.2805023 -19.9562969 -22.1213074 -14.6414747 -20.3855286 -21.7346153 -15.2406607 -20.4278927 -21.5368214 -14.6414747 -20.3855286 -21.7346153 -14.7521553 -20.4814072 -21.5713444 -15.2406607 -20.4278927 -21.5368214 -14.7521553 -20.4814072 -21.5713444 -15.2046185 -20.6043854 -21.2133751 -15.2406607 -20.4278927 -21.5368214 -15.7858067 -19.8305912 -22.1213226 -15.2805023 -19.9562969 -22.1213074 -15.2406607 -20.4278927 -21.5368214 -15.2046185 -20.6043854 -21.2133751 -16.2826538 -20.1899281 -21.4671268 -16.7493324 -20.3216133 -20.7321568 -16.0859451 -20.5631771 -20.7321568 -16.450428 -20.4949665 -20.4840698 -16.7493324 -20.3216133 -20.7321568 -16.2826538 -20.1899281 -21.4671268 -16.0859451 -20.5631771 -20.7321568 -16.7493324 -20.3216133 -20.7321568 -16.450428 -20.4949665 -20.4840698 -17.1498642 -20.2370663 -20 -17.0450478 -20.1049557 -20.9807415 -17.5534115 -19.5707664 -21.4671249 -16.2826538 -20.1899281 -21.4671268 -17.0450478 -20.1049557 -20.9807415 -16.2826538 -20.1899281 -21.4671268 -16.7493324 -20.3216133 -20.7321568 -17.4136353 -19.9948483 -20.7321568 -17.5534115 -19.5707664 -21.4671249 -17.0450478 -20.1049557 -20.9807415 -17.4136353 -19.9948483 -20.7321568 -16.7493324 -20.3216133 -20.7321568 -17.1498642 -20.2370663 -20 -17.4136353 -19.9948483 -20.7321568 -17.0450478 -20.1049557 -20.9807415 -16.7493324 -20.3216133 -20.7321568 -17.7524204 -19.8517838 -20.4840698 -17.1498642 -20.2370663 -20 -18.3690701 -19.4597626 -20 -17.7524204 -19.8517838 -20.4840698 -17.4136353 -19.9948483 -20.7321568 -17.1498642 -20.2370663 -20 -18.0182419 -19.6107693 -20.7321568 -17.7524204 -19.8517838 -20.4840698 -18.3690701 -19.4597626 -20 -18.0182419 -19.6107693 -20.7321568 -17.4136353 -19.9948483 -20.7321568 -17.7524204 -19.8517838 -20.4840698 -18.0182419 -19.6107693 -20.7321568 -17.5534115 -19.5707664 -21.4671249 -17.4136353 -19.9948483 -20.7321568 -18.2737732 -19.3249245 -20.9807415 -17.5534115 -19.5707664 -21.4671249 -18.0182419 -19.6107693 -20.7321568 -18.2737732 -19.3249245 -20.9807415 -18.6715069 -18.6764412 -21.4671249 -17.5534115 -19.5707664 -21.4671249 -18.6029434 -19.1435528 -20.7321568 -18.0182419 -19.6107693 -20.7321568 -18.3690701 -19.4597626 -20 -18.6029434 -19.1435528 -20.7321568 -18.2737732 -19.3249245 -20.9807415 -18.0182419 -19.6107693 -20.7321568 -18.6029434 -19.1435528 -20.7321568 -18.6715069 -18.6764412 -21.4671249 -18.2737732 -19.3249245 -20.9807415 -18.8966007 -18.9376221 -20.4840698 -18.3690701 -19.4597626 -20 -19.4078827 -18.4332962 -20 -18.8966007 -18.9376221 -20.4840698 -18.6029434 -19.1435528 -20.7321568 -18.3690701 -19.4597626 -20 -14.9689169 -18.602066 -22.9092808 -14.6427689 -17.9168129 -23 -13.8474636 -18.6361561 -22.9295845 -14.9689169 -18.602066 -22.9092808 -13.8586178 -18.9432583 -22.8444557 -13.8695135 -19.2432442 -22.7255173 -14.9689169 -18.602066 -22.9092808 -13.8695135 -19.2432442 -22.7255173 -15.3562536 -19.2688293 -22.6167755 -14.9689169 -18.602066 -22.9092808 -13.8474636 -18.6361561 -22.9295845 -13.8586178 -18.9432583 -22.8444557 -19.1137218 -18.6361027 -20.7321568 -18.8966007 -18.9376221 -20.4840698 -19.4078827 -18.4332962 -20 -19.1137218 -18.6361027 -20.7321568 -18.6715069 -18.6764412 -21.4671249 -18.6029434 -19.1435528 -20.7321568 -19.1137218 -18.6361027 -20.7321568 -18.6029434 -19.1435528 -20.7321568 -18.8966007 -18.9376221 -20.4840698 -15.3633375 -18.5067329 -22.9092865 -14.9689169 -18.602066 -22.9092808 -15.3562536 -19.2688293 -22.6167755 -15.6866484 -18.6652908 -22.8351612 -15.3633375 -18.5067329 -22.9092865 -15.3562536 -19.2688293 -22.6167755 -15.6866484 -18.6652908 -22.8351612 -15.3562536 -19.2688293 -22.6167755 -16.3913212 -18.9015083 -22.6167812 -15.1028013 -18.3187428 -22.9606857 -15.313798 -17.7560272 -23 -14.6427689 -17.9168129 -23 -15.1028013 -18.3187428 -22.9606857 -15.3633375 -18.5067329 -22.9092865 -15.313798 -17.7560272 -23 -15.1028013 -18.3187428 -22.9606857 -14.9689169 -18.602066 -22.9092808 -15.3633375 -18.5067329 -22.9092865 -15.1028013 -18.3187428 -22.9606857 -14.6427689 -17.9168129 -23 -14.9689169 -18.602066 -22.9092808 -19.7899857 -17.8478889 -20.4840698 -19.4078827 -18.4332962 -20 -20.1383095 -17.3409805 -20 -19.2971458 -18.3082581 -20.9807415 -19.546257 -17.5919552 -21.4671249 -18.6715069 -18.6764412 -21.4671249 -19.2971458 -18.3082581 -20.9807415 -18.6715069 -18.6764412 -21.4671249 -19.1137218 -18.6361027 -20.7321568 -19.5738659 -18.0695934 -20.7321568 -19.546257 -17.5919552 -21.4671249 -19.2971458 -18.3082581 -20.9807415 -19.5738659 -18.0695934 -20.7321568 -19.4078827 -18.4332962 -20 -19.7899857 -17.8478889 -20.4840698 -19.5738659 -18.0695934 -20.7321568 -19.1137218 -18.6361027 -20.7321568 -19.4078827 -18.4332962 -20 -19.5738659 -18.0695934 -20.7321568 -19.2971458 -18.3082581 -20.9807415 -19.1137218 -18.6361027 -20.7321568 -15.8125172 -18.3531284 -22.9092865 -15.6866484 -18.6652908 -22.8351612 -16.3913212 -18.9015083 -22.6167812 -15.8125172 -18.3531284 -22.9092865 -15.313798 -17.7560272 -23 -15.3633375 -18.5067329 -22.9092865 -15.8125172 -18.3531284 -22.9092865 -15.3633375 -18.5067329 -22.9092865 -15.6866484 -18.6652908 -22.8351612 -19.9298153 -17.5266228 -20.7321568 -19.7899857 -17.8478889 -20.4840698 -20.1383095 -17.3409805 -20 -19.9298153 -17.5266228 -20.7321568 -19.546257 -17.5919552 -21.4671249 -19.5738659 -18.0695934 -20.7321568 -19.9298153 -17.5266228 -20.7321568 -19.5738659 -18.0695934 -20.7321568 -19.7899857 -17.8478889 -20.4840698 -15.9474773 -18.0239868 -22.9606895 -16.128973 -17.3753338 -23 -15.313798 -17.7560272 -23 -15.9474773 -18.0239868 -22.9606895 -15.313798 -17.7560272 -23 -15.8125172 -18.3531284 -22.9092865 -16.2981262 -18.1240253 -22.9092865 -16.128973 -17.3753338 -23 -15.9474773 -18.0239868 -22.9606895 -16.2981262 -18.1240253 -22.9092865 -15.8125172 -18.3531284 -22.9092865 -16.3913212 -18.9015083 -22.6167812 -16.2981262 -18.1240253 -22.9092865 -15.9474773 -18.0239868 -22.9606895 -15.8125172 -18.3531284 -22.9092865 -16.6604691 -18.1996861 -22.8351631 -16.2981262 -18.1240253 -22.9092865 -16.3913212 -18.9015083 -22.6167812 -16.6604691 -18.1996861 -22.8351631 -16.3913212 -18.9015083 -22.6167812 -17.4237614 -18.2529812 -22.6167812 -20.4191093 -16.6480522 -20.4840698 -20.1383095 -17.3409805 -20 -20.651823 -16.1064892 -20 -20.2567139 -16.8970871 -20.7321568 -19.9298153 -17.5266228 -20.7321568 -20.1383095 -17.3409805 -20 -20.2567139 -16.8970871 -20.7321568 -20.1383095 -17.3409805 -20 -20.4191093 -16.6480522 -20.4840698 -20.0497398 -17.1550961 -20.9807415 -19.546257 -17.5919552 -21.4671249 -19.9298153 -17.5266228 -20.7321568 -20.0497398 -17.1550961 -20.9807415 -19.9298153 -17.5266228 -20.7321568 -20.2567139 -16.8970871 -20.7321568 -20.0497398 -17.1550961 -20.9807415 -20.2567139 -16.8970871 -20.7321568 -20.1540699 -16.3805904 -21.4671249 -20.0497398 -17.1550961 -20.9807415 -20.1540699 -16.3805904 -21.4671249 -19.546257 -17.5919552 -21.4671249 -16.7450161 -17.8447113 -22.9092865 -16.128973 -17.3753338 -23 -16.2981262 -18.1240253 -22.9092865 -16.7450161 -17.8447113 -22.9092865 -16.6604691 -18.1996861 -22.8351631 -17.4237614 -18.2529812 -22.6167812 -16.7450161 -17.8447113 -22.9092865 -16.2981262 -18.1240253 -22.9092865 -16.6604691 -18.1996861 -22.8351631 -20.4997559 -16.2821159 -20.7321568 -20.2567139 -16.8970871 -20.7321568 -20.4191093 -16.6480522 -20.4840698 -20.4997559 -16.2821159 -20.7321568 -20.4191093 -16.6480522 -20.4840698 -20.651823 -16.1064892 -20 -20.6278915 -15.8613729 -20.7321568 -20.4997559 -16.2821159 -20.7321568 -20.651823 -16.1064892 -20 -20.7623615 -15.5256567 -20.4840698 -20.651823 -16.1064892 -20 -20.9153671 -14.8639288 -20 -20.7623615 -15.5256567 -20.4840698 -20.6278915 -15.8613729 -20.7321568 -20.651823 -16.1064892 -20 -20.4974537 -16.0471706 -20.9807415 -20.3979855 -15.5776777 -21.4671249 -20.1540699 -16.3805904 -21.4671249 -20.4974537 -16.0471706 -20.9807415 -20.1540699 -16.3805904 -21.4671249 -20.2567139 -16.8970871 -20.7321568 -20.4974537 -16.0471706 -20.9807415 -20.2567139 -16.8970871 -20.7321568 -20.4997559 -16.2821159 -20.7321568 -20.4974537 -16.0471706 -20.9807415 -20.4997559 -16.2821159 -20.7321568 -20.6278915 -15.8613729 -20.7321568 -16.8115616 -17.4838066 -22.9606895 -16.8525867 -16.794363 -23 -16.128973 -17.3753338 -23 -16.8115616 -17.4838066 -22.9606895 -16.128973 -17.3753338 -23 -16.7450161 -17.8447113 -22.9092865 -17.1756172 -17.4991207 -22.9092865 -16.8525867 -16.794363 -23 -16.8115616 -17.4838066 -22.9606895 -17.1756172 -17.4991207 -22.9092865 -16.7450161 -17.8447113 -22.9092865 -17.4237614 -18.2529812 -22.6167812 -17.1756172 -17.4991207 -22.9092865 -16.8115616 -17.4838066 -22.9606895 -16.7450161 -17.8447113 -22.9092865 -17.5406933 -17.4933853 -22.8351631 -17.1756172 -17.4991207 -22.9092865 -17.4237614 -18.2529812 -22.6167812 -17.5406933 -17.4933853 -22.8351631 -17.4237614 -18.2529812 -22.6167812 -18.2878265 -17.3798409 -22.6167812 -20.7662334 -15.2403984 -20.7321568 -20.6278915 -15.8613729 -20.7321568 -20.7623615 -15.5256567 -20.4840698 -20.7662334 -15.2403984 -20.7321568 -20.7623615 -15.5256567 -20.4840698 -20.9153671 -14.8639288 -20 -20.7662334 -15.2403984 -20.7321568 -20.3979855 -15.5776777 -21.4671249 -20.4974537 -16.0471706 -20.9807415 -20.7662334 -15.2403984 -20.7321568 -20.4974537 -16.0471706 -20.9807415 -20.6278915 -15.8613729 -20.7321568 -17.5474567 -17.1214237 -22.9092865 -16.8525867 -16.794363 -23 -17.1756172 -17.4991207 -22.9092865 -17.5474567 -17.1214237 -22.9092865 -17.5406933 -17.4933853 -22.8351631 -18.2878265 -17.3798409 -22.6167812 -17.5474567 -17.1214237 -22.9092865 -17.1756172 -17.4991207 -22.9092865 -17.5406933 -17.4933853 -22.8351631 -20.8204517 -14.7298994 -20.805975 -20.7662334 -15.2403984 -20.7321568 -20.9153671 -14.8639288 -20 -20.8204517 -14.7298994 -20.805975 -20.9216175 -13.8303261 -20.6461506 -20.8365192 -13.8278303 -20.9534378 -20.8204517 -14.7298994 -20.805975 -20.9153671 -14.8639288 -20 -20.9216175 -13.8303261 -20.6461506 -17.5324326 -16.7499046 -22.9606895 -16.8525867 -16.794363 -23 -17.5474567 -17.1214237 -22.9092865 -17.5324326 -16.7499046 -22.9606895 -17.4186726 -16.057518 -23 -16.8525867 -16.794363 -23 -17.8878098 -16.6831551 -22.9092865 -17.5474567 -17.1214237 -22.9092865 -18.2878265 -17.3798409 -22.6167812 -17.8878098 -16.6831551 -22.9092865 -17.5324326 -16.7499046 -22.9606895 -17.5474567 -17.1214237 -22.9092865 -17.8878098 -16.6831551 -22.9092865 -17.4186726 -16.057518 -23 -17.5324326 -16.7499046 -22.9606895 -18.2324924 -16.6073723 -22.8351631 -17.8878098 -16.6831551 -22.9092865 -18.2878265 -17.3798409 -22.6167812 -18.2324924 -16.6073723 -22.8351631 -18.2878265 -17.3798409 -22.6167812 -18.9153347 -16.3620834 -22.6167812 -18.153965 -16.2424488 -22.9092865 -17.4186726 -16.057518 -23 -17.8878098 -16.6831551 -22.9092865 -18.153965 -16.2424488 -22.9092865 -17.8878098 -16.6831551 -22.9092865 -18.2324924 -16.6073723 -22.8351631 -18.153965 -16.2424488 -22.9092865 -18.2324924 -16.6073723 -22.8351631 -18.9153347 -16.3620834 -22.6167812 -19.3669968 -15.2415466 -22.5764637 -18.9153347 -16.3620834 -22.6167812 -19.8165188 -15.8328562 -22.1213207 -19.3669968 -15.2415466 -22.5764637 -19.8165188 -15.8328562 -22.1213207 -19.9577084 -15.2735548 -22.1213207 -18.0573997 -15.8746252 -22.9606895 -17.4186726 -16.057518 -23 -18.153965 -16.2424488 -22.9092865 -18.0573997 -15.8746252 -22.9606895 -17.7892628 -15.2081842 -23 -17.4186726 -16.057518 -23 -18.3818645 -15.7389574 -22.9092865 -18.153965 -16.2424488 -22.9092865 -18.9153347 -16.3620834 -22.6167812 -18.3818645 -15.7389574 -22.9092865 -18.0573997 -15.8746252 -22.9606895 -18.153965 -16.2424488 -22.9092865 -18.3818645 -15.7389574 -22.9092865 -17.7892628 -15.2081842 -23 -18.0573997 -15.8746252 -22.9606895 -19.0420513 -15.2124519 -22.7436695 -18.3818645 -15.7389574 -22.9092865 -18.9153347 -16.3620834 -22.6167812 -19.0420513 -15.2124519 -22.7436695 -18.9153347 -16.3620834 -22.6167812 -19.3669968 -15.2415466 -22.5764637 -19.4984226 -14.6814508 -22.5555534 -18.926506 -14.1797886 -22.8444614 -19.0420513 -15.2124519 -22.7436695 -19.4984226 -14.6814508 -22.5555534 -19.0420513 -15.2124519 -22.7436695 -19.3669968 -15.2415466 -22.5764637 -19.4984226 -14.6814508 -22.5555534 -19.9577084 -15.2735548 -22.1213207 -19.9986115 -14.413456 -22.1992264 -19.4984226 -14.6814508 -22.5555534 -19.3669968 -15.2415466 -22.5764637 -19.9577084 -15.2735548 -22.1213207 -19.4984226 -14.6814508 -22.5555534 -19.9986115 -14.413456 -22.1992264 -18.926506 -14.1797886 -22.8444614 -18.6195908 -15.2274923 -22.8897076 -17.9754124 -14.1139994 -23 -17.7892628 -15.2081842 -23 -18.6195908 -15.2274923 -22.8897076 -18.3818645 -15.7389574 -22.9092865 -19.0420513 -15.2124519 -22.7436695 -18.6195908 -15.2274923 -22.8897076 -17.7892628 -15.2081842 -23 -18.3818645 -15.7389574 -22.9092865 -18.6195908 -15.2274923 -22.8897076 -19.0420513 -15.2124519 -22.7436695 -18.926506 -14.1797886 -22.8444614 -18.6195908 -15.2274923 -22.8897076 -18.6048889 -14.1575384 -22.9328785 -17.9754124 -14.1139994 -23 -18.6195908 -15.2274923 -22.8897076 -18.926506 -14.1797886 -22.8444614 -18.6048889 -14.1575384 -22.9328785 -20.4926224 -14.8952427 -21.5222874 -20.3979855 -15.5776777 -21.4671249 -20.7662334 -15.2403984 -20.7321568 -20.4926224 -14.8952427 -21.5222874 -20.7662334 -15.2403984 -20.7321568 -20.8204517 -14.7298994 -20.805975 -20.4926224 -14.8952427 -21.5222874 -19.9577084 -15.2735548 -22.1213207 -20.3979855 -15.5776777 -21.4671249 -20.4926224 -14.8952427 -21.5222874 -19.9986115 -14.413456 -22.1992264 -19.9577084 -15.2735548 -22.1213207 -20.5141602 -14.5752745 -21.5496674 -19.9986115 -14.413456 -22.1992264 -20.4926224 -14.8952427 -21.5222874 -20.5141602 -14.5752745 -21.5496674 -20.4926224 -14.8952427 -21.5222874 -20.8204517 -14.7298994 -20.805975 -20.5926456 -14.3154001 -21.4524117 -20.8204517 -14.7298994 -20.805975 -20.8365192 -13.8278303 -20.9534378 -20.5926456 -14.3154001 -21.4524117 -20.5141602 -14.5752745 -21.5496674 -20.8204517 -14.7298994 -20.805975 -20.5926456 -14.3154001 -21.4524117 -19.9986115 -14.413456 -22.1992264 -20.5141602 -14.5752745 -21.5496674 -20.5926456 -14.3154001 -21.4524117 -20.8365192 -13.8278303 -20.9534378 -20.7176208 -13.8243427 -21.253603 -20.5926456 -14.3154001 -21.4524117 -20.6150246 -13.5293541 -21.4671249 -19.9986115 -14.413456 -22.1992264 -20.5926456 -14.3154001 -21.4524117 -20.7176208 -13.8243427 -21.253603 -20.6150246 -13.5293541 -21.4671249 -18.6675625 13 -22.9247837 -18 -13 -23 -18.6675625 -13 -22.9247837 -18.6675625 13 -22.9247837 -18 13 -23 -18 -13 -23 -19.301651 13 -22.7029057 -18.6675625 -13 -22.9247837 -19.301651 -13 -22.7029057 -19.301651 13 -22.7029057 -18.6675625 13 -22.9247837 -18.6675625 -13 -22.9247837 -19.87047 13 -22.3454952 -19.301651 -13 -22.7029057 -19.87047 -13 -22.3454952 -19.87047 13 -22.3454952 -19.301651 13 -22.7029057 -19.301651 -13 -22.7029057 -20.3454952 13 -21.87047 -19.87047 -13 -22.3454952 -20.3454952 -13 -21.87047 -20.3454952 13 -21.87047 -20.3454952 -13 -21.87047 -20.7029057 -13 -21.301651 -20.3454952 13 -21.87047 -19.87047 13 -22.3454952 -19.87047 -13 -22.3454952 -20.7029057 13 -21.301651 -20.3454952 13 -21.87047 -20.7029057 -13 -21.301651 -20.9247837 13 -20.6675625 -20.7029057 -13 -21.301651 -20.9247837 -13 -20.6675625 -20.9247837 13 -20.6675625 -20.7029057 13 -21.301651 -20.7029057 -13 -21.301651 -21 13 -20 -20.9247837 -13 -20.6675625 -21 -13 -20 -21 13 -20 -20.9247837 13 -20.6675625 -20.9247837 -13 -20.6675625 -13 -18.6675625 -22.9247837 -13 -18 -23 13 -18 -23 -13 -18.6675625 -22.9247837 13 -18 -23 13 -18.6675625 -22.9247837 -13 -19.301651 -22.7029057 13 -18.6675625 -22.9247837 13 -19.301651 -22.7029057 -13 -19.301651 -22.7029057 -13 -18.6675625 -22.9247837 13 -18.6675625 -22.9247837 -13 -19.87047 -22.3454952 13 -19.301651 -22.7029057 13 -19.87047 -22.3454952 -13 -19.87047 -22.3454952 -13 -19.301651 -22.7029057 13 -19.301651 -22.7029057 -13 -20.3454952 -21.87047 13 -20.3454952 -21.87047 13 -20.7029057 -21.301651 -13 -20.3454952 -21.87047 13 -19.87047 -22.3454952 13 -20.3454952 -21.87047 -13 -20.3454952 -21.87047 -13 -19.87047 -22.3454952 13 -19.87047 -22.3454952 -13 -20.7029057 -21.301651 -13 -20.3454952 -21.87047 13 -20.7029057 -21.301651 -13 -20.9247837 -20.6675625 13 -20.7029057 -21.301651 13 -20.9247837 -20.6675625 -13 -20.9247837 -20.6675625 -13 -20.7029057 -21.301651 13 -20.7029057 -21.301651 -13 -21 -20 13 -20.9247837 -20.6675625 13 -21 -20 -13 -21 -20 -13 -20.9247837 -20.6675625 13 -20.9247837 -20.6675625 -20.9262352 13.6397047 -20.6461506 -20.9247837 13 -20.6675625 -21 13 -20 -20.9262352 13.6397047 -20.6461506 -21 13 -20 -20.9621525 14.4036503 -20 -20.8019123 13.4132433 -21.0704422 -20.3454952 13 -21.87047 -20.7029057 13 -21.301651 -20.8019123 13.4132433 -21.0704422 -20.7029057 13 -21.301651 -20.9247837 13 -20.6675625 -20.8019123 13.4132433 -21.0704422 -20.9247837 13 -20.6675625 -20.9262352 13.6397047 -20.6461506 -20.8411083 13.6381855 -20.9534378 -20.8019123 13.4132433 -21.0704422 -20.9262352 13.6397047 -20.6461506 -20.9042416 14.2714424 -20.6310272 -20.9262352 13.6397047 -20.6461506 -20.9621525 14.4036503 -20 -20.8198299 14.203907 -20.9534378 -20.8411083 13.6381855 -20.9534378 -20.9262352 13.6397047 -20.6461506 -20.8198299 14.203907 -20.9534378 -20.9262352 13.6397047 -20.6461506 -20.9042416 14.2714424 -20.6310272 -19.4645023 13.5724306 -22.6167755 -19.301651 13 -22.7029057 -19.87047 13 -22.3454952 -19.4645023 13.5724306 -22.6167755 -19.87047 13 -22.3454952 -20.3454952 13 -21.87047 -20.1566696 14.4288473 -22.0404339 -20.3454952 13 -21.87047 -20.8019123 13.4132433 -21.0704422 -20.1566696 14.4288473 -22.0404339 -20.8019123 13.4132433 -21.0704422 -20.8411083 13.6381855 -20.9534378 -20.1566696 14.4288473 -22.0404339 -19.4645023 13.5724306 -22.6167755 -20.3454952 13 -21.87047 -19.0678101 13.5662689 -22.8025227 -18.6675625 13 -22.9247837 -19.301651 13 -22.7029057 -19.0678101 13.5662689 -22.8025227 -19.301651 13 -22.7029057 -19.4645023 13.5724306 -22.6167755 -19.2432442 13.8695135 -22.7255173 -19.0678101 13.5662689 -22.8025227 -19.4645023 13.5724306 -22.6167755 -19.2432442 13.8695135 -22.7255173 -19.4645023 13.5724306 -22.6167755 -20.1566696 14.4288473 -22.0404339 -18.9432583 13.8586178 -22.8444557 -19.0678101 13.5662689 -22.8025227 -19.2432442 13.8695135 -22.7255173 -18.6361561 13.8474636 -22.9295845 -18 13 -23 -18.6675625 13 -22.9247837 -18.6361561 13.8474636 -22.9295845 -17.9168129 14.6427689 -23 -18 13 -23 -18.6361561 13.8474636 -22.9295845 -19.0678101 13.5662689 -22.8025227 -18.9432583 13.8586178 -22.8444557 -18.6361561 13.8474636 -22.9295845 -18.6675625 13 -22.9247837 -19.0678101 13.5662689 -22.8025227 -19.624548 16.373785 -22.1213226 -19.8305912 15.7858067 -22.1213226 -20.1899281 16.2826538 -21.4671268 -19.2688293 15.3562536 -22.6167755 -19.2432442 13.8695135 -22.7255173 -20.1566696 14.4288473 -22.0404339 -19.2688293 15.3562536 -22.6167755 -20.1566696 14.4288473 -22.0404339 -19.9562969 15.2805023 -22.1213074 -19.2688293 15.3562536 -22.6167755 -19.8305912 15.7858067 -22.1213226 -19.624548 16.373785 -22.1213226 -19.2688293 15.3562536 -22.6167755 -19.9562969 15.2805023 -22.1213074 -19.8305912 15.7858067 -22.1213226 -19.3196392 17.0066814 -22.1213207 -20.1899281 16.2826538 -21.4671268 -19.5707664 17.5534115 -21.4671249 -19.3196392 17.0066814 -22.1213207 -19.624548 16.373785 -22.1213226 -20.1899281 16.2826538 -21.4671268 -18.9015083 16.3913212 -22.6167812 -19.624548 16.373785 -22.1213226 -19.3196392 17.0066814 -22.1213207 -18.9015083 16.3913212 -22.6167812 -19.2688293 15.3562536 -22.6167755 -19.624548 16.373785 -22.1213226 -18.9826641 17.5417938 -22.1213207 -19.3196392 17.0066814 -22.1213207 -19.5707664 17.5534115 -21.4671249 -18.5337029 18.1026993 -22.1213207 -18.9826641 17.5417938 -22.1213207 -19.5707664 17.5534115 -21.4671249 -18.5337029 18.1026993 -22.1213207 -19.5707664 17.5534115 -21.4671249 -18.6764412 18.6715069 -21.4671249 -18.2529812 17.4237614 -22.6167812 -18.9015083 16.3913212 -22.6167812 -19.3196392 17.0066814 -22.1213207 -18.2529812 17.4237614 -22.6167812 -19.3196392 17.0066814 -22.1213207 -18.9826641 17.5417938 -22.1213207 -18.2529812 17.4237614 -22.6167812 -18.9826641 17.5417938 -22.1213207 -18.5337029 18.1026993 -22.1213207 -18.0823193 18.5520401 -22.1213207 -18.5337029 18.1026993 -22.1213207 -18.6764412 18.6715069 -21.4671249 -18.0823193 18.5520401 -22.1213207 -18.2529812 17.4237614 -22.6167812 -18.5337029 18.1026993 -22.1213207 -17.5919552 19.546257 -21.4671249 -18.0823193 18.5520401 -22.1213207 -18.6764412 18.6715069 -21.4671249 -17.5167637 19.0002975 -22.1213207 -18.0823193 18.5520401 -22.1213207 -17.5919552 19.546257 -21.4671249 -17.0318871 19.3055058 -22.1213207 -17.5167637 19.0002975 -22.1213207 -17.5919552 19.546257 -21.4671249 -17.0318871 19.3055058 -22.1213207 -17.5919552 19.546257 -21.4671249 -16.3805904 20.1540699 -21.4671249 -17.3798409 18.2878265 -22.6167812 -17.5167637 19.0002975 -22.1213207 -17.0318871 19.3055058 -22.1213207 -17.3798409 18.2878265 -22.6167812 -18.0823193 18.5520401 -22.1213207 -17.5167637 19.0002975 -22.1213207 -17.3798409 18.2878265 -22.6167812 -18.2529812 17.4237614 -22.6167812 -18.0823193 18.5520401 -22.1213207 -16.3821507 19.621109 -22.1213207 -17.0318871 19.3055058 -22.1213207 -16.3805904 20.1540699 -21.4671249 -15.8328562 19.8165188 -22.1213207 -16.3821507 19.621109 -22.1213207 -16.3805904 20.1540699 -21.4671249 -15.8328562 19.8165188 -22.1213207 -16.3805904 20.1540699 -21.4671249 -15.5776777 20.3979855 -21.4671249 -16.3620834 18.9153347 -22.6167812 -17.3798409 18.2878265 -22.6167812 -17.0318871 19.3055058 -22.1213207 -16.3620834 18.9153347 -22.6167812 -17.0318871 19.3055058 -22.1213207 -16.3821507 19.621109 -22.1213207 -16.3620834 18.9153347 -22.6167812 -16.3821507 19.621109 -22.1213207 -15.8328562 19.8165188 -22.1213207 -13.8303261 20.9216175 -20.6461506 -14.8639288 20.9153671 -20 -13 21 -20 -13.8303261 20.9216175 -20.6461506 -13 21 -20 -13 20.9247837 -20.6675625 -15.2735548 19.9577084 -22.1213207 -15.8328562 19.8165188 -22.1213207 -15.5776777 20.3979855 -21.4671249 -13.5316887 20.8007832 -21.0704422 -13 20.9247837 -20.6675625 -13 20.7029057 -21.301651 -13.5316887 20.8007832 -21.0704422 -13.8303261 20.9216175 -20.6461506 -13 20.9247837 -20.6675625 -13.5316887 20.8007832 -21.0704422 -13.8278303 20.8365192 -20.9534378 -13.8303261 20.9216175 -20.6461506 -13.5316887 20.8007832 -21.0704422 -13.8243427 20.7176208 -21.253603 -13.8278303 20.8365192 -20.9534378 -13.5293541 20.6150246 -21.4671249 -13 20.3454952 -21.87047 -13 19.87047 -22.3454952 -13.5293541 20.6150246 -21.4671249 -13 20.7029057 -21.301651 -13 20.3454952 -21.87047 -13.5293541 20.6150246 -21.4671249 -13 19.87047 -22.3454952 -14.413456 19.9986115 -22.1992264 -13.5293541 20.6150246 -21.4671249 -13.8243427 20.7176208 -21.253603 -13.5316887 20.8007832 -21.0704422 -13.5293541 20.6150246 -21.4671249 -13.5316887 20.8007832 -21.0704422 -13 20.7029057 -21.301651 -13.573185 18.9506855 -22.8444481 -13 18.6675625 -22.9247837 -13 18 -23 -13.573185 18.9506855 -22.8444481 -13 18 -23 -14.1139994 17.9754124 -23 -13.573185 18.9506855 -22.8444481 -14.1797886 18.926506 -22.8444614 -14.413456 19.9986115 -22.1992264 -13.573185 18.9506855 -22.8444481 -14.1139994 17.9754124 -23 -14.1575384 18.6048889 -22.9328785 -13.573185 18.9506855 -22.8444481 -14.1575384 18.6048889 -22.9328785 -14.1797886 18.926506 -22.8444614 -13.3793344 19.0698204 -22.8025169 -13 19.301651 -22.7029057 -13 18.6675625 -22.9247837 -13.3793344 19.0698204 -22.8025169 -13 19.87047 -22.3454952 -13 19.301651 -22.7029057 -13.3793344 19.0698204 -22.8025169 -13 18.6675625 -22.9247837 -13.573185 18.9506855 -22.8444481 -13.3793344 19.0698204 -22.8025169 -14.413456 19.9986115 -22.1992264 -13 19.87047 -22.3454952 -13.3793344 19.0698204 -22.8025169 -13.573185 18.9506855 -22.8444481 -14.413456 19.9986115 -22.1992264 -20.7322292 14.8844337 -21.0206223 -20.8198299 14.203907 -20.9534378 -20.9042416 14.2714424 -20.6310272 -20.7359009 15.4423752 -20.6984291 -20.9621525 14.4036503 -20 -20.734602 15.812685 -20 -20.7359009 15.4423752 -20.6984291 -20.9042416 14.2714424 -20.6310272 -20.9621525 14.4036503 -20 -20.7359009 15.4423752 -20.6984291 -20.7322292 14.8844337 -21.0206223 -20.9042416 14.2714424 -20.6310272 -20.6619453 15.2519989 -21.0541363 -20.7322292 14.8844337 -21.0206223 -20.7359009 15.4423752 -20.6984291 -20.6043854 15.2046185 -21.2133751 -20.6619453 15.2519989 -21.0541363 -20.1899281 16.2826538 -21.4671268 -20.6043854 15.2046185 -21.2133751 -20.7322292 14.8844337 -21.0206223 -20.6619453 15.2519989 -21.0541363 -20.4814072 14.7521553 -21.5713444 -20.7322292 14.8844337 -21.0206223 -20.6043854 15.2046185 -21.2133751 -20.4814072 14.7521553 -21.5713444 -20.8198299 14.203907 -20.9534378 -20.7322292 14.8844337 -21.0206223 -20.3855286 14.6414747 -21.7346153 -20.8198299 14.203907 -20.9534378 -20.4814072 14.7521553 -21.5713444 -20.3855286 14.6414747 -21.7346153 -19.9562969 15.2805023 -22.1213074 -20.1566696 14.4288473 -22.0404339 -20.3855286 14.6414747 -21.7346153 -20.8411083 13.6381855 -20.9534378 -20.8198299 14.203907 -20.9534378 -20.3855286 14.6414747 -21.7346153 -20.1566696 14.4288473 -22.0404339 -20.8411083 13.6381855 -20.9534378 -20.5631771 16.0859451 -20.7321568 -20.7359009 15.4423752 -20.6984291 -20.734602 15.812685 -20 -20.5631771 16.0859451 -20.7321568 -20.1899281 16.2826538 -21.4671268 -20.6619453 15.2519989 -21.0541363 -20.5631771 16.0859451 -20.7321568 -20.6619453 15.2519989 -21.0541363 -20.7359009 15.4423752 -20.6984291 -20.4949665 16.450428 -20.4840698 -20.5631771 16.0859451 -20.7321568 -20.734602 15.812685 -20 -20.4949665 16.450428 -20.4840698 -20.734602 15.812685 -20 -20.2370663 17.1498642 -20 -20.4278927 15.2406607 -21.5368214 -20.1899281 16.2826538 -21.4671268 -19.8305912 15.7858067 -22.1213226 -20.4278927 15.2406607 -21.5368214 -20.3855286 14.6414747 -21.7346153 -20.4814072 14.7521553 -21.5713444 -20.4278927 15.2406607 -21.5368214 -19.9562969 15.2805023 -22.1213074 -20.3855286 14.6414747 -21.7346153 -20.4278927 15.2406607 -21.5368214 -20.4814072 14.7521553 -21.5713444 -20.6043854 15.2046185 -21.2133751 -20.4278927 15.2406607 -21.5368214 -19.8305912 15.7858067 -22.1213226 -19.9562969 15.2805023 -22.1213074 -20.4278927 15.2406607 -21.5368214 -20.6043854 15.2046185 -21.2133751 -20.1899281 16.2826538 -21.4671268 -20.3216133 16.7493324 -20.7321568 -20.5631771 16.0859451 -20.7321568 -20.4949665 16.450428 -20.4840698 -20.3216133 16.7493324 -20.7321568 -20.1899281 16.2826538 -21.4671268 -20.5631771 16.0859451 -20.7321568 -20.3216133 16.7493324 -20.7321568 -20.4949665 16.450428 -20.4840698 -20.2370663 17.1498642 -20 -20.1049557 17.0450478 -20.9807415 -19.5707664 17.5534115 -21.4671249 -20.1899281 16.2826538 -21.4671268 -20.1049557 17.0450478 -20.9807415 -20.1899281 16.2826538 -21.4671268 -20.3216133 16.7493324 -20.7321568 -19.9948483 17.4136353 -20.7321568 -19.5707664 17.5534115 -21.4671249 -20.1049557 17.0450478 -20.9807415 -19.9948483 17.4136353 -20.7321568 -20.3216133 16.7493324 -20.7321568 -20.2370663 17.1498642 -20 -19.9948483 17.4136353 -20.7321568 -20.1049557 17.0450478 -20.9807415 -20.3216133 16.7493324 -20.7321568 -19.8517838 17.7524204 -20.4840698 -20.2370663 17.1498642 -20 -19.4597626 18.3690701 -20 -19.8517838 17.7524204 -20.4840698 -19.9948483 17.4136353 -20.7321568 -20.2370663 17.1498642 -20 -19.6107693 18.0182419 -20.7321568 -19.8517838 17.7524204 -20.4840698 -19.4597626 18.3690701 -20 -19.6107693 18.0182419 -20.7321568 -19.9948483 17.4136353 -20.7321568 -19.8517838 17.7524204 -20.4840698 -19.6107693 18.0182419 -20.7321568 -19.5707664 17.5534115 -21.4671249 -19.9948483 17.4136353 -20.7321568 -19.3249245 18.2737732 -20.9807415 -19.5707664 17.5534115 -21.4671249 -19.6107693 18.0182419 -20.7321568 -19.3249245 18.2737732 -20.9807415 -18.6764412 18.6715069 -21.4671249 -19.5707664 17.5534115 -21.4671249 -19.1435528 18.6029434 -20.7321568 -18.6764412 18.6715069 -21.4671249 -19.3249245 18.2737732 -20.9807415 -19.1435528 18.6029434 -20.7321568 -19.3249245 18.2737732 -20.9807415 -19.6107693 18.0182419 -20.7321568 -19.1435528 18.6029434 -20.7321568 -19.6107693 18.0182419 -20.7321568 -19.4597626 18.3690701 -20 -18.9376221 18.8966007 -20.4840698 -19.4597626 18.3690701 -20 -18.4332962 19.4078827 -20 -18.9376221 18.8966007 -20.4840698 -19.1435528 18.6029434 -20.7321568 -19.4597626 18.3690701 -20 -18.602066 14.9689169 -22.9092808 -17.9168129 14.6427689 -23 -18.6361561 13.8474636 -22.9295845 -18.602066 14.9689169 -22.9092808 -18.9432583 13.8586178 -22.8444557 -19.2432442 13.8695135 -22.7255173 -18.602066 14.9689169 -22.9092808 -19.2432442 13.8695135 -22.7255173 -19.2688293 15.3562536 -22.6167755 -18.602066 14.9689169 -22.9092808 -18.6361561 13.8474636 -22.9295845 -18.9432583 13.8586178 -22.8444557 -18.6361027 19.1137218 -20.7321568 -18.9376221 18.8966007 -20.4840698 -18.4332962 19.4078827 -20 -18.6361027 19.1137218 -20.7321568 -18.6764412 18.6715069 -21.4671249 -19.1435528 18.6029434 -20.7321568 -18.6361027 19.1137218 -20.7321568 -19.1435528 18.6029434 -20.7321568 -18.9376221 18.8966007 -20.4840698 -18.5067329 15.3633375 -22.9092865 -18.602066 14.9689169 -22.9092808 -19.2688293 15.3562536 -22.6167755 -18.6652908 15.6866484 -22.8351612 -19.2688293 15.3562536 -22.6167755 -18.9015083 16.3913212 -22.6167812 -18.6652908 15.6866484 -22.8351612 -18.5067329 15.3633375 -22.9092865 -19.2688293 15.3562536 -22.6167755 -18.3187428 15.1028013 -22.9606857 -17.7560272 15.313798 -23 -17.9168129 14.6427689 -23 -18.3187428 15.1028013 -22.9606857 -18.5067329 15.3633375 -22.9092865 -17.7560272 15.313798 -23 -18.3187428 15.1028013 -22.9606857 -18.602066 14.9689169 -22.9092808 -18.5067329 15.3633375 -22.9092865 -18.3187428 15.1028013 -22.9606857 -17.9168129 14.6427689 -23 -18.602066 14.9689169 -22.9092808 -17.8478889 19.7899857 -20.4840698 -18.4332962 19.4078827 -20 -17.3409805 20.1383095 -20 -18.3082581 19.2971458 -20.9807415 -17.5919552 19.546257 -21.4671249 -18.6764412 18.6715069 -21.4671249 -18.3082581 19.2971458 -20.9807415 -18.6764412 18.6715069 -21.4671249 -18.6361027 19.1137218 -20.7321568 -18.0695934 19.5738659 -20.7321568 -18.4332962 19.4078827 -20 -17.8478889 19.7899857 -20.4840698 -18.0695934 19.5738659 -20.7321568 -18.6361027 19.1137218 -20.7321568 -18.4332962 19.4078827 -20 -18.0695934 19.5738659 -20.7321568 -17.5919552 19.546257 -21.4671249 -18.3082581 19.2971458 -20.9807415 -18.0695934 19.5738659 -20.7321568 -18.3082581 19.2971458 -20.9807415 -18.6361027 19.1137218 -20.7321568 -18.3531284 15.8125172 -22.9092865 -17.7560272 15.313798 -23 -18.5067329 15.3633375 -22.9092865 -18.3531284 15.8125172 -22.9092865 -18.6652908 15.6866484 -22.8351612 -18.9015083 16.3913212 -22.6167812 -18.3531284 15.8125172 -22.9092865 -18.5067329 15.3633375 -22.9092865 -18.6652908 15.6866484 -22.8351612 -17.5266228 19.9298153 -20.7321568 -18.0695934 19.5738659 -20.7321568 -17.8478889 19.7899857 -20.4840698 -17.5266228 19.9298153 -20.7321568 -17.5919552 19.546257 -21.4671249 -18.0695934 19.5738659 -20.7321568 -17.5266228 19.9298153 -20.7321568 -17.8478889 19.7899857 -20.4840698 -17.3409805 20.1383095 -20 -18.0239868 15.9474773 -22.9606895 -17.3753338 16.128973 -23 -17.7560272 15.313798 -23 -18.0239868 15.9474773 -22.9606895 -17.7560272 15.313798 -23 -18.3531284 15.8125172 -22.9092865 -18.1240253 16.2981262 -22.9092865 -17.3753338 16.128973 -23 -18.0239868 15.9474773 -22.9606895 -18.1240253 16.2981262 -22.9092865 -18.3531284 15.8125172 -22.9092865 -18.9015083 16.3913212 -22.6167812 -18.1240253 16.2981262 -22.9092865 -18.0239868 15.9474773 -22.9606895 -18.3531284 15.8125172 -22.9092865 -18.1996861 16.6604691 -22.8351631 -18.9015083 16.3913212 -22.6167812 -18.2529812 17.4237614 -22.6167812 -18.1996861 16.6604691 -22.8351631 -18.1240253 16.2981262 -22.9092865 -18.9015083 16.3913212 -22.6167812 -16.6480522 20.4191093 -20.4840698 -17.3409805 20.1383095 -20 -16.1064892 20.651823 -20 -16.8970871 20.2567139 -20.7321568 -17.3409805 20.1383095 -20 -16.6480522 20.4191093 -20.4840698 -16.8970871 20.2567139 -20.7321568 -17.5266228 19.9298153 -20.7321568 -17.3409805 20.1383095 -20 -17.1550961 20.0497398 -20.9807415 -16.3805904 20.1540699 -21.4671249 -17.5919552 19.546257 -21.4671249 -17.1550961 20.0497398 -20.9807415 -17.5919552 19.546257 -21.4671249 -17.5266228 19.9298153 -20.7321568 -17.1550961 20.0497398 -20.9807415 -16.8970871 20.2567139 -20.7321568 -16.3805904 20.1540699 -21.4671249 -17.1550961 20.0497398 -20.9807415 -17.5266228 19.9298153 -20.7321568 -16.8970871 20.2567139 -20.7321568 -17.8447113 16.7450161 -22.9092865 -17.3753338 16.128973 -23 -18.1240253 16.2981262 -22.9092865 -17.8447113 16.7450161 -22.9092865 -18.1996861 16.6604691 -22.8351631 -18.2529812 17.4237614 -22.6167812 -17.8447113 16.7450161 -22.9092865 -18.1240253 16.2981262 -22.9092865 -18.1996861 16.6604691 -22.8351631 -16.2821159 20.4997559 -20.7321568 -16.8970871 20.2567139 -20.7321568 -16.6480522 20.4191093 -20.4840698 -16.2821159 20.4997559 -20.7321568 -16.6480522 20.4191093 -20.4840698 -16.1064892 20.651823 -20 -15.8613729 20.6278915 -20.7321568 -16.2821159 20.4997559 -20.7321568 -16.1064892 20.651823 -20 -15.5256567 20.7623615 -20.4840698 -16.1064892 20.651823 -20 -14.8639288 20.9153671 -20 -15.5256567 20.7623615 -20.4840698 -15.8613729 20.6278915 -20.7321568 -16.1064892 20.651823 -20 -16.0471706 20.4974537 -20.9807415 -15.5776777 20.3979855 -21.4671249 -16.3805904 20.1540699 -21.4671249 -16.0471706 20.4974537 -20.9807415 -16.3805904 20.1540699 -21.4671249 -16.8970871 20.2567139 -20.7321568 -16.0471706 20.4974537 -20.9807415 -16.8970871 20.2567139 -20.7321568 -16.2821159 20.4997559 -20.7321568 -16.0471706 20.4974537 -20.9807415 -16.2821159 20.4997559 -20.7321568 -15.8613729 20.6278915 -20.7321568 -17.4838066 16.8115616 -22.9606895 -16.794363 16.8525867 -23 -17.3753338 16.128973 -23 -17.4838066 16.8115616 -22.9606895 -17.3753338 16.128973 -23 -17.8447113 16.7450161 -22.9092865 -17.4991207 17.1756172 -22.9092865 -17.8447113 16.7450161 -22.9092865 -18.2529812 17.4237614 -22.6167812 -17.4991207 17.1756172 -22.9092865 -16.794363 16.8525867 -23 -17.4838066 16.8115616 -22.9606895 -17.4991207 17.1756172 -22.9092865 -17.4838066 16.8115616 -22.9606895 -17.8447113 16.7450161 -22.9092865 -17.4933853 17.5406933 -22.8351631 -17.4991207 17.1756172 -22.9092865 -18.2529812 17.4237614 -22.6167812 -17.4933853 17.5406933 -22.8351631 -18.2529812 17.4237614 -22.6167812 -17.3798409 18.2878265 -22.6167812 -15.2403984 20.7662334 -20.7321568 -15.8613729 20.6278915 -20.7321568 -15.5256567 20.7623615 -20.4840698 -15.2403984 20.7662334 -20.7321568 -15.5776777 20.3979855 -21.4671249 -16.0471706 20.4974537 -20.9807415 -15.2403984 20.7662334 -20.7321568 -16.0471706 20.4974537 -20.9807415 -15.8613729 20.6278915 -20.7321568 -15.2403984 20.7662334 -20.7321568 -15.5256567 20.7623615 -20.4840698 -14.8639288 20.9153671 -20 -17.1214237 17.5474567 -22.9092865 -16.794363 16.8525867 -23 -17.4991207 17.1756172 -22.9092865 -17.1214237 17.5474567 -22.9092865 -17.4933853 17.5406933 -22.8351631 -17.3798409 18.2878265 -22.6167812 -17.1214237 17.5474567 -22.9092865 -17.4991207 17.1756172 -22.9092865 -17.4933853 17.5406933 -22.8351631 -14.7298994 20.8204517 -20.805975 -15.2403984 20.7662334 -20.7321568 -14.8639288 20.9153671 -20 -14.7298994 20.8204517 -20.805975 -13.8303261 20.9216175 -20.6461506 -13.8278303 20.8365192 -20.9534378 -14.7298994 20.8204517 -20.805975 -14.8639288 20.9153671 -20 -13.8303261 20.9216175 -20.6461506 -16.7499046 17.5324326 -22.9606895 -16.794363 16.8525867 -23 -17.1214237 17.5474567 -22.9092865 -16.7499046 17.5324326 -22.9606895 -16.057518 17.4186726 -23 -16.794363 16.8525867 -23 -16.6831551 17.8878098 -22.9092865 -17.1214237 17.5474567 -22.9092865 -17.3798409 18.2878265 -22.6167812 -16.6831551 17.8878098 -22.9092865 -16.7499046 17.5324326 -22.9606895 -17.1214237 17.5474567 -22.9092865 -16.6831551 17.8878098 -22.9092865 -16.057518 17.4186726 -23 -16.7499046 17.5324326 -22.9606895 -16.6073723 18.2324924 -22.8351631 -16.6831551 17.8878098 -22.9092865 -17.3798409 18.2878265 -22.6167812 -16.6073723 18.2324924 -22.8351631 -17.3798409 18.2878265 -22.6167812 -16.3620834 18.9153347 -22.6167812 -16.2424488 18.153965 -22.9092865 -16.057518 17.4186726 -23 -16.6831551 17.8878098 -22.9092865 -16.2424488 18.153965 -22.9092865 -16.6831551 17.8878098 -22.9092865 -16.6073723 18.2324924 -22.8351631 -16.2424488 18.153965 -22.9092865 -16.6073723 18.2324924 -22.8351631 -16.3620834 18.9153347 -22.6167812 -15.2415466 19.3669968 -22.5764637 -16.3620834 18.9153347 -22.6167812 -15.8328562 19.8165188 -22.1213207 -15.2415466 19.3669968 -22.5764637 -15.8328562 19.8165188 -22.1213207 -15.2735548 19.9577084 -22.1213207 -15.8746252 18.0573997 -22.9606895 -16.057518 17.4186726 -23 -16.2424488 18.153965 -22.9092865 -15.8746252 18.0573997 -22.9606895 -15.2081842 17.7892628 -23 -16.057518 17.4186726 -23 -15.7389574 18.3818645 -22.9092865 -16.2424488 18.153965 -22.9092865 -16.3620834 18.9153347 -22.6167812 -15.7389574 18.3818645 -22.9092865 -15.8746252 18.0573997 -22.9606895 -16.2424488 18.153965 -22.9092865 -15.7389574 18.3818645 -22.9092865 -15.2081842 17.7892628 -23 -15.8746252 18.0573997 -22.9606895 -15.2124519 19.0420513 -22.7436695 -15.7389574 18.3818645 -22.9092865 -16.3620834 18.9153347 -22.6167812 -15.2124519 19.0420513 -22.7436695 -16.3620834 18.9153347 -22.6167812 -15.2415466 19.3669968 -22.5764637 -14.6814508 19.4984226 -22.5555534 -15.2415466 19.3669968 -22.5764637 -15.2735548 19.9577084 -22.1213207 -14.6814508 19.4984226 -22.5555534 -14.1797886 18.926506 -22.8444614 -15.2124519 19.0420513 -22.7436695 -14.6814508 19.4984226 -22.5555534 -15.2124519 19.0420513 -22.7436695 -15.2415466 19.3669968 -22.5764637 -14.6814508 19.4984226 -22.5555534 -15.2735548 19.9577084 -22.1213207 -14.413456 19.9986115 -22.1992264 -14.6814508 19.4984226 -22.5555534 -14.413456 19.9986115 -22.1992264 -14.1797886 18.926506 -22.8444614 -15.2274923 18.6195908 -22.8897076 -14.1139994 17.9754124 -23 -15.2081842 17.7892628 -23 -15.2274923 18.6195908 -22.8897076 -15.7389574 18.3818645 -22.9092865 -15.2124519 19.0420513 -22.7436695 -15.2274923 18.6195908 -22.8897076 -15.2081842 17.7892628 -23 -15.7389574 18.3818645 -22.9092865 -15.2274923 18.6195908 -22.8897076 -15.2124519 19.0420513 -22.7436695 -14.1797886 18.926506 -22.8444614 -15.2274923 18.6195908 -22.8897076 -14.1575384 18.6048889 -22.9328785 -14.1139994 17.9754124 -23 -15.2274923 18.6195908 -22.8897076 -14.1797886 18.926506 -22.8444614 -14.1575384 18.6048889 -22.9328785 -14.8952427 20.4926224 -21.5222874 -15.5776777 20.3979855 -21.4671249 -15.2403984 20.7662334 -20.7321568 -14.8952427 20.4926224 -21.5222874 -15.2403984 20.7662334 -20.7321568 -14.7298994 20.8204517 -20.805975 -14.8952427 20.4926224 -21.5222874 -15.2735548 19.9577084 -22.1213207 -15.5776777 20.3979855 -21.4671249 -14.8952427 20.4926224 -21.5222874 -14.413456 19.9986115 -22.1992264 -15.2735548 19.9577084 -22.1213207 -14.5752745 20.5141602 -21.5496674 -14.413456 19.9986115 -22.1992264 -14.8952427 20.4926224 -21.5222874 -14.5752745 20.5141602 -21.5496674 -14.8952427 20.4926224 -21.5222874 -14.7298994 20.8204517 -20.805975 -14.3154001 20.5926456 -21.4524117 -14.7298994 20.8204517 -20.805975 -13.8278303 20.8365192 -20.9534378 -14.3154001 20.5926456 -21.4524117 -14.5752745 20.5141602 -21.5496674 -14.7298994 20.8204517 -20.805975 -14.3154001 20.5926456 -21.4524117 -14.413456 19.9986115 -22.1992264 -14.5752745 20.5141602 -21.5496674 -14.3154001 20.5926456 -21.4524117 -13.8278303 20.8365192 -20.9534378 -13.8243427 20.7176208 -21.253603 -14.3154001 20.5926456 -21.4524117 -13.5293541 20.6150246 -21.4671249 -14.413456 19.9986115 -22.1992264 -14.3154001 20.5926456 -21.4524117 -13.8243427 20.7176208 -21.253603 -13.5293541 20.6150246 -21.4671249 20.9262352 -13.6397047 -20.6461506 20.9247837 -13 -20.6675625 21 -13 -20 20.9262352 -13.6397047 -20.6461506 21 -13 -20 20.9621525 -14.4036503 -20 20.8019123 -13.4132433 -21.0704422 20.7029057 -13 -21.301651 20.9247837 -13 -20.6675625 20.8019123 -13.4132433 -21.0704422 20.3454952 -13 -21.87047 20.7029057 -13 -21.301651 20.8019123 -13.4132433 -21.0704422 20.9247837 -13 -20.6675625 20.9262352 -13.6397047 -20.6461506 20.8411083 -13.6381855 -20.9534378 20.8019123 -13.4132433 -21.0704422 20.9262352 -13.6397047 -20.6461506 20.9042416 -14.2714424 -20.6310272 20.9262352 -13.6397047 -20.6461506 20.9621525 -14.4036503 -20 20.8198299 -14.203907 -20.9534378 20.9262352 -13.6397047 -20.6461506 20.9042416 -14.2714424 -20.6310272 20.8198299 -14.203907 -20.9534378 20.8411083 -13.6381855 -20.9534378 20.9262352 -13.6397047 -20.6461506 19.4645023 -13.5724306 -22.6167755 19.87047 -13 -22.3454952 20.3454952 -13 -21.87047 19.4645023 -13.5724306 -22.6167755 19.301651 -13 -22.7029057 19.87047 -13 -22.3454952 20.1566696 -14.4288473 -22.0404339 20.8019123 -13.4132433 -21.0704422 20.8411083 -13.6381855 -20.9534378 20.1566696 -14.4288473 -22.0404339 19.4645023 -13.5724306 -22.6167755 20.3454952 -13 -21.87047 20.1566696 -14.4288473 -22.0404339 20.3454952 -13 -21.87047 20.8019123 -13.4132433 -21.0704422 19.0678101 -13.5662689 -22.8025227 18.6675625 -13 -22.9247837 19.301651 -13 -22.7029057 19.0678101 -13.5662689 -22.8025227 19.301651 -13 -22.7029057 19.4645023 -13.5724306 -22.6167755 19.2432442 -13.8695135 -22.7255173 19.0678101 -13.5662689 -22.8025227 19.4645023 -13.5724306 -22.6167755 19.2432442 -13.8695135 -22.7255173 19.4645023 -13.5724306 -22.6167755 20.1566696 -14.4288473 -22.0404339 18.9432583 -13.8586178 -22.8444557 19.0678101 -13.5662689 -22.8025227 19.2432442 -13.8695135 -22.7255173 18.6361561 -13.8474636 -22.9295845 17.9168129 -14.6427689 -23 18 -13 -23 18.6361561 -13.8474636 -22.9295845 18 -13 -23 18.6675625 -13 -22.9247837 18.6361561 -13.8474636 -22.9295845 18.6675625 -13 -22.9247837 19.0678101 -13.5662689 -22.8025227 18.6361561 -13.8474636 -22.9295845 19.0678101 -13.5662689 -22.8025227 18.9432583 -13.8586178 -22.8444557 19.624548 -16.373785 -22.1213226 19.8305912 -15.7858067 -22.1213226 20.1899281 -16.2826538 -21.4671268 19.2688293 -15.3562536 -22.6167755 19.2432442 -13.8695135 -22.7255173 20.1566696 -14.4288473 -22.0404339 19.2688293 -15.3562536 -22.6167755 20.1566696 -14.4288473 -22.0404339 19.9562969 -15.2805023 -22.1213074 19.2688293 -15.3562536 -22.6167755 19.8305912 -15.7858067 -22.1213226 19.624548 -16.373785 -22.1213226 19.2688293 -15.3562536 -22.6167755 19.9562969 -15.2805023 -22.1213074 19.8305912 -15.7858067 -22.1213226 19.3196392 -17.0066814 -22.1213207 20.1899281 -16.2826538 -21.4671268 19.5707664 -17.5534115 -21.4671249 19.3196392 -17.0066814 -22.1213207 19.624548 -16.373785 -22.1213226 20.1899281 -16.2826538 -21.4671268 18.9015083 -16.3913212 -22.6167812 19.624548 -16.373785 -22.1213226 19.3196392 -17.0066814 -22.1213207 18.9015083 -16.3913212 -22.6167812 19.2688293 -15.3562536 -22.6167755 19.624548 -16.373785 -22.1213226 18.9826641 -17.5417938 -22.1213207 19.3196392 -17.0066814 -22.1213207 19.5707664 -17.5534115 -21.4671249 18.5337029 -18.1026993 -22.1213207 19.5707664 -17.5534115 -21.4671249 18.6764412 -18.6715069 -21.4671249 18.5337029 -18.1026993 -22.1213207 18.9826641 -17.5417938 -22.1213207 19.5707664 -17.5534115 -21.4671249 18.2529812 -17.4237614 -22.6167812 18.9015083 -16.3913212 -22.6167812 19.3196392 -17.0066814 -22.1213207 18.2529812 -17.4237614 -22.6167812 19.3196392 -17.0066814 -22.1213207 18.9826641 -17.5417938 -22.1213207 18.2529812 -17.4237614 -22.6167812 18.9826641 -17.5417938 -22.1213207 18.5337029 -18.1026993 -22.1213207 18.0823193 -18.5520401 -22.1213207 18.5337029 -18.1026993 -22.1213207 18.6764412 -18.6715069 -21.4671249 18.0823193 -18.5520401 -22.1213207 18.2529812 -17.4237614 -22.6167812 18.5337029 -18.1026993 -22.1213207 17.5919552 -19.546257 -21.4671249 18.0823193 -18.5520401 -22.1213207 18.6764412 -18.6715069 -21.4671249 17.5167637 -19.0002975 -22.1213207 18.0823193 -18.5520401 -22.1213207 17.5919552 -19.546257 -21.4671249 17.0318871 -19.3055058 -22.1213207 17.5167637 -19.0002975 -22.1213207 17.5919552 -19.546257 -21.4671249 17.0318871 -19.3055058 -22.1213207 17.5919552 -19.546257 -21.4671249 16.3805904 -20.1540699 -21.4671249 17.3798409 -18.2878265 -22.6167812 18.0823193 -18.5520401 -22.1213207 17.5167637 -19.0002975 -22.1213207 17.3798409 -18.2878265 -22.6167812 17.5167637 -19.0002975 -22.1213207 17.0318871 -19.3055058 -22.1213207 17.3798409 -18.2878265 -22.6167812 18.2529812 -17.4237614 -22.6167812 18.0823193 -18.5520401 -22.1213207 16.3821507 -19.621109 -22.1213207 17.0318871 -19.3055058 -22.1213207 16.3805904 -20.1540699 -21.4671249 15.8328562 -19.8165188 -22.1213207 16.3821507 -19.621109 -22.1213207 16.3805904 -20.1540699 -21.4671249 15.8328562 -19.8165188 -22.1213207 16.3805904 -20.1540699 -21.4671249 15.5776777 -20.3979855 -21.4671249 16.3620834 -18.9153347 -22.6167812 17.3798409 -18.2878265 -22.6167812 17.0318871 -19.3055058 -22.1213207 16.3620834 -18.9153347 -22.6167812 17.0318871 -19.3055058 -22.1213207 16.3821507 -19.621109 -22.1213207 16.3620834 -18.9153347 -22.6167812 16.3821507 -19.621109 -22.1213207 15.8328562 -19.8165188 -22.1213207 13.8303261 -20.9216175 -20.6461506 13 -21 -20 13 -20.9247837 -20.6675625 13.8303261 -20.9216175 -20.6461506 14.8639288 -20.9153671 -20 13 -21 -20 15.2735548 -19.9577084 -22.1213207 15.8328562 -19.8165188 -22.1213207 15.5776777 -20.3979855 -21.4671249 13.5316887 -20.8007832 -21.0704422 13 -20.9247837 -20.6675625 13 -20.7029057 -21.301651 13.5316887 -20.8007832 -21.0704422 13.8303261 -20.9216175 -20.6461506 13 -20.9247837 -20.6675625 13.5316887 -20.8007832 -21.0704422 13.8243427 -20.7176208 -21.253603 13.8278303 -20.8365192 -20.9534378 13.5316887 -20.8007832 -21.0704422 13.8278303 -20.8365192 -20.9534378 13.8303261 -20.9216175 -20.6461506 13.5293541 -20.6150246 -21.4671249 13 -20.7029057 -21.301651 13 -20.3454952 -21.87047 13.5293541 -20.6150246 -21.4671249 13 -20.3454952 -21.87047 13 -19.87047 -22.3454952 13.5293541 -20.6150246 -21.4671249 13.5316887 -20.8007832 -21.0704422 13 -20.7029057 -21.301651 13.5293541 -20.6150246 -21.4671249 13 -19.87047 -22.3454952 14.413456 -19.9986115 -22.1992264 13.5293541 -20.6150246 -21.4671249 13.8243427 -20.7176208 -21.253603 13.5316887 -20.8007832 -21.0704422 13.573185 -18.9506855 -22.8444481 13 -18.6675625 -22.9247837 13 -18 -23 13.573185 -18.9506855 -22.8444481 13 -18 -23 14.1139994 -17.9754124 -23 13.573185 -18.9506855 -22.8444481 14.1797886 -18.926506 -22.8444614 14.413456 -19.9986115 -22.1992264 13.573185 -18.9506855 -22.8444481 14.1139994 -17.9754124 -23 14.1575384 -18.6048889 -22.9328785 13.573185 -18.9506855 -22.8444481 14.1575384 -18.6048889 -22.9328785 14.1797886 -18.926506 -22.8444614 13.3793344 -19.0698204 -22.8025169 13 -19.87047 -22.3454952 13 -19.301651 -22.7029057 13.3793344 -19.0698204 -22.8025169 13 -19.301651 -22.7029057 13 -18.6675625 -22.9247837 13.3793344 -19.0698204 -22.8025169 14.413456 -19.9986115 -22.1992264 13 -19.87047 -22.3454952 13.3793344 -19.0698204 -22.8025169 13.573185 -18.9506855 -22.8444481 14.413456 -19.9986115 -22.1992264 13.3793344 -19.0698204 -22.8025169 13 -18.6675625 -22.9247837 13.573185 -18.9506855 -22.8444481 20.7322292 -14.8844337 -21.0206223 20.8198299 -14.203907 -20.9534378 20.9042416 -14.2714424 -20.6310272 20.7359009 -15.4423752 -20.6984291 20.9621525 -14.4036503 -20 20.734602 -15.812685 -20 20.7359009 -15.4423752 -20.6984291 20.9042416 -14.2714424 -20.6310272 20.9621525 -14.4036503 -20 20.7359009 -15.4423752 -20.6984291 20.7322292 -14.8844337 -21.0206223 20.9042416 -14.2714424 -20.6310272 20.6619453 -15.2519989 -21.0541363 20.7322292 -14.8844337 -21.0206223 20.7359009 -15.4423752 -20.6984291 20.6043854 -15.2046185 -21.2133751 20.6619453 -15.2519989 -21.0541363 20.1899281 -16.2826538 -21.4671268 20.6043854 -15.2046185 -21.2133751 20.7322292 -14.8844337 -21.0206223 20.6619453 -15.2519989 -21.0541363 20.4814072 -14.7521553 -21.5713444 20.7322292 -14.8844337 -21.0206223 20.6043854 -15.2046185 -21.2133751 20.4814072 -14.7521553 -21.5713444 20.8198299 -14.203907 -20.9534378 20.7322292 -14.8844337 -21.0206223 20.3855286 -14.6414747 -21.7346153 20.8198299 -14.203907 -20.9534378 20.4814072 -14.7521553 -21.5713444 20.3855286 -14.6414747 -21.7346153 20.1566696 -14.4288473 -22.0404339 20.8411083 -13.6381855 -20.9534378 20.3855286 -14.6414747 -21.7346153 20.8411083 -13.6381855 -20.9534378 20.8198299 -14.203907 -20.9534378 20.3855286 -14.6414747 -21.7346153 19.9562969 -15.2805023 -22.1213074 20.1566696 -14.4288473 -22.0404339 20.5631771 -16.0859451 -20.7321568 20.1899281 -16.2826538 -21.4671268 20.6619453 -15.2519989 -21.0541363 20.5631771 -16.0859451 -20.7321568 20.7359009 -15.4423752 -20.6984291 20.734602 -15.812685 -20 20.5631771 -16.0859451 -20.7321568 20.6619453 -15.2519989 -21.0541363 20.7359009 -15.4423752 -20.6984291 20.4949665 -16.450428 -20.4840698 20.5631771 -16.0859451 -20.7321568 20.734602 -15.812685 -20 20.4949665 -16.450428 -20.4840698 20.734602 -15.812685 -20 20.2370663 -17.1498642 -20 20.4278927 -15.2406607 -21.5368214 20.1899281 -16.2826538 -21.4671268 19.8305912 -15.7858067 -22.1213226 20.4278927 -15.2406607 -21.5368214 20.3855286 -14.6414747 -21.7346153 20.4814072 -14.7521553 -21.5713444 20.4278927 -15.2406607 -21.5368214 19.9562969 -15.2805023 -22.1213074 20.3855286 -14.6414747 -21.7346153 20.4278927 -15.2406607 -21.5368214 20.4814072 -14.7521553 -21.5713444 20.6043854 -15.2046185 -21.2133751 20.4278927 -15.2406607 -21.5368214 20.6043854 -15.2046185 -21.2133751 20.1899281 -16.2826538 -21.4671268 20.4278927 -15.2406607 -21.5368214 19.8305912 -15.7858067 -22.1213226 19.9562969 -15.2805023 -22.1213074 20.3216133 -16.7493324 -20.7321568 20.5631771 -16.0859451 -20.7321568 20.4949665 -16.450428 -20.4840698 20.3216133 -16.7493324 -20.7321568 20.1899281 -16.2826538 -21.4671268 20.5631771 -16.0859451 -20.7321568 20.3216133 -16.7493324 -20.7321568 20.4949665 -16.450428 -20.4840698 20.2370663 -17.1498642 -20 20.1049557 -17.0450478 -20.9807415 20.1899281 -16.2826538 -21.4671268 20.3216133 -16.7493324 -20.7321568 20.1049557 -17.0450478 -20.9807415 19.5707664 -17.5534115 -21.4671249 20.1899281 -16.2826538 -21.4671268 19.9948483 -17.4136353 -20.7321568 19.5707664 -17.5534115 -21.4671249 20.1049557 -17.0450478 -20.9807415 19.9948483 -17.4136353 -20.7321568 20.3216133 -16.7493324 -20.7321568 20.2370663 -17.1498642 -20 19.9948483 -17.4136353 -20.7321568 20.1049557 -17.0450478 -20.9807415 20.3216133 -16.7493324 -20.7321568 19.8517838 -17.7524204 -20.4840698 19.9948483 -17.4136353 -20.7321568 20.2370663 -17.1498642 -20 19.8517838 -17.7524204 -20.4840698 20.2370663 -17.1498642 -20 19.4597626 -18.3690701 -20 19.6107693 -18.0182419 -20.7321568 19.8517838 -17.7524204 -20.4840698 19.4597626 -18.3690701 -20 19.6107693 -18.0182419 -20.7321568 19.9948483 -17.4136353 -20.7321568 19.8517838 -17.7524204 -20.4840698 19.6107693 -18.0182419 -20.7321568 19.5707664 -17.5534115 -21.4671249 19.9948483 -17.4136353 -20.7321568 19.3249245 -18.2737732 -20.9807415 18.6764412 -18.6715069 -21.4671249 19.5707664 -17.5534115 -21.4671249 19.3249245 -18.2737732 -20.9807415 19.5707664 -17.5534115 -21.4671249 19.6107693 -18.0182419 -20.7321568 19.1435528 -18.6029434 -20.7321568 19.6107693 -18.0182419 -20.7321568 19.4597626 -18.3690701 -20 19.1435528 -18.6029434 -20.7321568 18.6764412 -18.6715069 -21.4671249 19.3249245 -18.2737732 -20.9807415 19.1435528 -18.6029434 -20.7321568 19.3249245 -18.2737732 -20.9807415 19.6107693 -18.0182419 -20.7321568 18.9376221 -18.8966007 -20.4840698 19.4597626 -18.3690701 -20 18.4332962 -19.4078827 -20 18.9376221 -18.8966007 -20.4840698 19.1435528 -18.6029434 -20.7321568 19.4597626 -18.3690701 -20 18.602066 -14.9689169 -22.9092808 18.9432583 -13.8586178 -22.8444557 19.2432442 -13.8695135 -22.7255173 18.602066 -14.9689169 -22.9092808 19.2432442 -13.8695135 -22.7255173 19.2688293 -15.3562536 -22.6167755 18.602066 -14.9689169 -22.9092808 17.9168129 -14.6427689 -23 18.6361561 -13.8474636 -22.9295845 18.602066 -14.9689169 -22.9092808 18.6361561 -13.8474636 -22.9295845 18.9432583 -13.8586178 -22.8444557 18.6361027 -19.1137218 -20.7321568 18.6764412 -18.6715069 -21.4671249 19.1435528 -18.6029434 -20.7321568 18.6361027 -19.1137218 -20.7321568 18.9376221 -18.8966007 -20.4840698 18.4332962 -19.4078827 -20 18.6361027 -19.1137218 -20.7321568 19.1435528 -18.6029434 -20.7321568 18.9376221 -18.8966007 -20.4840698 18.5067329 -15.3633375 -22.9092865 18.602066 -14.9689169 -22.9092808 19.2688293 -15.3562536 -22.6167755 18.6652908 -15.6866484 -22.8351612 18.5067329 -15.3633375 -22.9092865 19.2688293 -15.3562536 -22.6167755 18.6652908 -15.6866484 -22.8351612 19.2688293 -15.3562536 -22.6167755 18.9015083 -16.3913212 -22.6167812 18.3187428 -15.1028013 -22.9606857 17.7560272 -15.313798 -23 17.9168129 -14.6427689 -23 18.3187428 -15.1028013 -22.9606857 18.5067329 -15.3633375 -22.9092865 17.7560272 -15.313798 -23 18.3187428 -15.1028013 -22.9606857 17.9168129 -14.6427689 -23 18.602066 -14.9689169 -22.9092808 18.3187428 -15.1028013 -22.9606857 18.602066 -14.9689169 -22.9092808 18.5067329 -15.3633375 -22.9092865 17.8478889 -19.7899857 -20.4840698 18.4332962 -19.4078827 -20 17.3409805 -20.1383095 -20 18.3082581 -19.2971458 -20.9807415 18.6764412 -18.6715069 -21.4671249 18.6361027 -19.1137218 -20.7321568 18.3082581 -19.2971458 -20.9807415 17.5919552 -19.546257 -21.4671249 18.6764412 -18.6715069 -21.4671249 18.0695934 -19.5738659 -20.7321568 18.4332962 -19.4078827 -20 17.8478889 -19.7899857 -20.4840698 18.0695934 -19.5738659 -20.7321568 18.6361027 -19.1137218 -20.7321568 18.4332962 -19.4078827 -20 18.0695934 -19.5738659 -20.7321568 18.3082581 -19.2971458 -20.9807415 18.6361027 -19.1137218 -20.7321568 18.0695934 -19.5738659 -20.7321568 17.5919552 -19.546257 -21.4671249 18.3082581 -19.2971458 -20.9807415 18.3531284 -15.8125172 -22.9092865 17.7560272 -15.313798 -23 18.5067329 -15.3633375 -22.9092865 18.3531284 -15.8125172 -22.9092865 18.6652908 -15.6866484 -22.8351612 18.9015083 -16.3913212 -22.6167812 18.3531284 -15.8125172 -22.9092865 18.5067329 -15.3633375 -22.9092865 18.6652908 -15.6866484 -22.8351612 17.5266228 -19.9298153 -20.7321568 17.8478889 -19.7899857 -20.4840698 17.3409805 -20.1383095 -20 17.5266228 -19.9298153 -20.7321568 18.0695934 -19.5738659 -20.7321568 17.8478889 -19.7899857 -20.4840698 17.5266228 -19.9298153 -20.7321568 17.5919552 -19.546257 -21.4671249 18.0695934 -19.5738659 -20.7321568 18.0239868 -15.9474773 -22.9606895 17.3753338 -16.128973 -23 17.7560272 -15.313798 -23 18.0239868 -15.9474773 -22.9606895 17.7560272 -15.313798 -23 18.3531284 -15.8125172 -22.9092865 18.1240253 -16.2981262 -22.9092865 18.3531284 -15.8125172 -22.9092865 18.9015083 -16.3913212 -22.6167812 18.1240253 -16.2981262 -22.9092865 17.3753338 -16.128973 -23 18.0239868 -15.9474773 -22.9606895 18.1240253 -16.2981262 -22.9092865 18.0239868 -15.9474773 -22.9606895 18.3531284 -15.8125172 -22.9092865 18.1996861 -16.6604691 -22.8351631 18.9015083 -16.3913212 -22.6167812 18.2529812 -17.4237614 -22.6167812 18.1996861 -16.6604691 -22.8351631 18.1240253 -16.2981262 -22.9092865 18.9015083 -16.3913212 -22.6167812 16.6480522 -20.4191093 -20.4840698 17.3409805 -20.1383095 -20 16.1064892 -20.651823 -20 16.8970871 -20.2567139 -20.7321568 17.3409805 -20.1383095 -20 16.6480522 -20.4191093 -20.4840698 16.8970871 -20.2567139 -20.7321568 17.5266228 -19.9298153 -20.7321568 17.3409805 -20.1383095 -20 17.1550961 -20.0497398 -20.9807415 16.3805904 -20.1540699 -21.4671249 17.5919552 -19.546257 -21.4671249 17.1550961 -20.0497398 -20.9807415 17.5919552 -19.546257 -21.4671249 17.5266228 -19.9298153 -20.7321568 17.1550961 -20.0497398 -20.9807415 16.8970871 -20.2567139 -20.7321568 16.3805904 -20.1540699 -21.4671249 17.1550961 -20.0497398 -20.9807415 17.5266228 -19.9298153 -20.7321568 16.8970871 -20.2567139 -20.7321568 17.8447113 -16.7450161 -22.9092865 17.3753338 -16.128973 -23 18.1240253 -16.2981262 -22.9092865 17.8447113 -16.7450161 -22.9092865 18.1996861 -16.6604691 -22.8351631 18.2529812 -17.4237614 -22.6167812 17.8447113 -16.7450161 -22.9092865 18.1240253 -16.2981262 -22.9092865 18.1996861 -16.6604691 -22.8351631 16.2821159 -20.4997559 -20.7321568 16.8970871 -20.2567139 -20.7321568 16.6480522 -20.4191093 -20.4840698 16.2821159 -20.4997559 -20.7321568 16.6480522 -20.4191093 -20.4840698 16.1064892 -20.651823 -20 15.8613729 -20.6278915 -20.7321568 16.2821159 -20.4997559 -20.7321568 16.1064892 -20.651823 -20 15.5256567 -20.7623615 -20.4840698 16.1064892 -20.651823 -20 14.8639288 -20.9153671 -20 15.5256567 -20.7623615 -20.4840698 15.8613729 -20.6278915 -20.7321568 16.1064892 -20.651823 -20 16.0471706 -20.4974537 -20.9807415 15.5776777 -20.3979855 -21.4671249 16.3805904 -20.1540699 -21.4671249 16.0471706 -20.4974537 -20.9807415 16.3805904 -20.1540699 -21.4671249 16.8970871 -20.2567139 -20.7321568 16.0471706 -20.4974537 -20.9807415 16.8970871 -20.2567139 -20.7321568 16.2821159 -20.4997559 -20.7321568 16.0471706 -20.4974537 -20.9807415 16.2821159 -20.4997559 -20.7321568 15.8613729 -20.6278915 -20.7321568 17.4838066 -16.8115616 -22.9606895 16.794363 -16.8525867 -23 17.3753338 -16.128973 -23 17.4838066 -16.8115616 -22.9606895 17.3753338 -16.128973 -23 17.8447113 -16.7450161 -22.9092865 17.4991207 -17.1756172 -22.9092865 17.4838066 -16.8115616 -22.9606895 17.8447113 -16.7450161 -22.9092865 17.4991207 -17.1756172 -22.9092865 16.794363 -16.8525867 -23 17.4838066 -16.8115616 -22.9606895 17.4991207 -17.1756172 -22.9092865 17.8447113 -16.7450161 -22.9092865 18.2529812 -17.4237614 -22.6167812 17.4933853 -17.5406933 -22.8351631 17.4991207 -17.1756172 -22.9092865 18.2529812 -17.4237614 -22.6167812 17.4933853 -17.5406933 -22.8351631 18.2529812 -17.4237614 -22.6167812 17.3798409 -18.2878265 -22.6167812 15.2403984 -20.7662334 -20.7321568 16.0471706 -20.4974537 -20.9807415 15.8613729 -20.6278915 -20.7321568 15.2403984 -20.7662334 -20.7321568 15.5776777 -20.3979855 -21.4671249 16.0471706 -20.4974537 -20.9807415 15.2403984 -20.7662334 -20.7321568 15.5256567 -20.7623615 -20.4840698 14.8639288 -20.9153671 -20 15.2403984 -20.7662334 -20.7321568 15.8613729 -20.6278915 -20.7321568 15.5256567 -20.7623615 -20.4840698 17.1214237 -17.5474567 -22.9092865 17.4991207 -17.1756172 -22.9092865 17.4933853 -17.5406933 -22.8351631 17.1214237 -17.5474567 -22.9092865 16.794363 -16.8525867 -23 17.4991207 -17.1756172 -22.9092865 17.1214237 -17.5474567 -22.9092865 17.4933853 -17.5406933 -22.8351631 17.3798409 -18.2878265 -22.6167812 14.7298994 -20.8204517 -20.805975 14.8639288 -20.9153671 -20 13.8303261 -20.9216175 -20.6461506 14.7298994 -20.8204517 -20.805975 13.8303261 -20.9216175 -20.6461506 13.8278303 -20.8365192 -20.9534378 14.7298994 -20.8204517 -20.805975 15.2403984 -20.7662334 -20.7321568 14.8639288 -20.9153671 -20 16.7499046 -17.5324326 -22.9606895 16.057518 -17.4186726 -23 16.794363 -16.8525867 -23 16.7499046 -17.5324326 -22.9606895 16.794363 -16.8525867 -23 17.1214237 -17.5474567 -22.9092865 16.6831551 -17.8878098 -22.9092865 17.1214237 -17.5474567 -22.9092865 17.3798409 -18.2878265 -22.6167812 16.6831551 -17.8878098 -22.9092865 16.057518 -17.4186726 -23 16.7499046 -17.5324326 -22.9606895 16.6831551 -17.8878098 -22.9092865 16.7499046 -17.5324326 -22.9606895 17.1214237 -17.5474567 -22.9092865 16.6073723 -18.2324924 -22.8351631 16.6831551 -17.8878098 -22.9092865 17.3798409 -18.2878265 -22.6167812 16.6073723 -18.2324924 -22.8351631 17.3798409 -18.2878265 -22.6167812 16.3620834 -18.9153347 -22.6167812 16.2424488 -18.153965 -22.9092865 16.057518 -17.4186726 -23 16.6831551 -17.8878098 -22.9092865 16.2424488 -18.153965 -22.9092865 16.6831551 -17.8878098 -22.9092865 16.6073723 -18.2324924 -22.8351631 16.2424488 -18.153965 -22.9092865 16.6073723 -18.2324924 -22.8351631 16.3620834 -18.9153347 -22.6167812 15.2415466 -19.3669968 -22.5764637 16.3620834 -18.9153347 -22.6167812 15.8328562 -19.8165188 -22.1213207 15.2415466 -19.3669968 -22.5764637 15.8328562 -19.8165188 -22.1213207 15.2735548 -19.9577084 -22.1213207 15.8746252 -18.0573997 -22.9606895 15.2081842 -17.7892628 -23 16.057518 -17.4186726 -23 15.8746252 -18.0573997 -22.9606895 16.057518 -17.4186726 -23 16.2424488 -18.153965 -22.9092865 15.7389574 -18.3818645 -22.9092865 16.2424488 -18.153965 -22.9092865 16.3620834 -18.9153347 -22.6167812 15.7389574 -18.3818645 -22.9092865 15.8746252 -18.0573997 -22.9606895 16.2424488 -18.153965 -22.9092865 15.7389574 -18.3818645 -22.9092865 15.2081842 -17.7892628 -23 15.8746252 -18.0573997 -22.9606895 15.2124519 -19.0420513 -22.7436695 15.7389574 -18.3818645 -22.9092865 16.3620834 -18.9153347 -22.6167812 15.2124519 -19.0420513 -22.7436695 16.3620834 -18.9153347 -22.6167812 15.2415466 -19.3669968 -22.5764637 14.6814508 -19.4984226 -22.5555534 15.2415466 -19.3669968 -22.5764637 15.2735548 -19.9577084 -22.1213207 14.6814508 -19.4984226 -22.5555534 14.1797886 -18.926506 -22.8444614 15.2124519 -19.0420513 -22.7436695 14.6814508 -19.4984226 -22.5555534 15.2735548 -19.9577084 -22.1213207 14.413456 -19.9986115 -22.1992264 14.6814508 -19.4984226 -22.5555534 15.2124519 -19.0420513 -22.7436695 15.2415466 -19.3669968 -22.5764637 14.6814508 -19.4984226 -22.5555534 14.413456 -19.9986115 -22.1992264 14.1797886 -18.926506 -22.8444614 15.2274923 -18.6195908 -22.8897076 14.1139994 -17.9754124 -23 15.2081842 -17.7892628 -23 15.2274923 -18.6195908 -22.8897076 15.7389574 -18.3818645 -22.9092865 15.2124519 -19.0420513 -22.7436695 15.2274923 -18.6195908 -22.8897076 15.2124519 -19.0420513 -22.7436695 14.1797886 -18.926506 -22.8444614 15.2274923 -18.6195908 -22.8897076 15.2081842 -17.7892628 -23 15.7389574 -18.3818645 -22.9092865 15.2274923 -18.6195908 -22.8897076 14.1575384 -18.6048889 -22.9328785 14.1139994 -17.9754124 -23 15.2274923 -18.6195908 -22.8897076 14.1797886 -18.926506 -22.8444614 14.1575384 -18.6048889 -22.9328785 14.8952427 -20.4926224 -21.5222874 15.2403984 -20.7662334 -20.7321568 14.7298994 -20.8204517 -20.805975 14.8952427 -20.4926224 -21.5222874 15.5776777 -20.3979855 -21.4671249 15.2403984 -20.7662334 -20.7321568 14.8952427 -20.4926224 -21.5222874 15.2735548 -19.9577084 -22.1213207 15.5776777 -20.3979855 -21.4671249 14.8952427 -20.4926224 -21.5222874 14.413456 -19.9986115 -22.1992264 15.2735548 -19.9577084 -22.1213207 14.5752745 -20.5141602 -21.5496674 14.413456 -19.9986115 -22.1992264 14.8952427 -20.4926224 -21.5222874 14.5752745 -20.5141602 -21.5496674 14.8952427 -20.4926224 -21.5222874 14.7298994 -20.8204517 -20.805975 14.3154001 -20.5926456 -21.4524117 14.7298994 -20.8204517 -20.805975 13.8278303 -20.8365192 -20.9534378 14.3154001 -20.5926456 -21.4524117 14.5752745 -20.5141602 -21.5496674 14.7298994 -20.8204517 -20.805975 14.3154001 -20.5926456 -21.4524117 14.413456 -19.9986115 -22.1992264 14.5752745 -20.5141602 -21.5496674 14.3154001 -20.5926456 -21.4524117 13.8278303 -20.8365192 -20.9534378 13.8243427 -20.7176208 -21.253603 14.3154001 -20.5926456 -21.4524117 13.5293541 -20.6150246 -21.4671249 14.413456 -19.9986115 -22.1992264 14.3154001 -20.5926456 -21.4524117 13.8243427 -20.7176208 -21.253603 13.5293541 -20.6150246 -21.4671249 13 18.6675625 -22.9247837 -13 18 -23 -13 18.6675625 -22.9247837 13 18.6675625 -22.9247837 13 18 -23 -13 18 -23 13 19.301651 -22.7029057 -13 18.6675625 -22.9247837 -13 19.301651 -22.7029057 13 19.301651 -22.7029057 13 18.6675625 -22.9247837 -13 18.6675625 -22.9247837 13 19.87047 -22.3454952 -13 19.301651 -22.7029057 -13 19.87047 -22.3454952 13 19.87047 -22.3454952 13 19.301651 -22.7029057 -13 19.301651 -22.7029057 13 20.3454952 -21.87047 -13 19.87047 -22.3454952 -13 20.3454952 -21.87047 13 20.3454952 -21.87047 -13 20.3454952 -21.87047 -13 20.7029057 -21.301651 13 20.3454952 -21.87047 13 19.87047 -22.3454952 -13 19.87047 -22.3454952 13 20.7029057 -21.301651 13 20.3454952 -21.87047 -13 20.7029057 -21.301651 13 20.9247837 -20.6675625 -13 20.7029057 -21.301651 -13 20.9247837 -20.6675625 13 20.9247837 -20.6675625 13 20.7029057 -21.301651 -13 20.7029057 -21.301651 13 21 -20 -13 20.9247837 -20.6675625 -13 21 -20 13 21 -20 13 20.9247837 -20.6675625 -13 20.9247837 -20.6675625 18.6675625 -13 -22.9247837 18 -13 -23 18 13 -23 18.6675625 -13 -22.9247837 18 13 -23 18.6675625 13 -22.9247837 19.301651 -13 -22.7029057 18.6675625 13 -22.9247837 19.301651 13 -22.7029057 19.301651 -13 -22.7029057 18.6675625 -13 -22.9247837 18.6675625 13 -22.9247837 19.87047 -13 -22.3454952 19.301651 13 -22.7029057 19.87047 13 -22.3454952 19.87047 -13 -22.3454952 19.301651 -13 -22.7029057 19.301651 13 -22.7029057 20.3454952 -13 -21.87047 20.3454952 13 -21.87047 20.7029057 13 -21.301651 20.3454952 -13 -21.87047 19.87047 13 -22.3454952 20.3454952 13 -21.87047 20.3454952 -13 -21.87047 19.87047 -13 -22.3454952 19.87047 13 -22.3454952 20.7029057 -13 -21.301651 20.3454952 -13 -21.87047 20.7029057 13 -21.301651 20.9247837 -13 -20.6675625 20.7029057 13 -21.301651 20.9247837 13 -20.6675625 20.9247837 -13 -20.6675625 20.7029057 -13 -21.301651 20.7029057 13 -21.301651 21 -13 -20 20.9247837 13 -20.6675625 21 13 -20 21 -13 -20 20.9247837 -13 -20.6675625 20.9247837 13 -20.6675625 13.6397047 20.9262352 -20.6461506 13 20.9247837 -20.6675625 13 21 -20 13.6397047 20.9262352 -20.6461506 13 21 -20 14.4036503 20.9621525 -20 13.4132433 20.8019123 -21.0704422 13 20.3454952 -21.87047 13 20.7029057 -21.301651 13.4132433 20.8019123 -21.0704422 13 20.7029057 -21.301651 13 20.9247837 -20.6675625 13.4132433 20.8019123 -21.0704422 13 20.9247837 -20.6675625 13.6397047 20.9262352 -20.6461506 13.6381855 20.8411083 -20.9534378 13.4132433 20.8019123 -21.0704422 13.6397047 20.9262352 -20.6461506 14.2714424 20.9042416 -20.6310272 13.6397047 20.9262352 -20.6461506 14.4036503 20.9621525 -20 14.203907 20.8198299 -20.9534378 13.6381855 20.8411083 -20.9534378 13.6397047 20.9262352 -20.6461506 14.203907 20.8198299 -20.9534378 13.6397047 20.9262352 -20.6461506 14.2714424 20.9042416 -20.6310272 13.5724306 19.4645023 -22.6167755 13 19.301651 -22.7029057 13 19.87047 -22.3454952 13.5724306 19.4645023 -22.6167755 13 19.87047 -22.3454952 13 20.3454952 -21.87047 14.4288473 20.1566696 -22.0404339 13 20.3454952 -21.87047 13.4132433 20.8019123 -21.0704422 14.4288473 20.1566696 -22.0404339 13.4132433 20.8019123 -21.0704422 13.6381855 20.8411083 -20.9534378 14.4288473 20.1566696 -22.0404339 13.5724306 19.4645023 -22.6167755 13 20.3454952 -21.87047 13.5662689 19.0678101 -22.8025227 13 18.6675625 -22.9247837 13 19.301651 -22.7029057 13.5662689 19.0678101 -22.8025227 13 19.301651 -22.7029057 13.5724306 19.4645023 -22.6167755 13.8695135 19.2432442 -22.7255173 13.5662689 19.0678101 -22.8025227 13.5724306 19.4645023 -22.6167755 13.8695135 19.2432442 -22.7255173 13.5724306 19.4645023 -22.6167755 14.4288473 20.1566696 -22.0404339 13.8586178 18.9432583 -22.8444557 13.5662689 19.0678101 -22.8025227 13.8695135 19.2432442 -22.7255173 13.8474636 18.6361561 -22.9295845 13 18 -23 13 18.6675625 -22.9247837 13.8474636 18.6361561 -22.9295845 14.6427689 17.9168129 -23 13 18 -23 13.8474636 18.6361561 -22.9295845 13.5662689 19.0678101 -22.8025227 13.8586178 18.9432583 -22.8444557 13.8474636 18.6361561 -22.9295845 13 18.6675625 -22.9247837 13.5662689 19.0678101 -22.8025227 16.373785 19.624548 -22.1213226 15.7858067 19.8305912 -22.1213226 16.2826538 20.1899281 -21.4671268 15.3562536 19.2688293 -22.6167755 13.8695135 19.2432442 -22.7255173 14.4288473 20.1566696 -22.0404339 15.3562536 19.2688293 -22.6167755 14.4288473 20.1566696 -22.0404339 15.2805023 19.9562969 -22.1213074 15.3562536 19.2688293 -22.6167755 15.7858067 19.8305912 -22.1213226 16.373785 19.624548 -22.1213226 15.3562536 19.2688293 -22.6167755 15.2805023 19.9562969 -22.1213074 15.7858067 19.8305912 -22.1213226 17.0066814 19.3196392 -22.1213207 16.2826538 20.1899281 -21.4671268 17.5534115 19.5707664 -21.4671249 17.0066814 19.3196392 -22.1213207 16.373785 19.624548 -22.1213226 16.2826538 20.1899281 -21.4671268 16.3913212 18.9015083 -22.6167812 16.373785 19.624548 -22.1213226 17.0066814 19.3196392 -22.1213207 16.3913212 18.9015083 -22.6167812 15.3562536 19.2688293 -22.6167755 16.373785 19.624548 -22.1213226 17.5417938 18.9826641 -22.1213207 17.0066814 19.3196392 -22.1213207 17.5534115 19.5707664 -21.4671249 18.1026993 18.5337029 -22.1213207 17.5417938 18.9826641 -22.1213207 17.5534115 19.5707664 -21.4671249 18.1026993 18.5337029 -22.1213207 17.5534115 19.5707664 -21.4671249 18.6715069 18.6764412 -21.4671249 17.4237614 18.2529812 -22.6167812 16.3913212 18.9015083 -22.6167812 17.0066814 19.3196392 -22.1213207 17.4237614 18.2529812 -22.6167812 17.0066814 19.3196392 -22.1213207 17.5417938 18.9826641 -22.1213207 17.4237614 18.2529812 -22.6167812 17.5417938 18.9826641 -22.1213207 18.1026993 18.5337029 -22.1213207 18.5520401 18.0823193 -22.1213207 18.1026993 18.5337029 -22.1213207 18.6715069 18.6764412 -21.4671249 18.5520401 18.0823193 -22.1213207 17.4237614 18.2529812 -22.6167812 18.1026993 18.5337029 -22.1213207 19.546257 17.5919552 -21.4671249 18.5520401 18.0823193 -22.1213207 18.6715069 18.6764412 -21.4671249 19.0002975 17.5167637 -22.1213207 18.5520401 18.0823193 -22.1213207 19.546257 17.5919552 -21.4671249 19.3055058 17.0318871 -22.1213207 19.0002975 17.5167637 -22.1213207 19.546257 17.5919552 -21.4671249 19.3055058 17.0318871 -22.1213207 19.546257 17.5919552 -21.4671249 20.1540699 16.3805904 -21.4671249 18.2878265 17.3798409 -22.6167812 19.0002975 17.5167637 -22.1213207 19.3055058 17.0318871 -22.1213207 18.2878265 17.3798409 -22.6167812 18.5520401 18.0823193 -22.1213207 19.0002975 17.5167637 -22.1213207 18.2878265 17.3798409 -22.6167812 17.4237614 18.2529812 -22.6167812 18.5520401 18.0823193 -22.1213207 19.621109 16.3821507 -22.1213207 19.3055058 17.0318871 -22.1213207 20.1540699 16.3805904 -21.4671249 19.8165188 15.8328562 -22.1213207 20.1540699 16.3805904 -21.4671249 20.3979855 15.5776777 -21.4671249 19.8165188 15.8328562 -22.1213207 19.621109 16.3821507 -22.1213207 20.1540699 16.3805904 -21.4671249 18.9153347 16.3620834 -22.6167812 18.2878265 17.3798409 -22.6167812 19.3055058 17.0318871 -22.1213207 18.9153347 16.3620834 -22.6167812 19.3055058 17.0318871 -22.1213207 19.621109 16.3821507 -22.1213207 18.9153347 16.3620834 -22.6167812 19.621109 16.3821507 -22.1213207 19.8165188 15.8328562 -22.1213207 20.9216175 13.8303261 -20.6461506 20.9153671 14.8639288 -20 21 13 -20 20.9216175 13.8303261 -20.6461506 21 13 -20 20.9247837 13 -20.6675625 19.9577084 15.2735548 -22.1213207 19.8165188 15.8328562 -22.1213207 20.3979855 15.5776777 -21.4671249 20.8007832 13.5316887 -21.0704422 20.9247837 13 -20.6675625 20.7029057 13 -21.301651 20.8007832 13.5316887 -21.0704422 20.8365192 13.8278303 -20.9534378 20.9216175 13.8303261 -20.6461506 20.8007832 13.5316887 -21.0704422 20.7176208 13.8243427 -21.253603 20.8365192 13.8278303 -20.9534378 20.8007832 13.5316887 -21.0704422 20.9216175 13.8303261 -20.6461506 20.9247837 13 -20.6675625 20.6150246 13.5293541 -21.4671249 20.7029057 13 -21.301651 20.3454952 13 -21.87047 20.6150246 13.5293541 -21.4671249 20.3454952 13 -21.87047 19.87047 13 -22.3454952 20.6150246 13.5293541 -21.4671249 20.8007832 13.5316887 -21.0704422 20.7029057 13 -21.301651 20.6150246 13.5293541 -21.4671249 19.87047 13 -22.3454952 19.9986115 14.413456 -22.1992264 20.6150246 13.5293541 -21.4671249 20.7176208 13.8243427 -21.253603 20.8007832 13.5316887 -21.0704422 18.9506855 13.573185 -22.8444481 18.6675625 13 -22.9247837 18 13 -23 18.9506855 13.573185 -22.8444481 18 13 -23 17.9754124 14.1139994 -23 18.9506855 13.573185 -22.8444481 18.926506 14.1797886 -22.8444614 19.9986115 14.413456 -22.1992264 18.9506855 13.573185 -22.8444481 17.9754124 14.1139994 -23 18.6048889 14.1575384 -22.9328785 18.9506855 13.573185 -22.8444481 18.6048889 14.1575384 -22.9328785 18.926506 14.1797886 -22.8444614 19.0698204 13.3793344 -22.8025169 19.87047 13 -22.3454952 19.301651 13 -22.7029057 19.0698204 13.3793344 -22.8025169 19.301651 13 -22.7029057 18.6675625 13 -22.9247837 19.0698204 13.3793344 -22.8025169 19.9986115 14.413456 -22.1992264 19.87047 13 -22.3454952 19.0698204 13.3793344 -22.8025169 18.9506855 13.573185 -22.8444481 19.9986115 14.413456 -22.1992264 19.0698204 13.3793344 -22.8025169 18.6675625 13 -22.9247837 18.9506855 13.573185 -22.8444481 14.8844337 20.7322292 -21.0206223 14.203907 20.8198299 -20.9534378 14.2714424 20.9042416 -20.6310272 15.4423752 20.7359009 -20.6984291 14.4036503 20.9621525 -20 15.812685 20.734602 -20 15.4423752 20.7359009 -20.6984291 14.2714424 20.9042416 -20.6310272 14.4036503 20.9621525 -20 15.4423752 20.7359009 -20.6984291 14.8844337 20.7322292 -21.0206223 14.2714424 20.9042416 -20.6310272 15.2519989 20.6619453 -21.0541363 14.8844337 20.7322292 -21.0206223 15.4423752 20.7359009 -20.6984291 15.2046185 20.6043854 -21.2133751 15.2519989 20.6619453 -21.0541363 16.2826538 20.1899281 -21.4671268 15.2046185 20.6043854 -21.2133751 14.8844337 20.7322292 -21.0206223 15.2519989 20.6619453 -21.0541363 14.7521553 20.4814072 -21.5713444 14.8844337 20.7322292 -21.0206223 15.2046185 20.6043854 -21.2133751 14.7521553 20.4814072 -21.5713444 14.203907 20.8198299 -20.9534378 14.8844337 20.7322292 -21.0206223 14.6414747 20.3855286 -21.7346153 14.203907 20.8198299 -20.9534378 14.7521553 20.4814072 -21.5713444 14.6414747 20.3855286 -21.7346153 15.2805023 19.9562969 -22.1213074 14.4288473 20.1566696 -22.0404339 14.6414747 20.3855286 -21.7346153 13.6381855 20.8411083 -20.9534378 14.203907 20.8198299 -20.9534378 14.6414747 20.3855286 -21.7346153 14.4288473 20.1566696 -22.0404339 13.6381855 20.8411083 -20.9534378 16.0859451 20.5631771 -20.7321568 15.4423752 20.7359009 -20.6984291 15.812685 20.734602 -20 16.0859451 20.5631771 -20.7321568 16.2826538 20.1899281 -21.4671268 15.2519989 20.6619453 -21.0541363 16.0859451 20.5631771 -20.7321568 15.2519989 20.6619453 -21.0541363 15.4423752 20.7359009 -20.6984291 16.450428 20.4949665 -20.4840698 16.0859451 20.5631771 -20.7321568 15.812685 20.734602 -20 16.450428 20.4949665 -20.4840698 15.812685 20.734602 -20 17.1498642 20.2370663 -20 15.2406607 20.4278927 -21.5368214 16.2826538 20.1899281 -21.4671268 15.7858067 19.8305912 -22.1213226 15.2406607 20.4278927 -21.5368214 14.6414747 20.3855286 -21.7346153 14.7521553 20.4814072 -21.5713444 15.2406607 20.4278927 -21.5368214 14.7521553 20.4814072 -21.5713444 15.2046185 20.6043854 -21.2133751 15.2406607 20.4278927 -21.5368214 15.2805023 19.9562969 -22.1213074 14.6414747 20.3855286 -21.7346153 15.2406607 20.4278927 -21.5368214 15.7858067 19.8305912 -22.1213226 15.2805023 19.9562969 -22.1213074 15.2406607 20.4278927 -21.5368214 15.2046185 20.6043854 -21.2133751 16.2826538 20.1899281 -21.4671268 16.7493324 20.3216133 -20.7321568 16.0859451 20.5631771 -20.7321568 16.450428 20.4949665 -20.4840698 16.7493324 20.3216133 -20.7321568 16.2826538 20.1899281 -21.4671268 16.0859451 20.5631771 -20.7321568 16.7493324 20.3216133 -20.7321568 16.450428 20.4949665 -20.4840698 17.1498642 20.2370663 -20 17.0450478 20.1049557 -20.9807415 17.5534115 19.5707664 -21.4671249 16.2826538 20.1899281 -21.4671268 17.0450478 20.1049557 -20.9807415 16.2826538 20.1899281 -21.4671268 16.7493324 20.3216133 -20.7321568 17.4136353 19.9948483 -20.7321568 17.5534115 19.5707664 -21.4671249 17.0450478 20.1049557 -20.9807415 17.4136353 19.9948483 -20.7321568 16.7493324 20.3216133 -20.7321568 17.1498642 20.2370663 -20 17.4136353 19.9948483 -20.7321568 17.0450478 20.1049557 -20.9807415 16.7493324 20.3216133 -20.7321568 17.7524204 19.8517838 -20.4840698 17.1498642 20.2370663 -20 18.3690701 19.4597626 -20 17.7524204 19.8517838 -20.4840698 17.4136353 19.9948483 -20.7321568 17.1498642 20.2370663 -20 18.0182419 19.6107693 -20.7321568 17.7524204 19.8517838 -20.4840698 18.3690701 19.4597626 -20 18.0182419 19.6107693 -20.7321568 17.4136353 19.9948483 -20.7321568 17.7524204 19.8517838 -20.4840698 18.0182419 19.6107693 -20.7321568 17.5534115 19.5707664 -21.4671249 17.4136353 19.9948483 -20.7321568 18.2737732 19.3249245 -20.9807415 17.5534115 19.5707664 -21.4671249 18.0182419 19.6107693 -20.7321568 18.2737732 19.3249245 -20.9807415 18.6715069 18.6764412 -21.4671249 17.5534115 19.5707664 -21.4671249 18.6029434 19.1435528 -20.7321568 18.6715069 18.6764412 -21.4671249 18.2737732 19.3249245 -20.9807415 18.6029434 19.1435528 -20.7321568 18.2737732 19.3249245 -20.9807415 18.0182419 19.6107693 -20.7321568 18.6029434 19.1435528 -20.7321568 18.0182419 19.6107693 -20.7321568 18.3690701 19.4597626 -20 18.8966007 18.9376221 -20.4840698 18.3690701 19.4597626 -20 19.4078827 18.4332962 -20 18.8966007 18.9376221 -20.4840698 18.6029434 19.1435528 -20.7321568 18.3690701 19.4597626 -20 14.9689169 18.602066 -22.9092808 14.6427689 17.9168129 -23 13.8474636 18.6361561 -22.9295845 14.9689169 18.602066 -22.9092808 13.8586178 18.9432583 -22.8444557 13.8695135 19.2432442 -22.7255173 14.9689169 18.602066 -22.9092808 13.8695135 19.2432442 -22.7255173 15.3562536 19.2688293 -22.6167755 14.9689169 18.602066 -22.9092808 13.8474636 18.6361561 -22.9295845 13.8586178 18.9432583 -22.8444557 19.1137218 18.6361027 -20.7321568 18.8966007 18.9376221 -20.4840698 19.4078827 18.4332962 -20 19.1137218 18.6361027 -20.7321568 18.6715069 18.6764412 -21.4671249 18.6029434 19.1435528 -20.7321568 19.1137218 18.6361027 -20.7321568 18.6029434 19.1435528 -20.7321568 18.8966007 18.9376221 -20.4840698 15.3633375 18.5067329 -22.9092865 14.9689169 18.602066 -22.9092808 15.3562536 19.2688293 -22.6167755 15.6866484 18.6652908 -22.8351612 15.3562536 19.2688293 -22.6167755 16.3913212 18.9015083 -22.6167812 15.6866484 18.6652908 -22.8351612 15.3633375 18.5067329 -22.9092865 15.3562536 19.2688293 -22.6167755 15.1028013 18.3187428 -22.9606857 15.313798 17.7560272 -23 14.6427689 17.9168129 -23 15.1028013 18.3187428 -22.9606857 15.3633375 18.5067329 -22.9092865 15.313798 17.7560272 -23 15.1028013 18.3187428 -22.9606857 14.9689169 18.602066 -22.9092808 15.3633375 18.5067329 -22.9092865 15.1028013 18.3187428 -22.9606857 14.6427689 17.9168129 -23 14.9689169 18.602066 -22.9092808 19.7899857 17.8478889 -20.4840698 19.4078827 18.4332962 -20 20.1383095 17.3409805 -20 19.2971458 18.3082581 -20.9807415 19.546257 17.5919552 -21.4671249 18.6715069 18.6764412 -21.4671249 19.2971458 18.3082581 -20.9807415 18.6715069 18.6764412 -21.4671249 19.1137218 18.6361027 -20.7321568 19.5738659 18.0695934 -20.7321568 19.4078827 18.4332962 -20 19.7899857 17.8478889 -20.4840698 19.5738659 18.0695934 -20.7321568 19.1137218 18.6361027 -20.7321568 19.4078827 18.4332962 -20 19.5738659 18.0695934 -20.7321568 19.546257 17.5919552 -21.4671249 19.2971458 18.3082581 -20.9807415 19.5738659 18.0695934 -20.7321568 19.2971458 18.3082581 -20.9807415 19.1137218 18.6361027 -20.7321568 15.8125172 18.3531284 -22.9092865 15.313798 17.7560272 -23 15.3633375 18.5067329 -22.9092865 15.8125172 18.3531284 -22.9092865 15.6866484 18.6652908 -22.8351612 16.3913212 18.9015083 -22.6167812 15.8125172 18.3531284 -22.9092865 15.3633375 18.5067329 -22.9092865 15.6866484 18.6652908 -22.8351612 19.9298153 17.5266228 -20.7321568 19.5738659 18.0695934 -20.7321568 19.7899857 17.8478889 -20.4840698 19.9298153 17.5266228 -20.7321568 19.546257 17.5919552 -21.4671249 19.5738659 18.0695934 -20.7321568 19.9298153 17.5266228 -20.7321568 19.7899857 17.8478889 -20.4840698 20.1383095 17.3409805 -20 15.9474773 18.0239868 -22.9606895 16.128973 17.3753338 -23 15.313798 17.7560272 -23 15.9474773 18.0239868 -22.9606895 15.313798 17.7560272 -23 15.8125172 18.3531284 -22.9092865 16.2981262 18.1240253 -22.9092865 16.128973 17.3753338 -23 15.9474773 18.0239868 -22.9606895 16.2981262 18.1240253 -22.9092865 15.8125172 18.3531284 -22.9092865 16.3913212 18.9015083 -22.6167812 16.2981262 18.1240253 -22.9092865 15.9474773 18.0239868 -22.9606895 15.8125172 18.3531284 -22.9092865 16.6604691 18.1996861 -22.8351631 16.3913212 18.9015083 -22.6167812 17.4237614 18.2529812 -22.6167812 16.6604691 18.1996861 -22.8351631 16.2981262 18.1240253 -22.9092865 16.3913212 18.9015083 -22.6167812 20.4191093 16.6480522 -20.4840698 20.1383095 17.3409805 -20 20.651823 16.1064892 -20 20.2567139 16.8970871 -20.7321568 20.1383095 17.3409805 -20 20.4191093 16.6480522 -20.4840698 20.2567139 16.8970871 -20.7321568 19.9298153 17.5266228 -20.7321568 20.1383095 17.3409805 -20 20.0497398 17.1550961 -20.9807415 20.1540699 16.3805904 -21.4671249 19.546257 17.5919552 -21.4671249 20.0497398 17.1550961 -20.9807415 19.546257 17.5919552 -21.4671249 19.9298153 17.5266228 -20.7321568 20.0497398 17.1550961 -20.9807415 20.2567139 16.8970871 -20.7321568 20.1540699 16.3805904 -21.4671249 20.0497398 17.1550961 -20.9807415 19.9298153 17.5266228 -20.7321568 20.2567139 16.8970871 -20.7321568 16.7450161 17.8447113 -22.9092865 16.128973 17.3753338 -23 16.2981262 18.1240253 -22.9092865 16.7450161 17.8447113 -22.9092865 16.6604691 18.1996861 -22.8351631 17.4237614 18.2529812 -22.6167812 16.7450161 17.8447113 -22.9092865 16.2981262 18.1240253 -22.9092865 16.6604691 18.1996861 -22.8351631 20.4997559 16.2821159 -20.7321568 20.2567139 16.8970871 -20.7321568 20.4191093 16.6480522 -20.4840698 20.4997559 16.2821159 -20.7321568 20.4191093 16.6480522 -20.4840698 20.651823 16.1064892 -20 20.6278915 15.8613729 -20.7321568 20.4997559 16.2821159 -20.7321568 20.651823 16.1064892 -20 20.7623615 15.5256567 -20.4840698 20.651823 16.1064892 -20 20.9153671 14.8639288 -20 20.7623615 15.5256567 -20.4840698 20.6278915 15.8613729 -20.7321568 20.651823 16.1064892 -20 20.4974537 16.0471706 -20.9807415 20.3979855 15.5776777 -21.4671249 20.1540699 16.3805904 -21.4671249 20.4974537 16.0471706 -20.9807415 20.1540699 16.3805904 -21.4671249 20.2567139 16.8970871 -20.7321568 20.4974537 16.0471706 -20.9807415 20.2567139 16.8970871 -20.7321568 20.4997559 16.2821159 -20.7321568 20.4974537 16.0471706 -20.9807415 20.4997559 16.2821159 -20.7321568 20.6278915 15.8613729 -20.7321568 16.8115616 17.4838066 -22.9606895 16.8525867 16.794363 -23 16.128973 17.3753338 -23 16.8115616 17.4838066 -22.9606895 16.128973 17.3753338 -23 16.7450161 17.8447113 -22.9092865 17.1756172 17.4991207 -22.9092865 16.7450161 17.8447113 -22.9092865 17.4237614 18.2529812 -22.6167812 17.1756172 17.4991207 -22.9092865 16.8525867 16.794363 -23 16.8115616 17.4838066 -22.9606895 17.1756172 17.4991207 -22.9092865 16.8115616 17.4838066 -22.9606895 16.7450161 17.8447113 -22.9092865 17.5406933 17.4933853 -22.8351631 17.1756172 17.4991207 -22.9092865 17.4237614 18.2529812 -22.6167812 17.5406933 17.4933853 -22.8351631 17.4237614 18.2529812 -22.6167812 18.2878265 17.3798409 -22.6167812 20.7662334 15.2403984 -20.7321568 20.6278915 15.8613729 -20.7321568 20.7623615 15.5256567 -20.4840698 20.7662334 15.2403984 -20.7321568 20.3979855 15.5776777 -21.4671249 20.4974537 16.0471706 -20.9807415 20.7662334 15.2403984 -20.7321568 20.4974537 16.0471706 -20.9807415 20.6278915 15.8613729 -20.7321568 20.7662334 15.2403984 -20.7321568 20.7623615 15.5256567 -20.4840698 20.9153671 14.8639288 -20 17.5474567 17.1214237 -22.9092865 16.8525867 16.794363 -23 17.1756172 17.4991207 -22.9092865 17.5474567 17.1214237 -22.9092865 17.5406933 17.4933853 -22.8351631 18.2878265 17.3798409 -22.6167812 17.5474567 17.1214237 -22.9092865 17.1756172 17.4991207 -22.9092865 17.5406933 17.4933853 -22.8351631 20.8204517 14.7298994 -20.805975 20.9153671 14.8639288 -20 20.9216175 13.8303261 -20.6461506 20.8204517 14.7298994 -20.805975 20.9216175 13.8303261 -20.6461506 20.8365192 13.8278303 -20.9534378 20.8204517 14.7298994 -20.805975 20.7662334 15.2403984 -20.7321568 20.9153671 14.8639288 -20 17.5324326 16.7499046 -22.9606895 16.8525867 16.794363 -23 17.5474567 17.1214237 -22.9092865 17.5324326 16.7499046 -22.9606895 17.4186726 16.057518 -23 16.8525867 16.794363 -23 17.8878098 16.6831551 -22.9092865 17.5474567 17.1214237 -22.9092865 18.2878265 17.3798409 -22.6167812 17.8878098 16.6831551 -22.9092865 17.5324326 16.7499046 -22.9606895 17.5474567 17.1214237 -22.9092865 17.8878098 16.6831551 -22.9092865 17.4186726 16.057518 -23 17.5324326 16.7499046 -22.9606895 18.2324924 16.6073723 -22.8351631 17.8878098 16.6831551 -22.9092865 18.2878265 17.3798409 -22.6167812 18.2324924 16.6073723 -22.8351631 18.2878265 17.3798409 -22.6167812 18.9153347 16.3620834 -22.6167812 18.153965 16.2424488 -22.9092865 17.4186726 16.057518 -23 17.8878098 16.6831551 -22.9092865 18.153965 16.2424488 -22.9092865 17.8878098 16.6831551 -22.9092865 18.2324924 16.6073723 -22.8351631 18.153965 16.2424488 -22.9092865 18.2324924 16.6073723 -22.8351631 18.9153347 16.3620834 -22.6167812 19.3669968 15.2415466 -22.5764637 18.9153347 16.3620834 -22.6167812 19.8165188 15.8328562 -22.1213207 19.3669968 15.2415466 -22.5764637 19.8165188 15.8328562 -22.1213207 19.9577084 15.2735548 -22.1213207 18.0573997 15.8746252 -22.9606895 17.4186726 16.057518 -23 18.153965 16.2424488 -22.9092865 18.0573997 15.8746252 -22.9606895 17.7892628 15.2081842 -23 17.4186726 16.057518 -23 18.3818645 15.7389574 -22.9092865 18.153965 16.2424488 -22.9092865 18.9153347 16.3620834 -22.6167812 18.3818645 15.7389574 -22.9092865 18.0573997 15.8746252 -22.9606895 18.153965 16.2424488 -22.9092865 18.3818645 15.7389574 -22.9092865 17.7892628 15.2081842 -23 18.0573997 15.8746252 -22.9606895 19.0420513 15.2124519 -22.7436695 18.3818645 15.7389574 -22.9092865 18.9153347 16.3620834 -22.6167812 19.0420513 15.2124519 -22.7436695 18.9153347 16.3620834 -22.6167812 19.3669968 15.2415466 -22.5764637 19.4984226 14.6814508 -22.5555534 19.3669968 15.2415466 -22.5764637 19.9577084 15.2735548 -22.1213207 19.4984226 14.6814508 -22.5555534 18.926506 14.1797886 -22.8444614 19.0420513 15.2124519 -22.7436695 19.4984226 14.6814508 -22.5555534 19.0420513 15.2124519 -22.7436695 19.3669968 15.2415466 -22.5764637 19.4984226 14.6814508 -22.5555534 19.9577084 15.2735548 -22.1213207 19.9986115 14.413456 -22.1992264 19.4984226 14.6814508 -22.5555534 19.9986115 14.413456 -22.1992264 18.926506 14.1797886 -22.8444614 18.6195908 15.2274923 -22.8897076 17.9754124 14.1139994 -23 17.7892628 15.2081842 -23 18.6195908 15.2274923 -22.8897076 18.3818645 15.7389574 -22.9092865 19.0420513 15.2124519 -22.7436695 18.6195908 15.2274923 -22.8897076 17.7892628 15.2081842 -23 18.3818645 15.7389574 -22.9092865 18.6195908 15.2274923 -22.8897076 19.0420513 15.2124519 -22.7436695 18.926506 14.1797886 -22.8444614 18.6195908 15.2274923 -22.8897076 18.6048889 14.1575384 -22.9328785 17.9754124 14.1139994 -23 18.6195908 15.2274923 -22.8897076 18.926506 14.1797886 -22.8444614 18.6048889 14.1575384 -22.9328785 20.4926224 14.8952427 -21.5222874 20.3979855 15.5776777 -21.4671249 20.7662334 15.2403984 -20.7321568 20.4926224 14.8952427 -21.5222874 19.9577084 15.2735548 -22.1213207 20.3979855 15.5776777 -21.4671249 20.4926224 14.8952427 -21.5222874 20.7662334 15.2403984 -20.7321568 20.8204517 14.7298994 -20.805975 20.4926224 14.8952427 -21.5222874 19.9986115 14.413456 -22.1992264 19.9577084 15.2735548 -22.1213207 20.5141602 14.5752745 -21.5496674 19.9986115 14.413456 -22.1992264 20.4926224 14.8952427 -21.5222874 20.5141602 14.5752745 -21.5496674 20.4926224 14.8952427 -21.5222874 20.8204517 14.7298994 -20.805975 20.5926456 14.3154001 -21.4524117 20.8204517 14.7298994 -20.805975 20.8365192 13.8278303 -20.9534378 20.5926456 14.3154001 -21.4524117 20.5141602 14.5752745 -21.5496674 20.8204517 14.7298994 -20.805975 20.5926456 14.3154001 -21.4524117 19.9986115 14.413456 -22.1992264 20.5141602 14.5752745 -21.5496674 20.5926456 14.3154001 -21.4524117 20.8365192 13.8278303 -20.9534378 20.7176208 13.8243427 -21.253603 20.5926456 14.3154001 -21.4524117 20.6150246 13.5293541 -21.4671249 19.9986115 14.413456 -22.1992264 20.5926456 14.3154001 -21.4524117 20.7176208 13.8243427 -21.253603 20.6150246 13.5293541 -21.4671249 19.7000008 -6.05954933 -15.4129534 19.7000008 -6.61956406 -14.8971148 19.7000008 -6.78635645 -15.1625624 19.7000008 -6.01204681 -15.3654509 19.7000008 -6.61956406 -14.8971148 19.7000008 -6.05954933 -15.4129534 19.7000008 -6.01204681 -15.3654509 19.7000008 -6.3978858 -14.675436 19.7000008 -6.61956406 -14.8971148 19.7000008 -6.09529066 -15.4698353 19.7000008 -6.05954933 -15.4129534 19.7000008 -6.78635645 -15.1625624 19.7000008 -5.95516491 -15.3297091 19.7000008 -6.3978858 -14.675436 19.7000008 -6.01204681 -15.3654509 19.7000008 -6.11747837 -15.5332441 19.7000008 -6.78635645 -15.1625624 19.7000008 -6.88989925 -15.4584703 19.7000008 -6.11747837 -15.5332441 19.7000008 -6.09529066 -15.4698353 19.7000008 -6.78635645 -15.1625624 19.7000008 -5.89175606 -15.3075218 19.7000008 -6.13243723 -14.5086432 19.7000008 -6.3978858 -14.675436 19.7000008 -5.89175606 -15.3075218 19.7000008 -6.3978858 -14.675436 19.7000008 -5.95516491 -15.3297091 19.7000008 -6.125 -15.6000004 19.7000008 -6.11747837 -15.5332441 19.7000008 -6.88989925 -15.4584703 19.7000008 -6.125 -15.6000004 19.7000008 -6.88989925 -15.4584703 19.7000008 -6.92500019 -15.7700005 19.7000008 -5.82499981 -15.3000002 19.7000008 -5.5250001 -14.3699999 19.7000008 -5.83652925 -14.4051008 19.7000008 -5.82499981 -15.3000002 19.7000008 -5.83652925 -14.4051008 19.7000008 -6.13243723 -14.5086432 19.7000008 -5.82499981 -15.3000002 19.7000008 -6.13243723 -14.5086432 19.7000008 -5.89175606 -15.3075218 19.7000008 -6.92500019 -16.6000004 19.7000008 -6.125 -15.6000004 19.7000008 -6.92500019 -15.7700005 19.7000008 -6.125 -16.8500004 19.7000008 -6.92500019 -16.6000004 19.7000008 -6.88989925 -16.9115295 19.7000008 -6.125 -16.8500004 19.7000008 -6.125 -15.6000004 19.7000008 -6.92500019 -16.6000004 19.7000008 -6.11747837 -16.9167557 19.7000008 -6.88989925 -16.9115295 19.7000008 -6.78635645 -17.2074375 19.7000008 -6.11747837 -16.9167557 19.7000008 -6.125 -16.8500004 19.7000008 -6.88989925 -16.9115295 19.7000008 -6.09529066 -16.9801655 19.7000008 -6.78635645 -17.2074375 19.7000008 -6.61956406 -17.4728851 19.7000008 -6.09529066 -16.9801655 19.7000008 -6.11747837 -16.9167557 19.7000008 -6.78635645 -17.2074375 19.7000008 -6.05954933 -17.0370464 19.7000008 -6.09529066 -16.9801655 19.7000008 -6.61956406 -17.4728851 19.7000008 -6.01204681 -17.084549 19.7000008 -6.05954933 -17.0370464 19.7000008 -6.61956406 -17.4728851 19.7000008 -6.3978858 -17.6945648 19.7000008 -6.01204681 -17.084549 19.7000008 -6.61956406 -17.4728851 19.7000008 -6.3978858 -17.6945648 19.7000008 -5.95516491 -17.1202908 19.7000008 -6.01204681 -17.084549 19.7000008 -6.13243723 -17.8613567 19.7000008 -5.95516491 -17.1202908 19.7000008 -6.3978858 -17.6945648 19.7000008 -6.13243723 -17.8613567 19.7000008 -5.89175606 -17.1424789 19.7000008 -5.95516491 -17.1202908 19.7000008 -6.13243723 -17.8613567 19.7000008 -5.82499981 -17.1499996 19.7000008 -5.89175606 -17.1424789 19.7000008 -5.83652925 -17.9648991 19.7000008 -5.82499981 -17.1499996 19.7000008 -6.13243723 -17.8613567 19.7000008 -5.5250001 -18 19.7000008 -5.82499981 -17.1499996 19.7000008 -5.83652925 -17.9648991 19.7000008 -2.14499998 -15.3000002 19.7000008 -5.5250001 -14.3699999 19.7000008 -5.82499981 -15.3000002 19.7000008 -1.74682415 -16.3705711 19.7000008 -1.83371758 -16.190134 19.7000008 -1.80043602 -16.2852478 19.7000008 -1.59024763 -16.4954357 19.7000008 -1.74682415 -16.3705711 19.7000008 -1.67557037 -16.441824 19.7000008 -1.59024763 -16.4954357 19.7000008 -1.84500003 -16.0900002 19.7000008 -1.83371758 -16.190134 19.7000008 -1.59024763 -16.4954357 19.7000008 -1.83371758 -16.190134 19.7000008 -1.74682415 -16.3705711 19.7000008 -1.39499998 -16.5400009 19.7000008 -1.59024763 -16.4954357 19.7000008 -1.49513447 -16.528717 19.7000008 -1.39499998 -16.5400009 19.7000008 -1.84500003 -16.0900002 19.7000008 -1.59024763 -16.4954357 19.7000008 -1.36976051 -16.5400009 19.7000008 -1.84500003 -16.0900002 19.7000008 -1.39499998 -16.5400009 19.7000008 -0.114053324 -15.3961773 19.7000008 -1.85252166 -15.5332441 19.7000008 -1.84500003 -15.6000004 19.7000008 -0.114053324 -15.3961773 19.7000008 -1.87470937 -15.4698353 19.7000008 -1.85252166 -15.5332441 19.7000008 -0.114053324 -15.3961773 19.7000008 -1.91045058 -15.4129534 19.7000008 -1.87470937 -15.4698353 19.7000008 -0.114053324 -15.3961773 19.7000008 -1.9579531 -15.3654509 19.7000008 -1.91045058 -15.4129534 19.7000008 -0.0677177906 -15.3554678 19.7000008 -1.9579531 -15.3654509 19.7000008 -0.114053324 -15.3961773 19.7000008 -0.0677177906 -15.3554678 19.7000008 -2.01483488 -15.3297091 19.7000008 -1.9579531 -15.3654509 19.7000008 -0.014036065 -15.3250942 19.7000008 -2.01483488 -15.3297091 19.7000008 -0.0677177906 -15.3554678 19.7000008 -0.014036065 -15.3250942 19.7000008 -2.07824373 -15.3075218 19.7000008 -2.01483488 -15.3297091 19.7000008 -1.18959403 -16.5023594 19.7000008 -1.36976051 -16.5400009 19.7000008 -1.27773225 -16.530489 19.7000008 -1.10907149 -16.4567986 19.7000008 -1.36976051 -16.5400009 19.7000008 -1.18959403 -16.5023594 19.7000008 0.0447227322 -15.3063402 19.7000008 -2.07824373 -15.3075218 19.7000008 -0.014036065 -15.3250942 19.7000008 0.0447227322 -15.3063402 19.7000008 -2.14499998 -15.3000002 19.7000008 -2.07824373 -15.3075218 19.7000008 -1.03956819 -16.3957329 19.7000008 -0.114053324 -15.3961773 19.7000008 -1.84500003 -15.6000004 19.7000008 -1.03956819 -16.3957329 19.7000008 -1.84500003 -15.6000004 19.7000008 -1.84500003 -16.0900002 19.7000008 -1.03956819 -16.3957329 19.7000008 -1.36976051 -16.5400009 19.7000008 -1.10907149 -16.4567986 19.7000008 -1.03956819 -16.3957329 19.7000008 -1.84500003 -16.0900002 19.7000008 -1.36976051 -16.5400009 19.7000008 0.106074877 -15.3000002 19.7000008 -2.14499998 -15.3000002 19.7000008 0.0447227322 -15.3063402 19.7000008 0.106074877 -15.3000002 19.7000008 -5.5250001 -14.3699999 19.7000008 -2.14499998 -15.3000002 19.7000008 5.25073576 -15.3000002 19.7000008 5.59571075 -14.633604 19.7000008 5.4593277 -14.521677 19.7000008 5.25073576 -15.3000002 19.7000008 5.4593277 -14.521677 19.7000008 5.30372953 -14.438508 19.7000008 5.25073576 -15.3000002 19.7000008 5.30372953 -14.438508 19.7000008 5.1348958 -14.3872929 19.7000008 5.25073576 -15.3000002 19.7000008 5.1348958 -14.3872929 19.7000008 4.95931435 -14.3699999 19.7000008 5.25073576 -15.3000002 19.7000008 4.95931435 -14.3699999 19.7000008 0.106074877 -15.3000002 19.7000008 5.30926323 -15.3057642 19.7000008 5.59571075 -14.633604 19.7000008 5.25073576 -15.3000002 19.7000008 5.36554098 -15.3228359 19.7000008 5.59571075 -14.633604 19.7000008 5.30926323 -15.3057642 19.7000008 5.41740704 -15.3505592 19.7000008 5.59571075 -14.633604 19.7000008 5.36554098 -15.3228359 19.7000008 5.46286774 -15.3878679 19.7000008 5.59571075 -14.633604 19.7000008 5.41740704 -15.3505592 19.7000008 6.66139603 -15.6992893 19.7000008 5.59571075 -14.633604 19.7000008 5.46286774 -15.3878679 19.7000008 6.66139603 -15.6992893 19.7000008 5.46286774 -15.3878679 19.7000008 6.03713226 -15.9621325 19.7000008 6.66139603 -15.6992893 19.7000008 6.10216379 -16.0594597 19.7000008 6.11923552 -16.1157379 19.7000008 6.66139603 -15.6992893 19.7000008 6.07444096 -16.0075932 19.7000008 6.10216379 -16.0594597 19.7000008 6.66139603 -15.6992893 19.7000008 6.03713226 -15.9621325 19.7000008 6.07444096 -16.0075932 19.7000008 6.77332258 -15.8356724 19.7000008 6.66139603 -15.6992893 19.7000008 6.11923552 -16.1157379 19.7000008 6.85649157 -15.9912701 19.7000008 6.11923552 -16.1157379 19.7000008 6.125 -16.1742649 19.7000008 6.85649157 -15.9912701 19.7000008 6.77332258 -15.8356724 19.7000008 6.11923552 -16.1157379 19.7000008 6.90770674 -16.1601048 19.7000008 6.85649157 -15.9912701 19.7000008 6.125 -16.1742649 19.7000008 6.92500019 -16.3356857 19.7000008 6.90770674 -16.1601048 19.7000008 6.125 -16.1742649 19.7000008 6.92500019 -16.6000004 19.7000008 6.125 -16.1742649 19.7000008 6.125 -16.8500004 19.7000008 6.92500019 -16.6000004 19.7000008 6.92500019 -16.3356857 19.7000008 6.125 -16.1742649 19.7000008 5.83652925 -17.9648991 19.7000008 5.82499981 -17.1499996 19.7000008 5.5250001 -18 19.7000008 6.88989925 -16.9115295 19.7000008 6.125 -16.8500004 19.7000008 6.11747837 -16.9167557 19.7000008 6.88989925 -16.9115295 19.7000008 6.92500019 -16.6000004 19.7000008 6.125 -16.8500004 19.7000008 6.13243723 -17.8613567 19.7000008 5.82499981 -17.1499996 19.7000008 5.83652925 -17.9648991 19.7000008 6.13243723 -17.8613567 19.7000008 5.89175606 -17.1424789 19.7000008 5.82499981 -17.1499996 19.7000008 6.13243723 -17.8613567 19.7000008 5.95516491 -17.1202908 19.7000008 5.89175606 -17.1424789 19.7000008 6.78635645 -17.2074375 19.7000008 6.11747837 -16.9167557 19.7000008 6.09529066 -16.9801655 19.7000008 6.78635645 -17.2074375 19.7000008 6.88989925 -16.9115295 19.7000008 6.11747837 -16.9167557 19.7000008 6.3978858 -17.6945648 19.7000008 6.01204681 -17.084549 19.7000008 5.95516491 -17.1202908 19.7000008 6.3978858 -17.6945648 19.7000008 5.95516491 -17.1202908 19.7000008 6.13243723 -17.8613567 19.7000008 6.61956406 -17.4728851 19.7000008 6.05954933 -17.0370464 19.7000008 6.01204681 -17.084549 19.7000008 6.61956406 -17.4728851 19.7000008 6.09529066 -16.9801655 19.7000008 6.05954933 -17.0370464 19.7000008 6.61956406 -17.4728851 19.7000008 6.78635645 -17.2074375 19.7000008 6.09529066 -16.9801655 19.7000008 6.61956406 -17.4728851 19.7000008 6.01204681 -17.084549 19.7000008 6.3978858 -17.6945648 19.7000008 4.95931435 -14.3699999 19.7000008 -5.5250001 -14.3699999 19.7000008 0.106074877 -15.3000002 19.7000008 5.82499981 -17.1499996 19.7000008 -5.82499981 -17.1499996 19.7000008 -5.5250001 -18 19.7000008 5.82499981 -17.1499996 19.7000008 -5.5250001 -18 19.7000008 5.5250001 -18 19.7000008 5.46286774 -15.3878679 19.7000008 5.41740704 -15.3505592 15.7799997 5.46286774 -15.3878679 15.7799997 5.46286774 -15.3878679 19.7000008 5.41740704 -15.3505592 15.7799997 5.41740704 -15.3505592 15.7799997 5.41740704 -15.3505592 19.7000008 5.36554098 -15.3228359 15.7799997 5.36554098 -15.3228359 19.7000008 5.41740704 -15.3505592 19.7000008 5.36554098 -15.3228359 15.7799997 5.41740704 -15.3505592 15.7799997 5.36554098 -15.3228359 19.7000008 5.30926323 -15.3057642 15.7799997 5.30926323 -15.3057642 19.7000008 5.36554098 -15.3228359 19.7000008 5.30926323 -15.3057642 15.7799997 5.36554098 -15.3228359 15.7799997 5.30926323 -15.3057642 19.7000008 5.25073576 -15.3000002 15.7799997 5.25073576 -15.3000002 19.7000008 5.30926323 -15.3057642 19.7000008 5.25073576 -15.3000002 15.7799997 5.30926323 -15.3057642 19.7000008 6.03713226 -15.9621325 19.7000008 5.46286774 -15.3878679 15.7799997 6.03713226 -15.9621325 15.7799997 6.03713226 -15.9621325 19.7000008 5.46286774 -15.3878679 15.7799997 5.46286774 -15.3878679 19.7000008 6.125 -16.1742649 19.7000008 6.11923552 -16.1157379 15.7799997 6.125 -16.1742649 15.7799997 6.125 -16.1742649 19.7000008 6.11923552 -16.1157379 15.7799997 6.11923552 -16.1157379 15.7799997 6.11923552 -16.1157379 19.7000008 6.10216379 -16.0594597 15.7799997 6.10216379 -16.0594597 15.7799997 6.10216379 -16.0594597 19.7000008 6.10216379 -16.0594597 15.7799997 6.07444096 -16.0075932 19.7000008 6.11923552 -16.1157379 19.7000008 6.10216379 -16.0594597 15.7799997 6.11923552 -16.1157379 19.7000008 6.10216379 -16.0594597 19.7000008 6.07444096 -16.0075932 15.7799997 6.07444096 -16.0075932 15.7799997 6.07444096 -16.0075932 19.7000008 6.03713226 -15.9621325 15.7799997 6.03713226 -15.9621325 19.7000008 6.07444096 -16.0075932 19.7000008 6.03713226 -15.9621325 15.7799997 6.07444096 -16.0075932 19.7000008 6.125 -16.8500004 19.7000008 6.125 -16.1742649 15.7799997 6.125 -16.8500004 15.7799997 6.125 -16.8500004 19.7000008 6.125 -16.1742649 15.7799997 6.125 -16.1742649 19.7000008 5.82499981 -17.1499996 19.7000008 5.89175606 -17.1424789 15.7799997 5.82499981 -17.1499996 15.7799997 5.82499981 -17.1499996 19.7000008 5.89175606 -17.1424789 15.7799997 5.89175606 -17.1424789 15.7799997 5.89175606 -17.1424789 19.7000008 5.95516491 -17.1202908 15.7799997 5.95516491 -17.1202908 19.7000008 5.89175606 -17.1424789 19.7000008 5.95516491 -17.1202908 15.7799997 5.89175606 -17.1424789 15.7799997 5.95516491 -17.1202908 19.7000008 6.01204681 -17.084549 15.7799997 6.01204681 -17.084549 15.7799997 6.01204681 -17.084549 19.7000008 6.01204681 -17.084549 15.7799997 6.05954933 -17.0370464 19.7000008 5.95516491 -17.1202908 19.7000008 6.01204681 -17.084549 15.7799997 5.95516491 -17.1202908 19.7000008 6.01204681 -17.084549 19.7000008 6.05954933 -17.0370464 15.7799997 6.05954933 -17.0370464 15.7799997 6.05954933 -17.0370464 19.7000008 6.09529066 -16.9801655 15.7799997 6.09529066 -16.9801655 19.7000008 6.05954933 -17.0370464 19.7000008 6.09529066 -16.9801655 15.7799997 6.05954933 -17.0370464 15.7799997 6.09529066 -16.9801655 19.7000008 6.11747837 -16.9167557 15.7799997 6.11747837 -16.9167557 19.7000008 6.09529066 -16.9801655 19.7000008 6.11747837 -16.9167557 15.7799997 6.09529066 -16.9801655 15.7799997 6.11747837 -16.9167557 19.7000008 6.125 -16.8500004 15.7799997 6.125 -16.8500004 19.7000008 6.11747837 -16.9167557 19.7000008 6.125 -16.8500004 15.7799997 6.11747837 -16.9167557 19.7000008 -5.82499981 -17.1499996 19.7000008 5.82499981 -17.1499996 15.7799997 -5.82499981 -17.1499996 15.7799997 -5.82499981 -17.1499996 19.7000008 5.82499981 -17.1499996 15.7799997 5.82499981 -17.1499996 19.7000008 -6.125 -16.8500004 19.7000008 -6.11747837 -16.9167557 15.7799997 -6.125 -16.8500004 15.7799997 -6.125 -16.8500004 19.7000008 -6.11747837 -16.9167557 15.7799997 -6.11747837 -16.9167557 15.7799997 -6.11747837 -16.9167557 19.7000008 -6.09529066 -16.9801655 15.7799997 -6.09529066 -16.9801655 19.7000008 -6.11747837 -16.9167557 19.7000008 -6.09529066 -16.9801655 15.7799997 -6.11747837 -16.9167557 15.7799997 -6.09529066 -16.9801655 19.7000008 -6.05954933 -17.0370464 15.7799997 -6.05954933 -17.0370464 15.7799997 -6.05954933 -17.0370464 19.7000008 -6.05954933 -17.0370464 15.7799997 -6.01204681 -17.084549 19.7000008 -6.09529066 -16.9801655 19.7000008 -6.05954933 -17.0370464 15.7799997 -6.09529066 -16.9801655 19.7000008 -6.05954933 -17.0370464 19.7000008 -6.01204681 -17.084549 15.7799997 -6.01204681 -17.084549 15.7799997 -6.01204681 -17.084549 19.7000008 -5.95516491 -17.1202908 15.7799997 -5.95516491 -17.1202908 19.7000008 -6.01204681 -17.084549 19.7000008 -5.95516491 -17.1202908 15.7799997 -6.01204681 -17.084549 15.7799997 -5.95516491 -17.1202908 19.7000008 -5.89175606 -17.1424789 15.7799997 -5.89175606 -17.1424789 19.7000008 -5.95516491 -17.1202908 19.7000008 -5.89175606 -17.1424789 15.7799997 -5.95516491 -17.1202908 15.7799997 -5.89175606 -17.1424789 19.7000008 -5.82499981 -17.1499996 15.7799997 -5.82499981 -17.1499996 19.7000008 -5.89175606 -17.1424789 19.7000008 -5.82499981 -17.1499996 15.7799997 -5.89175606 -17.1424789 19.7000008 -6.125 -15.6000004 19.7000008 -6.125 -16.8500004 15.7799997 -6.125 -15.6000004 15.7799997 -6.125 -15.6000004 19.7000008 -6.125 -16.8500004 15.7799997 -6.125 -16.8500004 19.7000008 -5.82499981 -15.3000002 19.7000008 -5.89175606 -15.3075218 15.7799997 -5.82499981 -15.3000002 15.7799997 -5.82499981 -15.3000002 19.7000008 -5.89175606 -15.3075218 15.7799997 -5.89175606 -15.3075218 15.7799997 -5.89175606 -15.3075218 19.7000008 -5.95516491 -15.3297091 15.7799997 -5.95516491 -15.3297091 19.7000008 -5.89175606 -15.3075218 19.7000008 -5.95516491 -15.3297091 15.7799997 -5.89175606 -15.3075218 15.7799997 -5.95516491 -15.3297091 19.7000008 -6.01204681 -15.3654509 15.7799997 -6.01204681 -15.3654509 15.7799997 -6.01204681 -15.3654509 19.7000008 -6.01204681 -15.3654509 15.7799997 -6.05954933 -15.4129534 19.7000008 -5.95516491 -15.3297091 19.7000008 -6.01204681 -15.3654509 15.7799997 -5.95516491 -15.3297091 19.7000008 -6.01204681 -15.3654509 19.7000008 -6.05954933 -15.4129534 15.7799997 -6.05954933 -15.4129534 15.7799997 -6.05954933 -15.4129534 19.7000008 -6.09529066 -15.4698353 15.7799997 -6.09529066 -15.4698353 19.7000008 -6.05954933 -15.4129534 19.7000008 -6.09529066 -15.4698353 15.7799997 -6.05954933 -15.4129534 15.7799997 -6.09529066 -15.4698353 19.7000008 -6.11747837 -15.5332441 15.7799997 -6.11747837 -15.5332441 19.7000008 -6.09529066 -15.4698353 19.7000008 -6.11747837 -15.5332441 15.7799997 -6.09529066 -15.4698353 15.7799997 -6.11747837 -15.5332441 19.7000008 -6.125 -15.6000004 15.7799997 -6.125 -15.6000004 19.7000008 -6.11747837 -15.5332441 19.7000008 -6.125 -15.6000004 15.7799997 -6.11747837 -15.5332441 15.7799997 -2.14499998 -15.3000002 19.7000008 -2.14499998 -15.3000002 15.7799997 -5.82499981 -15.3000002 19.7000008 -2.14499998 -15.3000002 19.7000008 -5.82499981 -15.3000002 15.7799997 -5.82499981 -15.3000002 19.7000008 -1.84500003 -15.6000004 19.7000008 -1.85252166 -15.5332441 15.7799997 -1.84500003 -15.6000004 15.7799997 -1.84500003 -15.6000004 19.7000008 -1.85252166 -15.5332441 15.7799997 -1.85252166 -15.5332441 15.7799997 -1.85252166 -15.5332441 19.7000008 -1.87470937 -15.4698353 15.7799997 -1.87470937 -15.4698353 19.7000008 -1.85252166 -15.5332441 19.7000008 -1.87470937 -15.4698353 15.7799997 -1.85252166 -15.5332441 15.7799997 -1.87470937 -15.4698353 19.7000008 -1.91045058 -15.4129534 15.7799997 -1.91045058 -15.4129534 15.7799997 -1.91045058 -15.4129534 19.7000008 -1.91045058 -15.4129534 15.7799997 -1.9579531 -15.3654509 19.7000008 -1.87470937 -15.4698353 19.7000008 -1.91045058 -15.4129534 15.7799997 -1.87470937 -15.4698353 19.7000008 -1.91045058 -15.4129534 19.7000008 -1.9579531 -15.3654509 15.7799997 -1.9579531 -15.3654509 15.7799997 -1.9579531 -15.3654509 19.7000008 -2.01483488 -15.3297091 15.7799997 -2.01483488 -15.3297091 19.7000008 -1.9579531 -15.3654509 19.7000008 -2.01483488 -15.3297091 15.7799997 -1.9579531 -15.3654509 15.7799997 -2.01483488 -15.3297091 19.7000008 -2.07824373 -15.3075218 15.7799997 -2.07824373 -15.3075218 19.7000008 -2.01483488 -15.3297091 19.7000008 -2.07824373 -15.3075218 15.7799997 -2.01483488 -15.3297091 15.7799997 -2.07824373 -15.3075218 19.7000008 -2.14499998 -15.3000002 15.7799997 -2.14499998 -15.3000002 19.7000008 -2.07824373 -15.3075218 19.7000008 -2.14499998 -15.3000002 15.7799997 -2.07824373 -15.3075218 19.7000008 -1.84500003 -16.0900002 19.7000008 -1.84500003 -15.6000004 15.7799997 -1.84500003 -16.0900002 15.7799997 -1.84500003 -16.0900002 19.7000008 -1.84500003 -15.6000004 15.7799997 -1.84500003 -15.6000004 19.7000008 -1.83371758 -16.190134 19.7000008 -1.84500003 -16.0900002 15.7799997 -1.84500003 -16.0900002 19.7000008 -1.83371758 -16.190134 15.7799997 -1.84500003 -16.0900002 15.7799997 -1.83371758 -16.190134 19.7000008 -1.80043602 -16.2852478 15.7799997 -1.83371758 -16.190134 15.7799997 -1.80043602 -16.2852478 19.7000008 -1.80043602 -16.2852478 19.7000008 -1.83371758 -16.190134 15.7799997 -1.83371758 -16.190134 19.7000008 -1.74682415 -16.3705711 15.7799997 -1.74682415 -16.3705711 15.7799997 -1.67557037 -16.441824 19.7000008 -1.74682415 -16.3705711 15.7799997 -1.80043602 -16.2852478 15.7799997 -1.74682415 -16.3705711 19.7000008 -1.74682415 -16.3705711 19.7000008 -1.80043602 -16.2852478 15.7799997 -1.80043602 -16.2852478 19.7000008 -1.67557037 -16.441824 19.7000008 -1.74682415 -16.3705711 15.7799997 -1.67557037 -16.441824 19.7000008 -1.59024763 -16.4954357 15.7799997 -1.67557037 -16.441824 15.7799997 -1.59024763 -16.4954357 19.7000008 -1.59024763 -16.4954357 19.7000008 -1.67557037 -16.441824 15.7799997 -1.67557037 -16.441824 19.7000008 -1.49513447 -16.528717 15.7799997 -1.59024763 -16.4954357 15.7799997 -1.49513447 -16.528717 19.7000008 -1.49513447 -16.528717 19.7000008 -1.59024763 -16.4954357 15.7799997 -1.59024763 -16.4954357 19.7000008 -1.39499998 -16.5400009 15.7799997 -1.49513447 -16.528717 15.7799997 -1.39499998 -16.5400009 19.7000008 -1.39499998 -16.5400009 19.7000008 -1.49513447 -16.528717 15.7799997 -1.49513447 -16.528717 15.7799997 -1.36976051 -16.5400009 19.7000008 -1.36976051 -16.5400009 15.7799997 -1.39499998 -16.5400009 15.7799997 -1.39499998 -16.5400009 19.7000008 -1.36976051 -16.5400009 19.7000008 -1.39499998 -16.5400009 19.7000008 -1.36976051 -16.5400009 15.7799997 -1.36976051 -16.5400009 15.7799997 -1.27773225 -16.530489 19.7000008 -1.27773225 -16.530489 15.7799997 -1.27773225 -16.530489 15.7799997 -1.18959403 -16.5023594 19.7000008 -1.27773225 -16.530489 19.7000008 -1.36976051 -16.5400009 15.7799997 -1.27773225 -16.530489 19.7000008 -1.18959403 -16.5023594 15.7799997 -1.18959403 -16.5023594 15.7799997 -1.10907149 -16.4567986 19.7000008 -1.18959403 -16.5023594 19.7000008 -1.27773225 -16.530489 15.7799997 -1.18959403 -16.5023594 19.7000008 -1.10907149 -16.4567986 15.7799997 -1.10907149 -16.4567986 15.7799997 -1.03956819 -16.3957329 19.7000008 -1.10907149 -16.4567986 19.7000008 -1.18959403 -16.5023594 15.7799997 -1.10907149 -16.4567986 19.7000008 -1.03956819 -16.3957329 19.7000008 -1.10907149 -16.4567986 15.7799997 -1.03956819 -16.3957329 19.7000008 -0.114053324 -15.3961773 19.7000008 -1.03956819 -16.3957329 15.7799997 -0.114053324 -15.3961773 15.7799997 -0.114053324 -15.3961773 19.7000008 -1.03956819 -16.3957329 15.7799997 -1.03956819 -16.3957329 19.7000008 0.106074877 -15.3000002 19.7000008 0.0447227322 -15.3063402 15.7799997 0.106074877 -15.3000002 15.7799997 0.106074877 -15.3000002 19.7000008 0.0447227322 -15.3063402 15.7799997 0.0447227322 -15.3063402 15.7799997 0.0447227322 -15.3063402 19.7000008 -0.014036065 -15.3250942 15.7799997 -0.014036065 -15.3250942 19.7000008 0.0447227322 -15.3063402 19.7000008 -0.014036065 -15.3250942 15.7799997 0.0447227322 -15.3063402 15.7799997 -0.014036065 -15.3250942 19.7000008 -0.0677177906 -15.3554678 15.7799997 -0.0677177906 -15.3554678 19.7000008 -0.014036065 -15.3250942 19.7000008 -0.0677177906 -15.3554678 15.7799997 -0.014036065 -15.3250942 15.7799997 -0.0677177906 -15.3554678 19.7000008 -0.114053324 -15.3961773 15.7799997 -0.114053324 -15.3961773 19.7000008 -0.0677177906 -15.3554678 19.7000008 -0.114053324 -15.3961773 15.7799997 -0.0677177906 -15.3554678 19.7000008 5.25073576 -15.3000002 19.7000008 0.106074877 -15.3000002 15.7799997 5.25073576 -15.3000002 15.7799997 5.25073576 -15.3000002 19.7000008 0.106074877 -15.3000002 15.7799997 0.106074877 -15.3000002 15.7799997 -5.89175606 -15.3075218 15.7799997 -5.95516491 -15.3297091 15.7799997 -6.01204681 -15.3654509 15.7799997 -6.125 -15.6000004 15.7799997 -5.82499981 -15.3000002 15.7799997 -5.89175606 -15.3075218 15.7799997 -6.125 -15.6000004 15.7799997 -6.01204681 -15.3654509 15.7799997 -6.05954933 -15.4129534 15.7799997 -6.125 -15.6000004 15.7799997 -6.05954933 -15.4129534 15.7799997 -6.09529066 -15.4698353 15.7799997 -6.125 -15.6000004 15.7799997 -6.09529066 -15.4698353 15.7799997 -6.11747837 -15.5332441 15.7799997 -6.125 -15.6000004 15.7799997 -5.89175606 -15.3075218 15.7799997 -6.01204681 -15.3654509 15.7799997 -6.09529066 -16.9801655 15.7799997 -6.125 -16.8500004 15.7799997 -6.11747837 -16.9167557 15.7799997 -5.82499981 -17.1499996 15.7799997 -6.125 -15.6000004 15.7799997 -6.125 -16.8500004 15.7799997 -5.82499981 -17.1499996 15.7799997 -6.09529066 -16.9801655 15.7799997 -6.05954933 -17.0370464 15.7799997 -5.82499981 -17.1499996 15.7799997 -6.05954933 -17.0370464 15.7799997 -6.01204681 -17.084549 15.7799997 -5.82499981 -17.1499996 15.7799997 -6.01204681 -17.084549 15.7799997 -5.95516491 -17.1202908 15.7799997 -5.82499981 -17.1499996 15.7799997 -5.95516491 -17.1202908 15.7799997 -5.89175606 -17.1424789 15.7799997 -5.82499981 -17.1499996 15.7799997 -5.82499981 -15.3000002 15.7799997 -6.125 -15.6000004 15.7799997 -5.82499981 -17.1499996 15.7799997 -6.125 -16.8500004 15.7799997 -6.09529066 -16.9801655 15.7799997 -2.14499998 -15.3000002 15.7799997 -5.82499981 -15.3000002 15.7799997 -5.82499981 -17.1499996 15.7799997 -1.9579531 -15.3654509 15.7799997 -2.01483488 -15.3297091 15.7799997 -2.07824373 -15.3075218 15.7799997 -1.91045058 -15.4129534 15.7799997 -1.9579531 -15.3654509 15.7799997 -2.07824373 -15.3075218 15.7799997 -1.91045058 -15.4129534 15.7799997 -2.07824373 -15.3075218 15.7799997 -2.14499998 -15.3000002 15.7799997 -1.87470937 -15.4698353 15.7799997 -1.91045058 -15.4129534 15.7799997 -2.14499998 -15.3000002 15.7799997 -1.84500003 -15.6000004 15.7799997 -1.87470937 -15.4698353 15.7799997 -2.14499998 -15.3000002 15.7799997 -1.84500003 -15.6000004 15.7799997 -1.85252166 -15.5332441 15.7799997 -1.87470937 -15.4698353 15.7799997 -1.84500003 -16.0900002 15.7799997 -1.84500003 -15.6000004 15.7799997 -2.14499998 -15.3000002 15.7799997 -1.83371758 -16.190134 15.7799997 -1.84500003 -16.0900002 15.7799997 -2.14499998 -15.3000002 15.7799997 -1.83371758 -16.190134 15.7799997 -2.14499998 -15.3000002 15.7799997 -5.82499981 -17.1499996 15.7799997 -1.80043602 -16.2852478 15.7799997 -1.83371758 -16.190134 15.7799997 -5.82499981 -17.1499996 15.7799997 -1.74682415 -16.3705711 15.7799997 -1.80043602 -16.2852478 15.7799997 -5.82499981 -17.1499996 15.7799997 -1.67557037 -16.441824 15.7799997 -1.74682415 -16.3705711 15.7799997 -5.82499981 -17.1499996 15.7799997 -1.59024763 -16.4954357 15.7799997 -1.67557037 -16.441824 15.7799997 -5.82499981 -17.1499996 15.7799997 -1.49513447 -16.528717 15.7799997 -1.59024763 -16.4954357 15.7799997 -5.82499981 -17.1499996 15.7799997 -0.014036065 -15.3250942 15.7799997 -0.0677177906 -15.3554678 15.7799997 -0.114053324 -15.3961773 15.7799997 0.106074877 -15.3000002 15.7799997 0.0447227322 -15.3063402 15.7799997 -0.014036065 -15.3250942 15.7799997 0.106074877 -15.3000002 15.7799997 -0.114053324 -15.3961773 15.7799997 -1.03956819 -16.3957329 15.7799997 0.106074877 -15.3000002 15.7799997 -0.014036065 -15.3250942 15.7799997 -0.114053324 -15.3961773 15.7799997 5.41740704 -15.3505592 15.7799997 5.36554098 -15.3228359 15.7799997 5.30926323 -15.3057642 15.7799997 5.46286774 -15.3878679 15.7799997 5.30926323 -15.3057642 15.7799997 5.25073576 -15.3000002 15.7799997 5.46286774 -15.3878679 15.7799997 5.41740704 -15.3505592 15.7799997 5.30926323 -15.3057642 15.7799997 6.125 -16.1742649 15.7799997 6.11923552 -16.1157379 15.7799997 6.10216379 -16.0594597 15.7799997 6.125 -16.1742649 15.7799997 6.10216379 -16.0594597 15.7799997 6.07444096 -16.0075932 15.7799997 6.125 -16.1742649 15.7799997 6.07444096 -16.0075932 15.7799997 6.03713226 -15.9621325 15.7799997 5.82499981 -17.1499996 15.7799997 5.25073576 -15.3000002 15.7799997 0.106074877 -15.3000002 15.7799997 5.82499981 -17.1499996 15.7799997 -1.03956819 -16.3957329 15.7799997 -1.10907149 -16.4567986 15.7799997 5.82499981 -17.1499996 15.7799997 -1.10907149 -16.4567986 15.7799997 -1.18959403 -16.5023594 15.7799997 5.82499981 -17.1499996 15.7799997 -1.18959403 -16.5023594 15.7799997 -1.27773225 -16.530489 15.7799997 5.82499981 -17.1499996 15.7799997 0.106074877 -15.3000002 15.7799997 -1.03956819 -16.3957329 15.7799997 5.82499981 -17.1499996 15.7799997 5.46286774 -15.3878679 15.7799997 5.25073576 -15.3000002 15.7799997 5.82499981 -17.1499996 15.7799997 6.125 -16.8500004 15.7799997 6.125 -16.1742649 15.7799997 5.82499981 -17.1499996 15.7799997 6.03713226 -15.9621325 15.7799997 5.46286774 -15.3878679 15.7799997 5.82499981 -17.1499996 15.7799997 6.125 -16.1742649 15.7799997 6.03713226 -15.9621325 15.7799997 5.95516491 -17.1202908 15.7799997 5.82499981 -17.1499996 15.7799997 5.89175606 -17.1424789 15.7799997 5.95516491 -17.1202908 15.7799997 6.125 -16.8500004 15.7799997 5.82499981 -17.1499996 15.7799997 6.01204681 -17.084549 15.7799997 6.11747837 -16.9167557 15.7799997 6.125 -16.8500004 15.7799997 6.01204681 -17.084549 15.7799997 6.125 -16.8500004 15.7799997 5.95516491 -17.1202908 15.7799997 6.05954933 -17.0370464 15.7799997 6.09529066 -16.9801655 15.7799997 6.11747837 -16.9167557 15.7799997 6.05954933 -17.0370464 15.7799997 6.11747837 -16.9167557 15.7799997 6.01204681 -17.084549 15.7799997 -5.82499981 -17.1499996 15.7799997 5.82499981 -17.1499996 15.7799997 -1.36976051 -16.5400009 15.7799997 -1.36976051 -16.5400009 15.7799997 5.82499981 -17.1499996 15.7799997 -1.27773225 -16.530489 15.7799997 -5.82499981 -17.1499996 15.7799997 -1.36976051 -16.5400009 15.7799997 -1.39499998 -16.5400009 15.7799997 -5.82499981 -17.1499996 15.7799997 -1.39499998 -16.5400009 15.7799997 -1.49513447 -16.528717 14.2285509 -19.9019489 -0.170000002 13 -19.9300003 -0.170000002 13 -19.9300003 -0.870000005 14.2285509 -19.9019489 -0.170000002 13 -19.9300003 -0.870000005 14.2285509 -19.9019489 -0.870000005 15.4403791 -19.7245922 -0.170000002 14.2285509 -19.9019489 -0.870000005 15.4403791 -19.7245922 -0.870000005 15.4403791 -19.7245922 -0.170000002 14.2285509 -19.9019489 -0.170000002 14.2285509 -19.9019489 -0.870000005 16.4761543 -19.3722458 -0.170000002 15.4403791 -19.7245922 -0.870000005 16.4761543 -19.3722458 -0.870000005 16.4761543 -19.3722458 -0.170000002 15.4403791 -19.7245922 -0.170000002 15.4403791 -19.7245922 -0.870000005 17.4230003 -18.8321609 -0.170000002 16.4761543 -19.3722458 -0.870000005 17.4230003 -18.8321609 -0.870000005 17.4230003 -18.8321609 -0.170000002 16.4761543 -19.3722458 -0.170000002 16.4761543 -19.3722458 -0.870000005 18.3376122 -18.0334969 -0.170000002 17.4230003 -18.8321609 -0.870000005 18.3376122 -18.0334969 -0.870000005 18.3376122 -18.0334969 -0.170000002 17.4230003 -18.8321609 -0.170000002 17.4230003 -18.8321609 -0.870000005 19.1262627 -16.9601479 -0.170000002 18.3376122 -18.0334969 -0.870000005 19.1262627 -16.9601479 -0.870000005 19.1262627 -16.9601479 -0.170000002 18.3376122 -18.0334969 -0.170000002 18.3376122 -18.0334969 -0.870000005 19.6272182 -15.7980909 -0.170000002 19.1262627 -16.9601479 -0.870000005 19.6272182 -15.7980909 -0.870000005 19.6272182 -15.7980909 -0.170000002 19.1262627 -16.9601479 -0.170000002 19.1262627 -16.9601479 -0.870000005 19.8335323 -14.8763065 -0.170000002 19.6272182 -15.7980909 -0.870000005 19.8335323 -14.8763065 -0.870000005 19.8335323 -14.8763065 -0.170000002 19.6272182 -15.7980909 -0.170000002 19.6272182 -15.7980909 -0.870000005 19.9300003 -13 -0.170000002 19.8335323 -14.8763065 -0.870000005 19.9300003 -13 -0.870000005 19.9300003 -13 -0.170000002 19.8335323 -14.8763065 -0.170000002 19.8335323 -14.8763065 -0.870000005 13 -19.9300003 -0.870000005 13 -19.9300003 -0.170000002 -13 -19.9300003 -0.170000002 13 -19.9300003 -0.870000005 -13 -19.9300003 -0.170000002 -13 -19.9300003 -0.870000005 -19.9019489 -14.2285509 -0.170000002 -19.9300003 -13 -0.170000002 -19.9300003 -13 -0.870000005 -19.9019489 -14.2285509 -0.170000002 -19.9300003 -13 -0.870000005 -19.9019489 -14.2285509 -0.870000005 -19.7245922 -15.4403791 -0.170000002 -19.9019489 -14.2285509 -0.870000005 -19.7245922 -15.4403791 -0.870000005 -19.7245922 -15.4403791 -0.170000002 -19.9019489 -14.2285509 -0.170000002 -19.9019489 -14.2285509 -0.870000005 -19.3722458 -16.4761543 -0.170000002 -19.7245922 -15.4403791 -0.870000005 -19.3722458 -16.4761543 -0.870000005 -19.3722458 -16.4761543 -0.170000002 -19.7245922 -15.4403791 -0.170000002 -19.7245922 -15.4403791 -0.870000005 -18.8321609 -17.4230003 -0.170000002 -19.3722458 -16.4761543 -0.870000005 -18.8321609 -17.4230003 -0.870000005 -18.8321609 -17.4230003 -0.170000002 -19.3722458 -16.4761543 -0.170000002 -19.3722458 -16.4761543 -0.870000005 -18.0334969 -18.3376122 -0.170000002 -18.8321609 -17.4230003 -0.870000005 -18.0334969 -18.3376122 -0.870000005 -18.0334969 -18.3376122 -0.170000002 -18.8321609 -17.4230003 -0.170000002 -18.8321609 -17.4230003 -0.870000005 -16.9601479 -19.1262627 -0.170000002 -18.0334969 -18.3376122 -0.870000005 -16.9601479 -19.1262627 -0.870000005 -16.9601479 -19.1262627 -0.170000002 -18.0334969 -18.3376122 -0.170000002 -18.0334969 -18.3376122 -0.870000005 -15.7980909 -19.6272182 -0.170000002 -16.9601479 -19.1262627 -0.870000005 -15.7980909 -19.6272182 -0.870000005 -15.7980909 -19.6272182 -0.170000002 -16.9601479 -19.1262627 -0.170000002 -16.9601479 -19.1262627 -0.870000005 -14.8763065 -19.8335323 -0.170000002 -15.7980909 -19.6272182 -0.870000005 -14.8763065 -19.8335323 -0.870000005 -14.8763065 -19.8335323 -0.170000002 -15.7980909 -19.6272182 -0.170000002 -15.7980909 -19.6272182 -0.870000005 -13 -19.9300003 -0.170000002 -14.8763065 -19.8335323 -0.870000005 -13 -19.9300003 -0.870000005 -13 -19.9300003 -0.170000002 -14.8763065 -19.8335323 -0.170000002 -14.8763065 -19.8335323 -0.870000005 -19.9300003 13 -0.170000002 -19.9300003 -13 -0.870000005 -19.9300003 -13 -0.170000002 -19.9300003 13 -0.170000002 -19.9300003 13 -0.870000005 -19.9300003 -13 -0.870000005 -14.2285509 19.9019489 -0.870000005 -13 19.9300003 -0.170000002 -13 19.9300003 -0.870000005 -14.2285509 19.9019489 -0.170000002 -13 19.9300003 -0.170000002 -14.2285509 19.9019489 -0.870000005 -15.4403791 19.7245922 -0.870000005 -14.2285509 19.9019489 -0.170000002 -14.2285509 19.9019489 -0.870000005 -15.4403791 19.7245922 -0.170000002 -14.2285509 19.9019489 -0.170000002 -15.4403791 19.7245922 -0.870000005 -16.4761543 19.3722458 -0.870000005 -15.4403791 19.7245922 -0.170000002 -15.4403791 19.7245922 -0.870000005 -16.4761543 19.3722458 -0.170000002 -15.4403791 19.7245922 -0.170000002 -16.4761543 19.3722458 -0.870000005 -17.4230003 18.8321609 -0.870000005 -16.4761543 19.3722458 -0.170000002 -16.4761543 19.3722458 -0.870000005 -17.4230003 18.8321609 -0.170000002 -16.4761543 19.3722458 -0.170000002 -17.4230003 18.8321609 -0.870000005 -18.3376122 18.0334969 -0.870000005 -17.4230003 18.8321609 -0.170000002 -17.4230003 18.8321609 -0.870000005 -18.3376122 18.0334969 -0.170000002 -17.4230003 18.8321609 -0.170000002 -18.3376122 18.0334969 -0.870000005 -19.1262627 16.9601479 -0.870000005 -18.3376122 18.0334969 -0.170000002 -18.3376122 18.0334969 -0.870000005 -19.1262627 16.9601479 -0.170000002 -18.3376122 18.0334969 -0.170000002 -19.1262627 16.9601479 -0.870000005 -19.6272182 15.7980909 -0.870000005 -19.1262627 16.9601479 -0.170000002 -19.1262627 16.9601479 -0.870000005 -19.6272182 15.7980909 -0.170000002 -19.1262627 16.9601479 -0.170000002 -19.6272182 15.7980909 -0.870000005 -19.8335323 14.8763065 -0.870000005 -19.6272182 15.7980909 -0.170000002 -19.6272182 15.7980909 -0.870000005 -19.8335323 14.8763065 -0.170000002 -19.6272182 15.7980909 -0.170000002 -19.8335323 14.8763065 -0.870000005 -19.9300003 13 -0.870000005 -19.8335323 14.8763065 -0.170000002 -19.8335323 14.8763065 -0.870000005 -19.9300003 13 -0.170000002 -19.8335323 14.8763065 -0.170000002 -19.9300003 13 -0.870000005 13 19.9300003 -0.170000002 -13 19.9300003 -0.870000005 -13 19.9300003 -0.170000002 13 19.9300003 -0.170000002 13 19.9300003 -0.870000005 -13 19.9300003 -0.870000005 19.9019489 14.2285509 -0.170000002 19.9300003 13 -0.170000002 19.9300003 13 -0.870000005 19.9019489 14.2285509 -0.170000002 19.9300003 13 -0.870000005 19.9019489 14.2285509 -0.870000005 19.7245922 15.4403791 -0.170000002 19.9019489 14.2285509 -0.870000005 19.7245922 15.4403791 -0.870000005 19.7245922 15.4403791 -0.170000002 19.9019489 14.2285509 -0.170000002 19.9019489 14.2285509 -0.870000005 19.3722458 16.4761543 -0.170000002 19.7245922 15.4403791 -0.870000005 19.3722458 16.4761543 -0.870000005 19.3722458 16.4761543 -0.170000002 19.7245922 15.4403791 -0.170000002 19.7245922 15.4403791 -0.870000005 18.8321609 17.4230003 -0.170000002 19.3722458 16.4761543 -0.870000005 18.8321609 17.4230003 -0.870000005 18.8321609 17.4230003 -0.170000002 19.3722458 16.4761543 -0.170000002 19.3722458 16.4761543 -0.870000005 18.0334969 18.3376122 -0.870000005 18.8321609 17.4230003 -0.170000002 18.8321609 17.4230003 -0.870000005 18.0334969 18.3376122 -0.170000002 18.8321609 17.4230003 -0.170000002 18.0334969 18.3376122 -0.870000005 16.9601479 19.1262627 -0.170000002 18.0334969 18.3376122 -0.870000005 16.9601479 19.1262627 -0.870000005 16.9601479 19.1262627 -0.170000002 18.0334969 18.3376122 -0.170000002 18.0334969 18.3376122 -0.870000005 15.7980909 19.6272182 -0.170000002 16.9601479 19.1262627 -0.870000005 15.7980909 19.6272182 -0.870000005 15.7980909 19.6272182 -0.170000002 16.9601479 19.1262627 -0.170000002 16.9601479 19.1262627 -0.870000005 14.8763065 19.8335323 -0.170000002 15.7980909 19.6272182 -0.870000005 14.8763065 19.8335323 -0.870000005 14.8763065 19.8335323 -0.170000002 15.7980909 19.6272182 -0.170000002 15.7980909 19.6272182 -0.870000005 13 19.9300003 -0.870000005 14.8763065 19.8335323 -0.170000002 14.8763065 19.8335323 -0.870000005 13 19.9300003 -0.170000002 14.8763065 19.8335323 -0.170000002 13 19.9300003 -0.870000005 19.9300003 13 -0.870000005 19.9300003 13 -0.170000002 19.9300003 -13 -0.170000002 19.9300003 13 -0.870000005 19.9300003 -13 -0.170000002 19.9300003 -13 -0.870000005 17.9699116 -18.2600899 -0.0700000003 15.7589331 -19.5346165 -0.0700000003 16.9058533 -19.0420647 -0.0700000003 18.7574596 -17.3555641 -0.0700000003 19.633152 -15.3928785 -0.0700000003 17.9699116 -18.2600899 -0.0700000003 19.2887077 -16.4182682 -0.0700000003 19.633152 -15.3928785 -0.0700000003 18.7574596 -17.3555641 -0.0700000003 17.9699116 -18.2600899 -0.0700000003 19.633152 -15.3928785 -0.0700000003 15.7589331 -19.5346165 -0.0700000003 19.633152 -15.3928785 -0.0700000003 14.8510275 -19.7360306 -0.0700000003 15.7589331 -19.5346165 -0.0700000003 19.633152 -15.3928785 -0.0700000003 19.8033066 -14.2045469 -0.0700000003 14.8510275 -19.7360306 -0.0700000003 19.8299999 -13 -0.0700000003 13 -19.8299999 -0.0700000003 19.8033066 -14.2045469 -0.0700000003 19.8033066 -14.2045469 -0.0700000003 13 -19.8299999 -0.0700000003 14.8510275 -19.7360306 -0.0700000003 19.8299999 -13 -0.0700000003 19.8299999 13 -0.0700000003 13 -19.8299999 -0.0700000003 -15.3928785 -19.633152 -0.0700000003 -17.3555641 -18.7574596 -0.0700000003 -16.4182682 -19.2887077 -0.0700000003 19.0420647 16.9058533 -0.0700000003 18.2600899 17.9699116 -0.0700000003 19.5346165 15.7589331 -0.0700000003 -15.3928785 -19.633152 -0.0700000003 -18.2600899 -17.9699116 -0.0700000003 -17.3555641 -18.7574596 -0.0700000003 -18.2600899 -17.9699116 -0.0700000003 -19.5346165 -15.7589331 -0.0700000003 -19.0420647 -16.9058533 -0.0700000003 -15.3928785 -19.633152 -0.0700000003 -19.5346165 -15.7589331 -0.0700000003 -18.2600899 -17.9699116 -0.0700000003 19.5346165 15.7589331 -0.0700000003 15.3928785 19.633152 -0.0700000003 19.7360306 14.8510275 -0.0700000003 17.3555641 18.7574596 -0.0700000003 15.3928785 19.633152 -0.0700000003 18.2600899 17.9699116 -0.0700000003 16.4182682 19.2887077 -0.0700000003 15.3928785 19.633152 -0.0700000003 17.3555641 18.7574596 -0.0700000003 18.2600899 17.9699116 -0.0700000003 15.3928785 19.633152 -0.0700000003 19.5346165 15.7589331 -0.0700000003 -14.2045469 -19.8033066 -0.0700000003 -19.7360306 -14.8510275 -0.0700000003 -15.3928785 -19.633152 -0.0700000003 -15.3928785 -19.633152 -0.0700000003 -19.7360306 -14.8510275 -0.0700000003 -19.5346165 -15.7589331 -0.0700000003 19.7360306 14.8510275 -0.0700000003 14.2045469 19.8033066 -0.0700000003 19.8299999 13 -0.0700000003 15.3928785 19.633152 -0.0700000003 14.2045469 19.8033066 -0.0700000003 19.7360306 14.8510275 -0.0700000003 19.8299999 13 -0.0700000003 13 19.8299999 -0.0700000003 13 -19.8299999 -0.0700000003 14.2045469 19.8033066 -0.0700000003 13 19.8299999 -0.0700000003 19.8299999 13 -0.0700000003 -13 -19.8299999 -0.0700000003 -19.8299999 -13 -0.0700000003 -14.2045469 -19.8033066 -0.0700000003 -14.2045469 -19.8033066 -0.0700000003 -19.8299999 -13 -0.0700000003 -19.7360306 -14.8510275 -0.0700000003 13 -19.8299999 -0.0700000003 -13 19.8299999 -0.0700000003 -13 -19.8299999 -0.0700000003 13 19.8299999 -0.0700000003 -13 19.8299999 -0.0700000003 13 -19.8299999 -0.0700000003 -13 19.8299999 -0.0700000003 -19.8299999 13 -0.0700000003 -13 -19.8299999 -0.0700000003 -13 -19.8299999 -0.0700000003 -19.8299999 13 -0.0700000003 -19.8299999 -13 -0.0700000003 -13 19.8299999 -0.0700000003 -19.8033066 14.2045469 -0.0700000003 -19.8299999 13 -0.0700000003 -13 19.8299999 -0.0700000003 -14.8510275 19.7360306 -0.0700000003 -19.8033066 14.2045469 -0.0700000003 -14.8510275 19.7360306 -0.0700000003 -19.633152 15.3928785 -0.0700000003 -19.8033066 14.2045469 -0.0700000003 -14.8510275 19.7360306 -0.0700000003 -15.7589331 19.5346165 -0.0700000003 -19.633152 15.3928785 -0.0700000003 -19.633152 15.3928785 -0.0700000003 -18.7574596 17.3555641 -0.0700000003 -19.2887077 16.4182682 -0.0700000003 -15.7589331 19.5346165 -0.0700000003 -17.9699116 18.2600899 -0.0700000003 -19.633152 15.3928785 -0.0700000003 -19.633152 15.3928785 -0.0700000003 -17.9699116 18.2600899 -0.0700000003 -18.7574596 17.3555641 -0.0700000003 -16.9058533 19.0420647 -0.0700000003 -17.9699116 18.2600899 -0.0700000003 -15.7589331 19.5346165 -0.0700000003 -19.9019489 -14.2285509 -0.170000002 -19.8299999 -13 -0.0700000003 -19.9300003 -13 -0.170000002 -19.7360306 -14.8510275 -0.0700000003 -19.8299999 -13 -0.0700000003 -19.9019489 -14.2285509 -0.170000002 -19.7245922 -15.4403791 -0.170000002 -19.7360306 -14.8510275 -0.0700000003 -19.9019489 -14.2285509 -0.170000002 -19.5346165 -15.7589331 -0.0700000003 -19.7360306 -14.8510275 -0.0700000003 -19.7245922 -15.4403791 -0.170000002 -19.3722458 -16.4761543 -0.170000002 -19.5346165 -15.7589331 -0.0700000003 -19.7245922 -15.4403791 -0.170000002 -19.0420647 -16.9058533 -0.0700000003 -19.5346165 -15.7589331 -0.0700000003 -19.3722458 -16.4761543 -0.170000002 -18.8321609 -17.4230003 -0.170000002 -19.0420647 -16.9058533 -0.0700000003 -19.3722458 -16.4761543 -0.170000002 -18.2600899 -17.9699116 -0.0700000003 -19.0420647 -16.9058533 -0.0700000003 -18.8321609 -17.4230003 -0.170000002 -18.0334969 -18.3376122 -0.170000002 -18.2600899 -17.9699116 -0.0700000003 -18.8321609 -17.4230003 -0.170000002 -17.3555641 -18.7574596 -0.0700000003 -18.2600899 -17.9699116 -0.0700000003 -18.0334969 -18.3376122 -0.170000002 -16.9601479 -19.1262627 -0.170000002 -17.3555641 -18.7574596 -0.0700000003 -18.0334969 -18.3376122 -0.170000002 -16.4182682 -19.2887077 -0.0700000003 -17.3555641 -18.7574596 -0.0700000003 -16.9601479 -19.1262627 -0.170000002 -15.7980909 -19.6272182 -0.170000002 -16.4182682 -19.2887077 -0.0700000003 -16.9601479 -19.1262627 -0.170000002 -15.3928785 -19.633152 -0.0700000003 -16.4182682 -19.2887077 -0.0700000003 -15.7980909 -19.6272182 -0.170000002 -14.8763065 -19.8335323 -0.170000002 -15.3928785 -19.633152 -0.0700000003 -15.7980909 -19.6272182 -0.170000002 -14.2045469 -19.8033066 -0.0700000003 -15.3928785 -19.633152 -0.0700000003 -14.8763065 -19.8335323 -0.170000002 -13 -19.9300003 -0.170000002 -13 -19.8299999 -0.0700000003 -14.2045469 -19.8033066 -0.0700000003 -13 -19.9300003 -0.170000002 -14.2045469 -19.8033066 -0.0700000003 -14.8763065 -19.8335323 -0.170000002 -13 -19.8299999 -0.0700000003 13 -19.9300003 -0.170000002 13 -19.8299999 -0.0700000003 -13 -19.9300003 -0.170000002 13 -19.9300003 -0.170000002 -13 -19.8299999 -0.0700000003 -19.9300003 13 -0.170000002 -19.9300003 -13 -0.170000002 -19.8299999 -13 -0.0700000003 -19.9300003 13 -0.170000002 -19.8299999 -13 -0.0700000003 -19.8299999 13 -0.0700000003 14.2285509 -19.9019489 -0.170000002 13 -19.8299999 -0.0700000003 13 -19.9300003 -0.170000002 14.8510275 -19.7360306 -0.0700000003 13 -19.8299999 -0.0700000003 14.2285509 -19.9019489 -0.170000002 15.4403791 -19.7245922 -0.170000002 14.8510275 -19.7360306 -0.0700000003 14.2285509 -19.9019489 -0.170000002 15.7589331 -19.5346165 -0.0700000003 14.8510275 -19.7360306 -0.0700000003 15.4403791 -19.7245922 -0.170000002 16.4761543 -19.3722458 -0.170000002 15.7589331 -19.5346165 -0.0700000003 15.4403791 -19.7245922 -0.170000002 16.9058533 -19.0420647 -0.0700000003 15.7589331 -19.5346165 -0.0700000003 16.4761543 -19.3722458 -0.170000002 17.4230003 -18.8321609 -0.170000002 16.9058533 -19.0420647 -0.0700000003 16.4761543 -19.3722458 -0.170000002 17.9699116 -18.2600899 -0.0700000003 16.9058533 -19.0420647 -0.0700000003 17.4230003 -18.8321609 -0.170000002 18.3376122 -18.0334969 -0.170000002 17.9699116 -18.2600899 -0.0700000003 17.4230003 -18.8321609 -0.170000002 18.7574596 -17.3555641 -0.0700000003 17.9699116 -18.2600899 -0.0700000003 18.3376122 -18.0334969 -0.170000002 19.1262627 -16.9601479 -0.170000002 18.7574596 -17.3555641 -0.0700000003 18.3376122 -18.0334969 -0.170000002 19.2887077 -16.4182682 -0.0700000003 18.7574596 -17.3555641 -0.0700000003 19.1262627 -16.9601479 -0.170000002 19.6272182 -15.7980909 -0.170000002 19.2887077 -16.4182682 -0.0700000003 19.1262627 -16.9601479 -0.170000002 19.633152 -15.3928785 -0.0700000003 19.2887077 -16.4182682 -0.0700000003 19.6272182 -15.7980909 -0.170000002 19.8335323 -14.8763065 -0.170000002 19.633152 -15.3928785 -0.0700000003 19.6272182 -15.7980909 -0.170000002 19.8033066 -14.2045469 -0.0700000003 19.633152 -15.3928785 -0.0700000003 19.8335323 -14.8763065 -0.170000002 19.9300003 -13 -0.170000002 19.8299999 -13 -0.0700000003 19.8033066 -14.2045469 -0.0700000003 19.9300003 -13 -0.170000002 19.8033066 -14.2045469 -0.0700000003 19.8335323 -14.8763065 -0.170000002 -14.2285509 19.9019489 -0.170000002 -13 19.8299999 -0.0700000003 -13 19.9300003 -0.170000002 -14.8510275 19.7360306 -0.0700000003 -13 19.8299999 -0.0700000003 -14.2285509 19.9019489 -0.170000002 -15.4403791 19.7245922 -0.170000002 -14.8510275 19.7360306 -0.0700000003 -14.2285509 19.9019489 -0.170000002 -15.7589331 19.5346165 -0.0700000003 -14.8510275 19.7360306 -0.0700000003 -15.4403791 19.7245922 -0.170000002 -16.4761543 19.3722458 -0.170000002 -15.7589331 19.5346165 -0.0700000003 -15.4403791 19.7245922 -0.170000002 -16.9058533 19.0420647 -0.0700000003 -15.7589331 19.5346165 -0.0700000003 -16.4761543 19.3722458 -0.170000002 -17.4230003 18.8321609 -0.170000002 -16.9058533 19.0420647 -0.0700000003 -16.4761543 19.3722458 -0.170000002 -17.9699116 18.2600899 -0.0700000003 -16.9058533 19.0420647 -0.0700000003 -17.4230003 18.8321609 -0.170000002 -18.3376122 18.0334969 -0.170000002 -17.9699116 18.2600899 -0.0700000003 -17.4230003 18.8321609 -0.170000002 -18.7574596 17.3555641 -0.0700000003 -17.9699116 18.2600899 -0.0700000003 -18.3376122 18.0334969 -0.170000002 -19.1262627 16.9601479 -0.170000002 -18.7574596 17.3555641 -0.0700000003 -18.3376122 18.0334969 -0.170000002 -19.2887077 16.4182682 -0.0700000003 -18.7574596 17.3555641 -0.0700000003 -19.1262627 16.9601479 -0.170000002 -19.6272182 15.7980909 -0.170000002 -19.2887077 16.4182682 -0.0700000003 -19.1262627 16.9601479 -0.170000002 -19.633152 15.3928785 -0.0700000003 -19.2887077 16.4182682 -0.0700000003 -19.6272182 15.7980909 -0.170000002 -19.8335323 14.8763065 -0.170000002 -19.633152 15.3928785 -0.0700000003 -19.6272182 15.7980909 -0.170000002 -19.8033066 14.2045469 -0.0700000003 -19.633152 15.3928785 -0.0700000003 -19.8335323 14.8763065 -0.170000002 -19.9300003 13 -0.170000002 -19.8299999 13 -0.0700000003 -19.8033066 14.2045469 -0.0700000003 -19.9300003 13 -0.170000002 -19.8033066 14.2045469 -0.0700000003 -19.8335323 14.8763065 -0.170000002 19.8299999 -13 -0.0700000003 19.9300003 13 -0.170000002 19.8299999 13 -0.0700000003 19.9300003 -13 -0.170000002 19.9300003 13 -0.170000002 19.8299999 -13 -0.0700000003 13 19.9300003 -0.170000002 -13 19.9300003 -0.170000002 -13 19.8299999 -0.0700000003 13 19.9300003 -0.170000002 -13 19.8299999 -0.0700000003 13 19.8299999 -0.0700000003 19.9019489 14.2285509 -0.170000002 19.8299999 13 -0.0700000003 19.9300003 13 -0.170000002 19.7360306 14.8510275 -0.0700000003 19.8299999 13 -0.0700000003 19.9019489 14.2285509 -0.170000002 19.7245922 15.4403791 -0.170000002 19.7360306 14.8510275 -0.0700000003 19.9019489 14.2285509 -0.170000002 19.5346165 15.7589331 -0.0700000003 19.7360306 14.8510275 -0.0700000003 19.7245922 15.4403791 -0.170000002 19.3722458 16.4761543 -0.170000002 19.5346165 15.7589331 -0.0700000003 19.7245922 15.4403791 -0.170000002 19.0420647 16.9058533 -0.0700000003 19.5346165 15.7589331 -0.0700000003 19.3722458 16.4761543 -0.170000002 18.8321609 17.4230003 -0.170000002 19.0420647 16.9058533 -0.0700000003 19.3722458 16.4761543 -0.170000002 18.2600899 17.9699116 -0.0700000003 19.0420647 16.9058533 -0.0700000003 18.8321609 17.4230003 -0.170000002 18.0334969 18.3376122 -0.170000002 18.2600899 17.9699116 -0.0700000003 18.8321609 17.4230003 -0.170000002 17.3555641 18.7574596 -0.0700000003 18.2600899 17.9699116 -0.0700000003 18.0334969 18.3376122 -0.170000002 16.9601479 19.1262627 -0.170000002 17.3555641 18.7574596 -0.0700000003 18.0334969 18.3376122 -0.170000002 16.4182682 19.2887077 -0.0700000003 17.3555641 18.7574596 -0.0700000003 16.9601479 19.1262627 -0.170000002 15.7980909 19.6272182 -0.170000002 16.4182682 19.2887077 -0.0700000003 16.9601479 19.1262627 -0.170000002 15.3928785 19.633152 -0.0700000003 16.4182682 19.2887077 -0.0700000003 15.7980909 19.6272182 -0.170000002 14.8763065 19.8335323 -0.170000002 15.3928785 19.633152 -0.0700000003 15.7980909 19.6272182 -0.170000002 14.2045469 19.8033066 -0.0700000003 15.3928785 19.633152 -0.0700000003 14.8763065 19.8335323 -0.170000002 13 19.9300003 -0.170000002 13 19.8299999 -0.0700000003 14.2045469 19.8033066 -0.0700000003 13 19.9300003 -0.170000002 14.2045469 19.8033066 -0.0700000003 14.8763065 19.8335323 -0.170000002 8.75 8.67361738e-16 -23 8.78632259 0.299144566 -23 8.75 8.67361738e-16 -17.5 8.75 8.67361738e-16 -17.5 8.78632259 0.299144566 -23 8.78632259 0.299144566 -17.5 8.78632259 0.299144566 -17.5 8.89317989 0.580903947 -23 8.89317989 0.580903947 -17.5 8.78632259 0.299144566 -23 8.89317989 0.580903947 -23 8.78632259 0.299144566 -17.5 8.89317989 0.580903947 -17.5 9.06436157 0.828903317 -23 9.06436157 0.828903317 -17.5 9.06436157 0.828903317 -17.5 9.06436157 0.828903317 -23 9.2899189 1.0287298 -17.5 8.89317989 0.580903947 -23 9.06436157 0.828903317 -23 8.89317989 0.580903947 -17.5 9.06436157 0.828903317 -23 9.2899189 1.0287298 -23 9.2899189 1.0287298 -17.5 9.2899189 1.0287298 -17.5 9.55674362 1.16877031 -23 9.55674362 1.16877031 -17.5 9.55674362 1.16877031 -17.5 9.55674362 1.16877031 -23 9.84932899 1.24088609 -17.5 9.2899189 1.0287298 -23 9.55674362 1.16877031 -23 9.2899189 1.0287298 -17.5 9.84932899 1.24088609 -17.5 9.84932899 1.24088609 -23 10.150671 1.24088609 -17.5 9.55674362 1.16877031 -23 9.84932899 1.24088609 -23 9.84932899 1.24088609 -17.5 9.84932899 1.24088609 -23 10.150671 1.24088609 -23 10.150671 1.24088609 -17.5 10.150671 1.24088609 -17.5 10.4432564 1.16877031 -23 10.4432564 1.16877031 -17.5 10.150671 1.24088609 -23 10.4432564 1.16877031 -23 10.150671 1.24088609 -17.5 10.4432564 1.16877031 -17.5 10.7100811 1.0287298 -23 10.7100811 1.0287298 -17.5 10.4432564 1.16877031 -23 10.7100811 1.0287298 -23 10.4432564 1.16877031 -17.5 10.7100811 1.0287298 -17.5 10.9356384 0.828903317 -23 10.9356384 0.828903317 -17.5 10.9356384 0.828903317 -17.5 10.9356384 0.828903317 -23 11.1068201 0.580903947 -17.5 10.7100811 1.0287298 -23 10.9356384 0.828903317 -23 10.7100811 1.0287298 -17.5 10.9356384 0.828903317 -23 11.1068201 0.580903947 -23 11.1068201 0.580903947 -17.5 11.1068201 0.580903947 -17.5 11.2136774 0.299144566 -23 11.2136774 0.299144566 -17.5 11.1068201 0.580903947 -23 11.2136774 0.299144566 -23 11.1068201 0.580903947 -17.5 11.2136774 0.299144566 -17.5 11.25 1.02044261e-15 -23 11.25 1.02044261e-15 -17.5 11.2136774 0.299144566 -23 11.25 1.02044261e-15 -23 11.2136774 0.299144566 -17.5 9.2899189 -1.0287298 -17.5 9.84932899 -1.24088609 -17.5 9.55674362 -1.16877031 -17.5 10.4432564 1.16877031 -17.5 10.7100811 1.0287298 -17.5 10.9356384 0.828903317 -17.5 10.150671 1.24088609 -17.5 10.9356384 0.828903317 -17.5 11.1068201 0.580903947 -17.5 10.150671 1.24088609 -17.5 10.4432564 1.16877031 -17.5 10.9356384 0.828903317 -17.5 8.75 8.67361738e-16 -17.5 9.2899189 -1.0287298 -17.5 9.06436157 -0.828903317 -17.5 8.75 8.67361738e-16 -17.5 9.06436157 -0.828903317 -17.5 8.89317989 -0.580903947 -17.5 8.75 8.67361738e-16 -17.5 8.89317989 -0.580903947 -17.5 8.78632259 -0.299144566 -17.5 9.06436157 0.828903317 -17.5 8.75 8.67361738e-16 -17.5 8.78632259 0.299144566 -17.5 9.06436157 0.828903317 -17.5 8.78632259 0.299144566 -17.5 8.89317989 0.580903947 -17.5 9.06436157 0.828903317 -17.5 9.2899189 1.0287298 -17.5 9.55674362 1.16877031 -17.5 9.06436157 0.828903317 -17.5 9.55674362 1.16877031 -17.5 9.84932899 1.24088609 -17.5 9.06436157 0.828903317 -17.5 9.84932899 1.24088609 -17.5 10.150671 1.24088609 -17.5 9.06436157 0.828903317 -17.5 11.1068201 0.580903947 -17.5 11.2136774 0.299144566 -17.5 9.06436157 0.828903317 -17.5 11.2136774 0.299144566 -17.5 11.25 1.02044261e-15 -17.5 9.06436157 0.828903317 -17.5 11.25 1.02044261e-15 -17.5 11.2136774 -0.299144566 -17.5 9.06436157 0.828903317 -17.5 11.2136774 -0.299144566 -17.5 11.1068201 -0.580903947 -17.5 9.06436157 0.828903317 -17.5 11.1068201 -0.580903947 -17.5 10.9356384 -0.828903317 -17.5 9.06436157 0.828903317 -17.5 10.9356384 -0.828903317 -17.5 10.7100811 -1.0287298 -17.5 9.06436157 0.828903317 -17.5 10.7100811 -1.0287298 -17.5 10.4432564 -1.16877031 -17.5 9.06436157 0.828903317 -17.5 10.4432564 -1.16877031 -17.5 10.150671 -1.24088609 -17.5 9.06436157 0.828903317 -17.5 10.150671 -1.24088609 -17.5 9.84932899 -1.24088609 -17.5 9.06436157 0.828903317 -17.5 9.2899189 -1.0287298 -17.5 8.75 8.67361738e-16 -17.5 9.06436157 0.828903317 -17.5 9.84932899 -1.24088609 -17.5 9.2899189 -1.0287298 -17.5 9.06436157 0.828903317 -17.5 10.150671 1.24088609 -17.5 11.1068201 0.580903947 -17.5 -11.25 8.67361738e-16 -23 -11.2136774 0.299144566 -23 -11.25 8.67361738e-16 -17.5 -11.25 8.67361738e-16 -17.5 -11.2136774 0.299144566 -23 -11.2136774 0.299144566 -17.5 -11.2136774 0.299144566 -17.5 -11.1068201 0.580903947 -23 -11.1068201 0.580903947 -17.5 -11.2136774 0.299144566 -23 -11.1068201 0.580903947 -23 -11.2136774 0.299144566 -17.5 -11.1068201 0.580903947 -17.5 -10.9356384 0.828903317 -23 -10.9356384 0.828903317 -17.5 -10.9356384 0.828903317 -17.5 -10.9356384 0.828903317 -23 -10.7100811 1.0287298 -17.5 -11.1068201 0.580903947 -23 -10.9356384 0.828903317 -23 -11.1068201 0.580903947 -17.5 -10.9356384 0.828903317 -23 -10.7100811 1.0287298 -23 -10.7100811 1.0287298 -17.5 -10.7100811 1.0287298 -17.5 -10.4432564 1.16877031 -23 -10.4432564 1.16877031 -17.5 -10.4432564 1.16877031 -17.5 -10.4432564 1.16877031 -23 -10.150671 1.24088609 -17.5 -10.7100811 1.0287298 -23 -10.4432564 1.16877031 -23 -10.7100811 1.0287298 -17.5 -10.150671 1.24088609 -17.5 -10.150671 1.24088609 -23 -9.84932899 1.24088609 -17.5 -10.4432564 1.16877031 -23 -10.150671 1.24088609 -23 -10.150671 1.24088609 -17.5 -10.150671 1.24088609 -23 -9.84932899 1.24088609 -23 -9.84932899 1.24088609 -17.5 -9.84932899 1.24088609 -17.5 -9.55674362 1.16877031 -23 -9.55674362 1.16877031 -17.5 -9.84932899 1.24088609 -23 -9.55674362 1.16877031 -23 -9.84932899 1.24088609 -17.5 -9.55674362 1.16877031 -17.5 -9.2899189 1.0287298 -23 -9.2899189 1.0287298 -17.5 -9.55674362 1.16877031 -23 -9.2899189 1.0287298 -23 -9.55674362 1.16877031 -17.5 -9.2899189 1.0287298 -17.5 -9.06436157 0.828903317 -23 -9.06436157 0.828903317 -17.5 -9.06436157 0.828903317 -17.5 -9.06436157 0.828903317 -23 -8.89317989 0.580903947 -17.5 -9.2899189 1.0287298 -23 -9.06436157 0.828903317 -23 -9.2899189 1.0287298 -17.5 -9.06436157 0.828903317 -23 -8.89317989 0.580903947 -23 -8.89317989 0.580903947 -17.5 -8.89317989 0.580903947 -17.5 -8.78632259 0.299144566 -23 -8.78632259 0.299144566 -17.5 -8.89317989 0.580903947 -23 -8.78632259 0.299144566 -23 -8.89317989 0.580903947 -17.5 -8.78632259 0.299144566 -17.5 -8.75 1.02044261e-15 -23 -8.75 1.02044261e-15 -17.5 -8.78632259 0.299144566 -23 -8.75 1.02044261e-15 -23 -8.78632259 0.299144566 -17.5 -10.7100811 -1.0287298 -17.5 -10.150671 -1.24088609 -17.5 -10.4432564 -1.16877031 -17.5 -9.55674362 1.16877031 -17.5 -9.2899189 1.0287298 -17.5 -9.06436157 0.828903317 -17.5 -9.84932899 1.24088609 -17.5 -9.06436157 0.828903317 -17.5 -8.89317989 0.580903947 -17.5 -9.84932899 1.24088609 -17.5 -9.55674362 1.16877031 -17.5 -9.06436157 0.828903317 -17.5 -11.25 8.67361738e-16 -17.5 -10.7100811 -1.0287298 -17.5 -10.9356384 -0.828903317 -17.5 -11.25 8.67361738e-16 -17.5 -10.9356384 -0.828903317 -17.5 -11.1068201 -0.580903947 -17.5 -11.25 8.67361738e-16 -17.5 -11.1068201 -0.580903947 -17.5 -11.2136774 -0.299144566 -17.5 -10.9356384 0.828903317 -17.5 -11.25 8.67361738e-16 -17.5 -11.2136774 0.299144566 -17.5 -10.9356384 0.828903317 -17.5 -11.2136774 0.299144566 -17.5 -11.1068201 0.580903947 -17.5 -10.9356384 0.828903317 -17.5 -10.7100811 1.0287298 -17.5 -10.4432564 1.16877031 -17.5 -10.9356384 0.828903317 -17.5 -10.4432564 1.16877031 -17.5 -10.150671 1.24088609 -17.5 -10.9356384 0.828903317 -17.5 -10.150671 1.24088609 -17.5 -9.84932899 1.24088609 -17.5 -10.9356384 0.828903317 -17.5 -8.89317989 0.580903947 -17.5 -8.78632259 0.299144566 -17.5 -10.9356384 0.828903317 -17.5 -8.78632259 0.299144566 -17.5 -8.75 1.02044261e-15 -17.5 -10.9356384 0.828903317 -17.5 -8.75 1.02044261e-15 -17.5 -8.78632259 -0.299144566 -17.5 -10.9356384 0.828903317 -17.5 -8.78632259 -0.299144566 -17.5 -8.89317989 -0.580903947 -17.5 -10.9356384 0.828903317 -17.5 -8.89317989 -0.580903947 -17.5 -9.06436157 -0.828903317 -17.5 -10.9356384 0.828903317 -17.5 -9.06436157 -0.828903317 -17.5 -9.2899189 -1.0287298 -17.5 -10.9356384 0.828903317 -17.5 -9.2899189 -1.0287298 -17.5 -9.55674362 -1.16877031 -17.5 -10.9356384 0.828903317 -17.5 -9.55674362 -1.16877031 -17.5 -9.84932899 -1.24088609 -17.5 -10.9356384 0.828903317 -17.5 -9.84932899 -1.24088609 -17.5 -10.150671 -1.24088609 -17.5 -10.9356384 0.828903317 -17.5 -10.7100811 -1.0287298 -17.5 -11.25 8.67361738e-16 -17.5 -10.9356384 0.828903317 -17.5 -10.150671 -1.24088609 -17.5 -10.7100811 -1.0287298 -17.5 -10.9356384 0.828903317 -17.5 -9.84932899 1.24088609 -17.5 -8.89317989 0.580903947 -17.5 </float_array>
          <technique_common>
            <accessor count="11676" offset="0" source="#mesh_0-positions-array" stride="3">
              <param name="X" type="float" />
              <param name="Y" type="float" />
              <param name="Z" type="float" />
            </accessor>
          </technique_common>
        </source>
        <source id="mesh_0-normals" name="mesh_0-normals">
          <float_array id="mesh_0-normals-array" count="35028"> -0.992708921 0.120536238 0 -0.992708921 0.120536238 0 -0.992708921 0.120536238 0 -0.992708921 0.120536238 0 -0.992708921 0.120536238 0 -0.992708921 0.120536238 0 -0.935016155 0.354605049 0 -0.935016155 0.354605049 0 -0.935016155 0.354605049 0 -0.935016155 0.354605049 0 -0.935016155 0.354605049 0 -0.935016155 0.354605049 0 -0.822983742 0.568064928 0 -0.822983742 0.568064928 0 -0.822983742 0.568064928 0 -0.822983742 0.568064928 0 -0.822983742 0.568064928 0 -0.822983742 0.568064928 0 -0.663122892 0.74851054 0 -0.663122892 0.74851054 0 -0.663122892 0.74851054 0 -0.663122892 0.74851054 0 -0.663122892 0.74851054 0 -0.663122892 0.74851054 0 -0.464723438 0.885455906 0 -0.464723438 0.885455906 0 -0.464723438 0.885455906 0 -0.464723438 0.885455906 0 -0.464723438 0.885455906 0 -0.464723438 0.885455906 0 -0.239315554 0.970941901 0 -0.239315554 0.970941901 0 -0.239315554 0.970941901 0 -0.239315554 0.970941901 0 -0.239315554 0.970941901 0 -0.239315554 0.970941901 0 0 1 0 0 1 0 0 1 0 0 1 -0 0 1 -0 0 1 -0 0.239315554 0.970941901 0 0.239315554 0.970941901 0 0.239315554 0.970941901 0 0.239315554 0.970941901 -0 0.239315554 0.970941901 -0 0.239315554 0.970941901 -0 0.464723438 0.885455906 0 0.464723438 0.885455906 0 0.464723438 0.885455906 0 0.464723438 0.885455906 -0 0.464723438 0.885455906 -0 0.464723438 0.885455906 -0 0.663122892 0.74851054 0 0.663122892 0.74851054 0 0.663122892 0.74851054 0 0.822983742 0.568064928 0 0.822983742 0.568064928 0 0.822983742 0.568064928 0 0.663122892 0.74851054 -0 0.663122892 0.74851054 -0 0.663122892 0.74851054 -0 0.822983742 0.568064928 0 0.822983742 0.568064928 0 0.822983742 0.568064928 0 0.935016155 0.354605049 0 0.935016155 0.354605049 0 0.935016155 0.354605049 0 0.935016155 0.354605049 -0 0.935016155 0.354605049 -0 0.935016155 0.354605049 -0 0.992708921 0.120536238 0 0.992708921 0.120536238 0 0.992708921 0.120536238 0 0.992708921 0.120536238 -0 0.992708921 0.120536238 -0 0.992708921 0.120536238 -0 -0.992708921 0.120536238 0 -0.992708921 0.120536238 0 -0.992708921 0.120536238 0 -0.992708921 0.120536238 0 -0.992708921 0.120536238 0 -0.992708921 0.120536238 0 -0.935016155 0.354605049 0 -0.935016155 0.354605049 0 -0.935016155 0.354605049 0 -0.935016155 0.354605049 0 -0.935016155 0.354605049 0 -0.935016155 0.354605049 0 -0.822983742 0.568064928 0 -0.822983742 0.568064928 0 -0.822983742 0.568064928 0 -0.822983742 0.568064928 0 -0.822983742 0.568064928 0 -0.822983742 0.568064928 0 -0.663122892 0.74851054 0 -0.663122892 0.74851054 0 -0.663122892 0.74851054 0 -0.663122892 0.74851054 0 -0.663122892 0.74851054 0 -0.663122892 0.74851054 0 -0.464723438 0.885455906 0 -0.464723438 0.885455906 0 -0.464723438 0.885455906 0 -0.464723438 0.885455906 0 -0.464723438 0.885455906 0 -0.464723438 0.885455906 0 -0.239315554 0.970941901 0 -0.239315554 0.970941901 0 -0.239315554 0.970941901 0 -0.239315554 0.970941901 0 -0.239315554 0.970941901 0 -0.239315554 0.970941901 0 0 1 0 0 1 0 0 1 0 0 1 -0 0 1 -0 0 1 -0 0.239315554 0.970941901 0 0.239315554 0.970941901 0 0.239315554 0.970941901 0 0.239315554 0.970941901 -0 0.239315554 0.970941901 -0 0.239315554 0.970941901 -0 0.464723438 0.885455906 0 0.464723438 0.885455906 0 0.464723438 0.885455906 0 0.464723438 0.885455906 -0 0.464723438 0.885455906 -0 0.464723438 0.885455906 -0 0.663122892 0.74851054 0 0.663122892 0.74851054 0 0.663122892 0.74851054 0 0.822983742 0.568064928 0 0.822983742 0.568064928 0 0.822983742 0.568064928 0 0.663122892 0.74851054 -0 0.663122892 0.74851054 -0 0.663122892 0.74851054 -0 0.822983742 0.568064928 0 0.822983742 0.568064928 0 0.822983742 0.568064928 0 0.935016155 0.354605049 0 0.935016155 0.354605049 0 0.935016155 0.354605049 0 0.935016155 0.354605049 -0 0.935016155 0.354605049 -0 0.935016155 0.354605049 -0 0.992708921 0.120536238 0 0.992708921 0.120536238 0 0.992708921 0.120536238 0 0.992708921 0.120536238 -0 0.992708921 0.120536238 -0 0.992708921 0.120536238 -0 0.704516351 0.0855432749 -0.704513371 0.704516351 0.0855432749 -0.704513371 0.704516351 0.0855432749 -0.704513371 0.704516709 0.0855439529 -0.704512894 0.704516709 0.0855439529 -0.704512894 0.704516709 0.0855439529 -0.704512894 0.704516172 0.251657307 -0.663570285 0.704516172 0.251657307 -0.663570285 0.704516172 0.251657307 -0.663570285 0.704516351 0.251657575 -0.663569987 0.704516351 0.251657575 -0.663569987 0.704516351 0.251657575 -0.663569987 0.704514742 0.403148741 -0.584063411 0.704514742 0.403148741 -0.584063411 0.704514742 0.403148741 -0.584063411 0.704516292 0.403150409 -0.584060311 0.704516292 0.403150409 -0.584060311 0.704516292 0.403150409 -0.584060311 0.704515517 0.531210005 -0.470610172 0.704515517 0.531210005 -0.470610172 0.704515517 0.531210005 -0.470610172 0.704514802 0.531209588 -0.470611602 0.704514802 0.531209588 -0.470611602 0.704514802 0.531209588 -0.470611602 0.704515755 0.628398538 -0.329807192 0.704515755 0.628398538 -0.329807192 0.704515755 0.628398538 -0.329807192 0.704515278 0.628398478 -0.329808325 0.704515278 0.628398478 -0.329808325 0.704515278 0.628398478 -0.329808325 0.704516053 0.689065278 -0.169841364 0.704516053 0.689065278 -0.169841364 0.704516053 0.689065278 -0.169841364 0.704516053 0.689065337 -0.169841424 0.704516053 0.689065337 -0.169841424 0.704516053 0.689065337 -0.169841424 0.704515517 0.709688604 0 0.704515517 0.709688604 0 0.704515517 0.709688604 0 0.704515278 0.689065695 0.169843212 0.704515278 0.689065695 0.169843212 0.704515278 0.689065695 0.169843212 0.704515517 0.709688485 0 0.704515517 0.709688485 0 0.704515517 0.709688485 0 0.704516709 0.68906498 0.169839978 0.704516709 0.68906498 0.169839978 0.704516709 0.68906498 0.169839978 0.704514384 0.628400505 0.329806387 0.704514384 0.628400505 0.329806387 0.704514384 0.628400505 0.329806387 0.704517007 0.628395796 0.329809785 0.704517007 0.628395796 0.329809785 0.704517007 0.628395796 0.329809785 0.704515874 0.531208158 0.470611632 0.704515874 0.531208158 0.470611632 0.704515874 0.531208158 0.470611632 0.704514444 0.531211019 0.47061041 0.704514444 0.531211019 0.47061041 0.704514444 0.531211019 0.47061041 0.704517841 0.403146982 0.584060907 0.704517841 0.403146982 0.584060907 0.704517841 0.403146982 0.584060907 0.704516172 0.403150499 0.584060431 0.704516172 0.403150499 0.584060431 0.704516172 0.403150499 0.584060431 0.704513133 0.251664519 0.663570762 0.704513133 0.251664519 0.663570762 0.704513133 0.251664519 0.663570762 0.704517484 0.251654774 0.663569808 0.704517484 0.251654774 0.663569808 0.704517484 0.251654774 0.663569808 0.704514802 0.0855441913 0.704514861 0.704514802 0.0855441913 0.704514861 0.704514802 0.0855441913 0.704514861 0.704513788 0.0855462924 0.704515517 0.704513788 0.0855462924 0.704515517 0.704513788 0.0855462924 0.704515517 0.704516351 0.0855432749 -0.704513371 0.704516351 0.0855432749 -0.704513371 0.704516351 0.0855432749 -0.704513371 0.704516709 0.0855439529 -0.704512894 0.704516709 0.0855439529 -0.704512894 0.704516709 0.0855439529 -0.704512894 0.704516172 0.251657307 -0.663570285 0.704516172 0.251657307 -0.663570285 0.704516172 0.251657307 -0.663570285 0.704516351 0.251657575 -0.663569987 0.704516351 0.251657575 -0.663569987 0.704516351 0.251657575 -0.663569987 0.704514742 0.403148741 -0.584063411 0.704514742 0.403148741 -0.584063411 0.704514742 0.403148741 -0.584063411 0.704516292 0.403150409 -0.584060311 0.704516292 0.403150409 -0.584060311 0.704516292 0.403150409 -0.584060311 0.704515517 0.531210005 -0.470610172 0.704515517 0.531210005 -0.470610172 0.704515517 0.531210005 -0.470610172 0.704514802 0.531209588 -0.470611602 0.704514802 0.531209588 -0.470611602 0.704514802 0.531209588 -0.470611602 0.704515755 0.628398538 -0.329807192 0.704515755 0.628398538 -0.329807192 0.704515755 0.628398538 -0.329807192 0.704515278 0.628398478 -0.329808325 0.704515278 0.628398478 -0.329808325 0.704515278 0.628398478 -0.329808325 0.704515278 0.689065993 -0.169841543 0.704515278 0.689065993 -0.169841543 0.704515278 0.689065993 -0.169841543 0.704515934 0.689065695 -0.169840127 0.704515934 0.689065695 -0.169840127 0.704515934 0.689065695 -0.169840127 0.704514802 0.709689319 0 0.704514802 0.709689319 0 0.704514802 0.709689319 0 0.704514503 0.68906641 0.169843391 0.704514503 0.68906641 0.169843391 0.704514503 0.68906641 0.169843391 0.704514802 0.709689319 0 0.704514802 0.709689319 0 0.704514802 0.709689319 0 0.704516709 0.689065397 0.169838697 0.704516709 0.689065397 0.169838697 0.704516709 0.689065397 0.169838697 0.704514384 0.628400505 0.329806387 0.704514384 0.628400505 0.329806387 0.704514384 0.628400505 0.329806387 0.704517007 0.628395796 0.329809785 0.704517007 0.628395796 0.329809785 0.704517007 0.628395796 0.329809785 0.704515874 0.531208158 0.470611632 0.704515874 0.531208158 0.470611632 0.704515874 0.531208158 0.470611632 0.704514444 0.531211019 0.47061041 0.704514444 0.531211019 0.47061041 0.704514444 0.531211019 0.47061041 0.704517841 0.403146982 0.584060907 0.704517841 0.403146982 0.584060907 0.704517841 0.403146982 0.584060907 0.704516172 0.403150499 0.584060431 0.704516172 0.403150499 0.584060431 0.704516172 0.403150499 0.584060431 0.704513133 0.251664519 0.663570762 0.704513133 0.251664519 0.663570762 0.704513133 0.251664519 0.663570762 0.704517484 0.251654774 0.663569808 0.704517484 0.251654774 0.663569808 0.704517484 0.251654774 0.663569808 0.704514802 0.0855441913 0.704514861 0.704514802 0.0855441913 0.704514861 0.704514802 0.0855441913 0.704514861 0.704513788 0.0855462924 0.704515517 0.704513788 0.0855462924 0.704515517 0.704513788 0.0855462924 0.704515517 0.0855434388 -0.704514861 -0.704514861 0.0855434388 -0.704514861 -0.704514861 0.0855434388 -0.704514861 -0.704514861 0.0855433047 -0.704514802 -0.70451498 0.0855433047 -0.704514802 -0.70451498 0.0855433047 -0.704514802 -0.70451498 0.251659453 -0.704514861 -0.663570881 0.251659453 -0.704514861 -0.663570881 0.251659453 -0.704514861 -0.663570881 0.251659393 -0.704514742 -0.66357106 0.251659393 -0.704514742 -0.66357106 0.251659393 -0.704514742 -0.66357106 0.403149426 -0.704514682 -0.584062994 0.403149426 -0.704514682 -0.584062994 0.403149426 -0.704514682 -0.584062994 0.403149486 -0.704514802 -0.584062755 0.403149486 -0.704514802 -0.584062755 0.403149486 -0.704514802 -0.584062755 0.531209826 -0.704515159 -0.470610827 0.531209826 -0.704515159 -0.470610827 0.531209826 -0.704515159 -0.470610827 0.531209767 -0.704514742 -0.470611364 0.531209767 -0.704514742 -0.470611364 0.531209767 -0.704514742 -0.470611364 0.628398716 -0.704514802 -0.32980904 0.628398716 -0.704514802 -0.32980904 0.628398716 -0.704514802 -0.32980904 0.628398657 -0.70451504 -0.329808593 0.628398657 -0.70451504 -0.329808593 0.628398657 -0.70451504 -0.329808593 0.689067066 -0.704514802 -0.169839934 0.689067066 -0.704514802 -0.169839934 0.689067066 -0.704514802 -0.169839934 0.689067006 -0.704514802 -0.169839889 0.689067006 -0.704514802 -0.169839889 0.689067006 -0.704514802 -0.169839889 0.709689319 -0.704514742 0 0.709689319 -0.704514742 0 0.709689319 -0.704514742 0 0.709689319 -0.704514742 0 0.709689319 -0.704514742 0 0.709689319 -0.704514742 0 0.689066947 -0.704514802 0.169839919 0.689066947 -0.704514802 0.169839919 0.689066947 -0.704514802 0.169839919 0.689067006 -0.704514742 0.169839889 0.689067006 -0.704514742 0.169839889 0.689067006 -0.704514742 0.169839889 0.628398478 -0.7045151 0.329808891 0.628398478 -0.7045151 0.329808891 0.628398478 -0.7045151 0.329808891 0.628398895 -0.704514861 0.329808712 0.628398895 -0.704514861 0.329808712 0.628398895 -0.704514861 0.329808712 0.531209826 -0.704515159 0.470610827 0.531209826 -0.704515159 0.470610827 0.531209826 -0.704515159 0.470610827 0.531209767 -0.704515159 0.470610708 0.531209767 -0.704515159 0.470610708 0.531209767 -0.704515159 0.470610708 0.403149396 -0.704514861 0.584062934 0.403149396 -0.704514861 0.584062934 0.403149396 -0.704514861 0.584062934 0.403148711 -0.704515219 0.584062755 0.403148711 -0.704515219 0.584062755 0.403148711 -0.704515219 0.584062755 0.251659304 -0.704515278 0.663570404 0.251659304 -0.704515278 0.663570404 0.251659304 -0.704515278 0.663570404 0.251659989 -0.704514921 0.663570702 0.251659989 -0.704514921 0.663570702 0.251659989 -0.704514921 0.663570702 0.0855441689 -0.704514861 0.704514861 0.0855441689 -0.704514861 0.704514861 0.0855441689 -0.704514861 0.704514861 0.0855433643 -0.704515398 0.704514265 0.0855433643 -0.704515398 0.704514265 0.0855433643 -0.704515398 0.704514265 0 0.120537519 -0.992708802 0 0.120537519 -0.992708802 0 0.120537519 -0.992708802 0 0.120537519 -0.992708802 0 0.120537519 -0.992708802 0 0.120537519 -0.992708802 0 0.354602814 -0.935017109 0 0.354602814 -0.935017109 0 0.354602814 -0.935017109 0 0.354602814 -0.935017109 0 0.354602814 -0.935017109 0 0.354602814 -0.935017109 0 0.568063617 -0.822984695 0 0.568063617 -0.822984695 0 0.568063617 -0.822984695 0 0.568063617 -0.822984695 0 0.568063617 -0.822984695 0 0.568063617 -0.822984695 0 0.748511374 -0.663122058 0 0.748511374 -0.663122058 0 0.748511374 -0.663122058 0 0.885457039 -0.464721173 0 0.885457039 -0.464721173 0 0.885457039 -0.464721173 0 0.748511374 -0.663122058 0 0.748511374 -0.663122058 0 0.748511374 -0.663122058 0 0.885457039 -0.464721173 0 0.885457039 -0.464721173 0 0.885457039 -0.464721173 0 0.970941126 -0.239318356 0 0.970941126 -0.239318356 0 0.970941126 -0.239318356 0 0.970941126 -0.239318356 0 0.970941126 -0.239318356 0 0.970941126 -0.239318356 0 1 0 0 1 0 0 1 0 0 1 0 0 1 0 0 1 0 0 0.97094065 0.239320666 0 0.97094065 0.239320666 0 0.97094065 0.239320666 0 0.97094065 0.239320666 0 0.97094065 0.239320666 0 0.97094065 0.239320666 0 0.885458112 0.464719176 0 0.885458112 0.464719176 0 0.885458112 0.464719176 -0 0.748509169 0.663124502 -0 0.748509169 0.663124502 -0 0.748509169 0.663124502 0 0.885458112 0.464719176 0 0.885458112 0.464719176 0 0.885458112 0.464719176 0 0.748509169 0.663124502 0 0.748509169 0.663124502 0 0.748509169 0.663124502 0 0.568063617 0.822984695 0 0.568063617 0.822984695 0 0.568063617 0.822984695 -0 0.354611456 0.935013771 -0 0.354611456 0.935013771 -0 0.354611456 0.935013771 0 0.568063617 0.822984695 0 0.568063617 0.822984695 0 0.568063617 0.822984695 0 0.354611456 0.935013771 0 0.354611456 0.935013771 0 0.354611456 0.935013771 0 0.120537519 0.992708802 0 0.120537519 0.992708802 0 0.120537519 0.992708802 0 0.120537519 0.992708802 0 0.120537519 0.992708802 0 0.120537519 0.992708802 0 0.120537519 -0.992708802 0 0.120537519 -0.992708802 0 0.120537519 -0.992708802 0 0.120537519 -0.992708802 0 0.120537519 -0.992708802 0 0.120537519 -0.992708802 0 0.354602814 -0.935017109 0 0.354602814 -0.935017109 0 0.354602814 -0.935017109 0 0.354602814 -0.935017109 0 0.354602814 -0.935017109 0 0.354602814 -0.935017109 0 0.568063617 -0.822984695 0 0.568063617 -0.822984695 0 0.568063617 -0.822984695 0 0.568063617 -0.822984695 0 0.568063617 -0.822984695 0 0.568063617 -0.822984695 0 0.748511374 -0.663122058 0 0.748511374 -0.663122058 0 0.748511374 -0.663122058 0 0.885457039 -0.464721173 0 0.885457039 -0.464721173 0 0.885457039 -0.464721173 0 0.748511374 -0.663122058 0 0.748511374 -0.663122058 0 0.748511374 -0.663122058 0 0.885457039 -0.464721173 0 0.885457039 -0.464721173 0 0.885457039 -0.464721173 0 0.970941126 -0.239318356 0 0.970941126 -0.239318356 0 0.970941126 -0.239318356 0 0.970941126 -0.239318356 0 0.970941126 -0.239318356 0 0.970941126 -0.239318356 0 1 0 0 1 0 0 1 0 0 1 0 0 1 0 0 1 0 0 0.97094065 0.239320666 0 0.97094065 0.239320666 0 0.97094065 0.239320666 0 0.97094065 0.239320666 0 0.97094065 0.239320666 0 0.97094065 0.239320666 0 0.885458112 0.464719176 0 0.885458112 0.464719176 0 0.885458112 0.464719176 -0 0.748509169 0.663124502 -0 0.748509169 0.663124502 -0 0.748509169 0.663124502 0 0.885458112 0.464719176 0 0.885458112 0.464719176 0 0.885458112 0.464719176 0 0.748509169 0.663124502 0 0.748509169 0.663124502 0 0.748509169 0.663124502 0 0.568063617 0.822984695 0 0.568063617 0.822984695 0 0.568063617 0.822984695 -0 0.354611456 0.935013771 -0 0.354611456 0.935013771 -0 0.354611456 0.935013771 0 0.568063617 0.822984695 0 0.568063617 0.822984695 0 0.568063617 0.822984695 0 0.354611456 0.935013771 0 0.354611456 0.935013771 0 0.354611456 0.935013771 0 0.120537519 0.992708802 0 0.120537519 0.992708802 0 0.120537519 0.992708802 0 0.120537519 0.992708802 0 0.120537519 0.992708802 0 0.120537519 0.992708802 0.120536268 0 -0.992708921 0.120536268 0 -0.992708921 0.120536268 0 -0.992708921 0.120536268 0 -0.992708921 0.120536268 0 -0.992708921 0.120536268 0 -0.992708921 0.354605168 0 -0.935016155 0.354605168 0 -0.935016155 0.354605168 0 -0.935016155 0.56806463 0 -0.822983921 0.56806463 0 -0.822983921 0.56806463 0 -0.822983921 0.354605168 0 -0.935016155 0.354605168 0 -0.935016155 0.354605168 0 -0.935016155 0.56806463 0 -0.822983921 0.56806463 0 -0.822983921 0.56806463 0 -0.822983921 0.748510778 0 -0.663122654 0.748510778 0 -0.663122654 0.748510778 0 -0.663122654 0.885456085 0 -0.46472311 0.885456085 0 -0.46472311 0.885456085 0 -0.46472311 0.748510778 0 -0.663122654 0.748510778 0 -0.663122654 0.748510778 0 -0.663122654 0.885456085 0 -0.46472311 0.885456085 0 -0.46472311 0.885456085 0 -0.46472311 0.970941782 0 -0.239315882 0.970941782 0 -0.239315882 0.970941782 0 -0.239315882 1 0 0 1 0 0 1 0 0 0.970941782 0 -0.239315882 0.970941782 0 -0.239315882 0.970941782 0 -0.239315882 1 0 0 1 0 0 1 0 0 0.970941782 0 0.239315882 0.970941782 0 0.239315882 0.970941782 0 0.239315882 0.970941782 -0 0.239315882 0.970941782 -0 0.239315882 0.970941782 -0 0.239315882 0.885456085 0 0.46472311 0.885456085 0 0.46472311 0.885456085 0 0.46472311 0.748510778 0 0.663122654 0.748510778 0 0.663122654 0.748510778 0 0.663122654 0.885456085 -0 0.46472311 0.885456085 -0 0.46472311 0.885456085 -0 0.46472311 0.56806463 0 0.822983921 0.56806463 0 0.822983921 0.56806463 0 0.822983921 0.748510778 0 0.663122654 0.748510778 0 0.663122654 0.748510778 0 0.663122654 0.354605168 0 0.935016155 0.354605168 0 0.935016155 0.354605168 0 0.935016155 0.56806463 0 0.822983921 0.56806463 0 0.822983921 0.56806463 0 0.822983921 0.354605168 0 0.935016155 0.354605168 0 0.935016155 0.354605168 0 0.935016155 0.120537497 0 0.992708802 0.120537497 0 0.992708802 0.120537497 0 0.992708802 0.120537497 -0 0.992708802 0.120537497 -0 0.992708802 0.120537497 -0 0.992708802 0.120536625 0 -0.992708921 0.120536625 0 -0.992708921 0.120536625 0 -0.992708921 0.120536625 0 -0.992708921 0.120536625 0 -0.992708921 0.120536625 0 -0.992708921 0.354605138 0 -0.935016096 0.354605138 0 -0.935016096 0.354605138 0 -0.935016096 0.354605138 0 -0.935016096 0.354605138 0 -0.935016096 0.354605138 0 -0.935016096 0.568065345 0 -0.822983444 0.568065345 0 -0.822983444 0.568065345 0 -0.822983444 0.568065345 0 -0.822983444 0.568065345 0 -0.822983444 0.568065345 0 -0.822983444 0.748510778 0 -0.663122594 0.748510778 0 -0.663122594 0.748510778 0 -0.663122594 0.748510778 0 -0.663122594 0.748510778 0 -0.663122594 0.748510778 0 -0.663122594 0.885456085 0 -0.46472311 0.885456085 0 -0.46472311 0.885456085 0 -0.46472311 0.885456085 0 -0.46472311 0.885456085 0 -0.46472311 0.885456085 0 -0.46472311 0.970941842 0 -0.239315629 0.970941842 0 -0.239315629 0.970941842 0 -0.239315629 0.970941842 0 -0.239315629 0.970941842 0 -0.239315629 0.970941842 0 -0.239315629 1 0 0 1 0 0 1 0 0 1 -0 0 1 -0 0 1 -0 0 0.970941842 0 0.239315629 0.970941842 0 0.239315629 0.970941842 0 0.239315629 0.970941842 -0 0.239315629 0.970941842 -0 0.239315629 0.970941842 -0 0.239315629 0.885456383 0 0.464722455 0.885456383 0 0.464722455 0.885456383 0 0.464722455 0.885456383 -0 0.464722455 0.885456383 -0 0.464722455 0.885456383 -0 0.464722455 0.748510778 0 0.663122594 0.748510778 0 0.663122594 0.748510778 0 0.663122594 0.748510778 -0 0.663122594 0.748510778 -0 0.663122594 0.748510778 -0 0.663122594 0.568063259 0 0.822984874 0.568063259 0 0.822984874 0.568063259 0 0.822984874 0.568063259 -0 0.822984874 0.568063259 -0 0.822984874 0.568063259 -0 0.822984874 0.354605138 0 0.935016096 0.354605138 0 0.935016096 0.354605138 0 0.935016096 0.120536625 0 0.992708921 0.120536625 0 0.992708921 0.120536625 0 0.992708921 0.354605138 -0 0.935016096 0.354605138 -0 0.935016096 0.354605138 -0 0.935016096 0.120536625 0 0.992708921 0.120536625 0 0.992708921 0.120536625 0 0.992708921 0 0 -1 0 0 -1 0 0 -1 0 0 -1 0 0 -1 0 0 -1 0 0 -1 0 0 -1 0 0 -1 0 0 -1 0 0 -1 0 0 -1 0 0 -1 0 0 -1 0 0 -1 0 0 -1 0 0 -1 0 0 -1 0 0 -1 0 0 -1 0 0 -1 0 -0 -1 0 -0 -1 0 -0 -1 0 0 -1 0 0 -1 0 0 -1 0 -0 -1 0 -0 -1 0 -0 -1 0 0 -1 0 0 -1 0 0 -1 0 -0 -1 0 -0 -1 0 -0 -1 0 0 -1 0 0 -1 0 0 -1 0 -0 -1 0 -0 -1 0 -0 -1 0 0 -1 0 0 -1 0 0 -1 0 -0 -1 0 -0 -1 0 -0 -1 0 -0 -1 0 -0 -1 0 -0 -1 0 0 -1 0 0 -1 0 0 -1 0 0 -1 0 0 -1 0 0 -1 0 0 -1 0 0 -1 0 0 -1 0 0 -1 0 0 -1 0 0 -1 0 0 -1 0 0 -1 0 0 -1 0 0 -1 0 0 -1 0 0 -1 0 0 -1 0 0 -1 0 0 -1 0 0 -1 0 0 -1 0 0 -1 0 0 -1 0 0 -1 0 0 -1 0 -0 -1 0 -0 -1 0 -0 -1 0 0 -1 0 0 -1 0 0 -1 0 0 -1 0 0 -1 0 0 -1 0 -0 -1 0 -0 -1 0 -0 -1 0 -0 -1 0 -0 -1 0 -0 -1 0 -0 -1 0 -0 -1 0 -0 -1 0 0 -1 0 0 -1 0 0 -1 0 0 -1 0 0 -1 0 0 -1 0 -0 -1 0 -0 -1 0 -0 -1 0 -0 -1 0 -0 -1 0 -0 -1 0 0 -1 0 0 -1 0 0 -1 0 0 -1 0 0 -1 0 0 -1 0 0 -1 0 0 -1 0 0 -1 0 -0 -1 0 -0 -1 0 -0 -1 0 0 -1 0 0 -1 0 0 -1 0 0 -1 0 0 -1 0 0 -1 0 -0 -1 0 -0 -1 0 -0 -1 0 0 -1 0 0 -1 0 0 -1 0 -0 -1 0 -0 -1 0 -0 -1 -0 -0 -1 -0 -0 -1 -0 -0 -1 0 -0 -1 0 -0 -1 0 -0 -1 0 0 -1 0 0 -1 0 0 -1 0 0 -1 0 0 -1 0 0 -1 0 0 -1 0 0 -1 0 0 -1 0 -0 -1 0 -0 -1 0 -0 -1 0 -0 -1 0 -0 -1 0 -0 -1 0 0 -1 0 0 -1 0 0 -1 0 0 -1 0 0 -1 0 0 -1 0 0 -1 0 0 -1 0 0 -1 0 0 -1 0 0 -1 0 0 -1 0 0 -1 0 0 -1 0 0 -1 0 0 -1 0 0 -1 0 0 -1 0 0 -1 0 0 -1 0 0 -1 0 0 -1 0 0 -1 0 0 -1 0 0 -1 0 0 -1 0 0 -1 0 0 -1 0 0 -1 0 0 -1 0 0 -1 0 0 -1 0 0 -1 0 0 -1 0 0 -1 0 0 -1 0 0 -1 0 0 -1 0 0 -1 0 0 -1 0 0 -1 0 0 -1 0 0 -1 0 0 -1 0 0 -1 0 0 -1 0 0 -1 0 0 -1 0 0 -1 0 0 -1 0 0 -1 0 0 -1 0 0 -1 0 0 -1 0 0 -1 0 0 -1 0 0 -1 0 0 -1 0 0 -1 0 0 -1 0 0 -1 0 0 -1 0 0 -1 0 0 -1 0 0 -1 0 0 -1 0 0 -1 0 0 -1 0 0 -1 0 0 -1 0 0 -1 0 0 -1 0 0 -1 0 0 -1 0 0 -1 0 0 -1 0 0 -1 0 0 -1 0 0 -1 0 0 -1 0 0 -1 0 0 -1 0 0 -1 0 0 -1 0 0 -1 0 0 -1 0 0 -1 0 0 -1 0 0 -1 0 0 -1 0 0 -1 0 0 -1 0 0 -1 0 0 -1 0 0 -1 0 0 -1 0 0 -1 0 0 -1 0 0 -1 0 0 -1 0 0 -1 0 0 -1 0 0 -1 0 0 -1 0 0 -1 -0 -0 -1 -0 -0 -1 -0 -0 -1 0 0 -1 0 0 -1 0 0 -1 0 0 -1 0 0 -1 0 0 -1 0 -0.993712068 -0.111965522 0 -0.993712068 -0.111965522 0 -0.993712068 -0.111965522 -0 -0.993712068 -0.111965522 -0 -0.993712068 -0.111965522 -0 -0.993712068 -0.111965522 -0 -0.943883836 -0.330277562 -0 -0.943883836 -0.330277562 -0 -0.943883836 -0.330277562 0 -0.943883836 -0.330277562 0 -0.943883836 -0.330277562 0 -0.943883836 -0.330277562 -0 -0.846724927 -0.53203094 -0 -0.846724927 -0.53203094 -0 -0.846724927 -0.53203094 0 -0.846724927 -0.53203094 0 -0.846724927 -0.53203094 0 -0.846724927 -0.53203094 -0 -0.707102537 -0.707111061 -0 -0.707102537 -0.707111061 -0 -0.707102537 -0.707111061 0 -0.707102537 -0.707111061 0 -0.707102537 -0.707111061 0 -0.707102537 -0.707111061 -0 -0.53203094 -0.846724927 -0 -0.53203094 -0.846724927 -0 -0.53203094 -0.846724927 0 -0.53203094 -0.846724927 0 -0.53203094 -0.846724927 0 -0.53203094 -0.846724927 -0 -0.330280215 -0.943882883 -0 -0.330280215 -0.943882883 -0 -0.330280215 -0.943882883 0 -0.330280215 -0.943882883 0 -0.330280215 -0.943882883 0 -0.330280215 -0.943882883 -0 -0.111972973 -0.993711233 -0 -0.111972973 -0.993711233 -0 -0.111972973 -0.993711233 0 -0.111972973 -0.993711233 0 -0.111972973 -0.993711233 0 -0.111972973 -0.993711233 0 -1 0 0 -1 0 0 -1 0 0 -1 0 0 -1 0 0 -1 0 0 -0.111964561 0.993712127 0 -0.111964561 0.993712127 0 -0.111964561 0.993712127 0 -0.111964561 0.993712127 0 -0.111964561 0.993712127 0 -0.111964561 0.993712127 0 -0.330280215 0.943882883 0 -0.330280215 0.943882883 0 -0.330280215 0.943882883 0 -0.330280215 0.943882883 0 -0.330280215 0.943882883 0 -0.330280215 0.943882883 0 -0.53203094 0.846724927 0 -0.53203094 0.846724927 0 -0.53203094 0.846724927 0 -0.53203094 0.846724927 0 -0.53203094 0.846724927 0 -0.53203094 0.846724927 0 -0.707106769 0.707106769 0 -0.707106769 0.707106769 0 -0.707106769 0.707106769 0 -0.707106769 0.707106769 0 -0.707106769 0.707106769 0 -0.707106769 0.707106769 0 -0.846724927 0.53203094 0 -0.846724927 0.53203094 0 -0.846724927 0.53203094 0 -0.846724927 0.53203094 0 -0.846724927 0.53203094 0 -0.846724927 0.53203094 0 -0.943882883 0.330280215 0 -0.943882883 0.330280215 0 -0.943882883 0.330280215 0 -0.943882883 0.330280215 0 -0.943882883 0.330280215 0 -0.943882883 0.330280215 0 -0.993712127 0.111964561 0 -0.993712127 0.111964561 0 -0.993712127 0.111964561 0 -0.993712127 0.111964561 0 -0.993712127 0.111964561 0 -0.993712127 0.111964561 0 0 1 0 0 1 0 0 1 0 0 1 0 0 1 0 0 1 0 0.993712127 0.111964561 0 0.993712127 0.111964561 0 0.993712127 0.111964561 0 0.993712127 0.111964561 0 0.993712127 0.111964561 0 0.993712127 0.111964561 0 0.943882883 0.330280215 0 0.943882883 0.330280215 0 0.943882883 0.330280215 0 0.943882883 0.330280215 0 0.943882883 0.330280215 0 0.943882883 0.330280215 0 0.846724927 0.53203094 0 0.846724927 0.53203094 0 0.846724927 0.53203094 0 0.846724927 0.53203094 0 0.846724927 0.53203094 0 0.846724927 0.53203094 0 0.707106769 0.707106769 0 0.707106769 0.707106769 0 0.707106769 0.707106769 0 0.707106769 0.707106769 0 0.707106769 0.707106769 0 0.707106769 0.707106769 0 0.53203094 0.846724927 0 0.53203094 0.846724927 0 0.53203094 0.846724927 0 0.53203094 0.846724927 0 0.53203094 0.846724927 0 0.53203094 0.846724927 0 0.330280215 0.943882883 0 0.330280215 0.943882883 0 0.330280215 0.943882883 0 0.330280215 0.943882883 0 0.330280215 0.943882883 0 0.330280215 0.943882883 0 0.111964561 0.993712127 0 0.111964561 0.993712127 0 0.111964561 0.993712127 0 0.111964561 0.993712127 0 0.111964561 0.993712127 0 0.111964561 0.993712127 0 1 0 0 1 0 0 1 0 0 1 0 0 1 0 0 1 0 0 0.111972973 -0.993711233 0 0.111972973 -0.993711233 0 0.111972973 -0.993711233 0 0.111972973 -0.993711233 0 0.111972973 -0.993711233 0 0.111972973 -0.993711233 0 0.330280215 -0.943882883 0 0.330280215 -0.943882883 0 0.330280215 -0.943882883 0 0.330280215 -0.943882883 0 0.330280215 -0.943882883 0 0.330280215 -0.943882883 0 0.53203094 -0.846724927 0 0.53203094 -0.846724927 0 0.53203094 -0.846724927 0 0.53203094 -0.846724927 0 0.53203094 -0.846724927 0 0.53203094 -0.846724927 0 0.707102537 -0.707111061 0 0.707102537 -0.707111061 0 0.707102537 -0.707111061 0 0.707102537 -0.707111061 0 0.707102537 -0.707111061 0 0.707102537 -0.707111061 0 0.846724927 -0.53203094 0 0.846724927 -0.53203094 0 0.846724927 -0.53203094 0 0.846724927 -0.53203094 0 0.846724927 -0.53203094 0 0.846724927 -0.53203094 0 0.943883836 -0.330277562 0 0.943883836 -0.330277562 0 0.943883836 -0.330277562 0 0.943883836 -0.330277562 0 0.943883836 -0.330277562 0 0.943883836 -0.330277562 0 0.993712068 -0.111965522 0 0.993712068 -0.111965522 0 0.993712068 -0.111965522 0 0.993712068 -0.111965522 0 0.993712068 -0.111965522 0 0.993712068 -0.111965522 0 -0 -1 0 -0 -1 0 -0 -1 0 0 -1 0 0 -1 0 0 -1 -1 0 -0 -1 0 -0 -1 0 -0 -1 0 0 -1 0 0 -1 0 0 -1 0 0 -1 0 0 -1 0 0 -1 0 -0 -1 0 -0 -1 0 -0 -1 0 0 -1 0 0 -1 0 0 -1 0 0 -1 0 0 -1 0 0 -1 0 0 -1 0 0 -1 0 0 -1 0 0 -1 0 0 -1 0 0 -1 0 0 -1 0 0 -1 0 0 -1 0 0 -1 0 0 -1 0 0 -1 0 0 -1 0 0 -1 0 0 -1 0 -0 -1 0 -0 -1 0 -0 -1 0 0 -1 0 0 -1 0 0 -1 0 0 -1 0 0 -1 0 0 -1 -0 -0 -1 -0 -0 -1 -0 -0 -1 -0 -0 -1 -0 -0 -1 -0 -0 -1 -0 -0 -1 -0 -0 -1 -0 -0 -1 -0 -0 -1 -0 -0 -1 -0 -0 -1 -0 -0 -1 -0 -0 -1 -0 -0 -1 -0 -0 -1 -0 -0 -1 -0 -0 -1 -0 -0 -1 -0 -0 -1 -0 -0 -1 0 0 -1 0 0 -1 0 0 -1 0 0 -1 0 0 -1 0 0 -1 -0 -0 -1 -0 -0 -1 -0 -0 -1 0 0 -1 0 0 -1 0 0 -1 -0 0 -1 -0 0 -1 -0 0 -1 0 0 -1 0 0 -1 0 0 -1 -0 0 -1 -0 0 -1 -0 0 -1 0 0 -1 0 0 -1 0 0 -1 -0 0 -1 -0 0 -1 -0 0 0 0 1 0 0 1 0 0 1 0 0 1 0 0 1 0 0 1 0 -0 1 0 -0 1 0 -0 1 0 0 1 0 0 1 0 0 1 0 0 1 0 0 1 0 0 1 0 0 1 0 0 1 0 0 1 0 -0 1 0 -0 1 0 -0 1 0 0 1 0 0 1 0 0 1 0 0 1 0 0 1 0 0 1 0 0 1 0 0 1 0 0 1 0 -0 1 0 -0 1 0 -0 1 0 0 1 0 0 1 0 0 1 0 0 1 0 0 1 0 0 1 0 0 1 0 0 1 0 0 1 0 -0 1 0 -0 1 0 -0 1 0 0 1 0 0 1 0 0 1 0 0 1 0 0 1 0 0 1 0 0 1 0 0 1 0 0 1 0 0 1 0 0 1 0 0 1 0 0 1 0 0 1 0 0 1 0 0 1 0 0 1 0 0 1 0 0 1 0 0 1 0 0 1 0 0 1 0 0 1 0 0 1 0 0 1 0 0 1 0 0 1 0 0 1 0 0 1 0 0 1 0 0 1 0 0 1 0 0 1 0 0 1 0 0 1 0 0 1 0 0 1 0 0 1 0 0 1 0 0 1 0 0 1 0 0 1 0 0 1 0 0 1 0 0 1 0 0 1 0 0 1 0 0 1 0 0 1 0 0 1 0 0 1 0 0 1 0 0 1 0 0 1 0 0 1 0 0 1 0 0 1 0 0 1 0 0 1 0 0 1 0 0 1 0 0 1 0 0 1 0 0 1 0 0 1 0 0 1 0 0 1 0 0 1 0 0 1 0 0 1 0 0 1 0 0 1 0 0 1 0 0 1 0 0 1 0 0 1 0 0 1 0 0 1 0 0 1 0 0 1 0 0 1 0 0 1 0 0 1 0 0 1 0 0 1 0 0 1 0 0 1 0 0 1 0 0 1 0 0 1 0 0 1 0 0 1 0 0 1 0 0 1 0 0 1 0 0 1 0 0 1 0 0 1 0 0 1 0 0 1 0 0 1 0 0 1 0 0 1 0 0 1 0 0 1 0 0 1 0 0 1 0 0 1 0 0 1 0 0 1 0 0 1 0 0 1 0 0 1 0 0 1 0 0 1 0 0 1 0 0 1 0 0 1 0 0 1 0 0 1 0 0 1 0 0 1 0 0 1 0 0 1 0 0 1 0 0 1 0 0 1 0 0 1 0 0 1 0 0 1 0 0 1 0 0 1 0 0 1 0 0 1 0 0 1 0 0 1 0 0 1 0 0 1 0 0 1 0 0 1 0 0 1 0 0 1 0 0 1 0 0 1 0 0 1 0 0 1 0 0 1 0 -0 1 0 -0 1 0 -0 1 0 0 1 0 0 1 0 0 1 0 0 1 0 0 1 0 0 1 0 0 1 0 0 1 0 0 1 0 -0 1 0 -0 1 0 -0 1 0 0 1 0 0 1 0 0 1 0 0 1 0 0 1 0 0 1 0 0 1 0 0 1 0 0 1 0 -0 1 0 -0 1 0 -0 1 0 0 1 0 0 1 0 0 1 0 0 1 0 0 1 0 0 1 0 0 1 0 0 1 0 0 1 0 -0 1 0 -0 1 0 -0 1 0 0 1 0 0 1 0 0 1 0 0 1 0 0 1 0 0 1 0 0 1 0 0 1 0 0 1 -1 0 -0 -1 0 -0 -1 0 -0 -1 -0 0 -1 -0 0 -1 -0 0 -0.999749422 -0.0223865528 0 -0.999749422 -0.0223865528 0 -0.999749422 -0.0223865528 0 -0.992301822 -0.0501992479 0.113213256 -0.992301822 -0.0501992479 0.113213256 -0.992301822 -0.0501992479 0.113213256 -0.986245096 -0.142226964 -0.0842156336 -0.986245096 -0.142226964 -0.0842156336 -0.986245096 -0.142226964 -0.0842156336 -0.975088894 -0.214910552 0.0549112596 -0.975088894 -0.214910552 0.0549112596 -0.975088894 -0.214910552 0.0549112596 -0.944867492 -0.318551838 -0.0758288652 -0.944867492 -0.318551838 -0.0758288652 -0.944867492 -0.318551838 -0.0758288652 -0.91369617 -0.390224904 0.113506496 -0.91369617 -0.390224904 0.113506496 -0.91369617 -0.390224904 0.113506496 -0.866263032 -0.492030501 -0.0865691528 -0.866263032 -0.492030501 -0.0865691528 -0.866263032 -0.492030501 -0.0865691528 -0.800779581 -0.586040199 0.123729423 -0.800779581 -0.586040199 0.123729423 -0.800779581 -0.586040199 0.123729423 -0.750403345 -0.653933465 -0.0962593108 -0.750403345 -0.653933465 -0.0962593108 -0.750403345 -0.653933465 -0.0962593108 -0.64622879 -0.754961133 0.111454614 -0.64622879 -0.754961133 0.111454614 -0.64622879 -0.754961133 0.111454614 -0.588635027 -0.800834358 -0.110332184 -0.588635027 -0.800834358 -0.110332184 -0.588635027 -0.800834358 -0.110332184 -0.4548437 -0.883572161 0.11143367 -0.4548437 -0.883572161 0.11143367 -0.4548437 -0.883572161 0.11143367 -0.393752515 -0.914403915 -0.0939381197 -0.393752515 -0.914403915 -0.0939381197 -0.393752515 -0.914403915 -0.0939381197 -0.217758343 -0.975946844 0.0104409298 -0.217758343 -0.975946844 0.0104409298 -0.217758343 -0.975946844 0.0104409298 -0.242391095 -0.965375066 0.0964232981 -0.242391095 -0.965375066 0.0964232981 -0.242391095 -0.965375066 0.0964232981 -0.084791027 -0.99636519 -0.00819202419 -0.084791027 -0.99636519 -0.00819202419 -0.084791027 -0.99636519 -0.00819202419 -0.0506797545 -0.992070973 -0.115007274 -0.0506797545 -0.992070973 -0.115007274 -0.0506797545 -0.992070973 -0.115007274 -0.0130518479 -0.999914825 -0 -0.0130518479 -0.999914825 -0 -0.0130518479 -0.999914825 -0 0 -1 0 0 -1 0 0 -1 0 0 -1 0 0 -1 0 0 -1 0 0.0223865528 -0.999749422 0 0.0223865528 -0.999749422 0 0.0223865528 -0.999749422 0 0.0501992479 -0.992301822 0.113213256 0.0501992479 -0.992301822 0.113213256 0.0501992479 -0.992301822 0.113213256 0.142226964 -0.986245096 -0.0842156336 0.142226964 -0.986245096 -0.0842156336 0.142226964 -0.986245096 -0.0842156336 0.214910552 -0.975088894 0.0549112596 0.214910552 -0.975088894 0.0549112596 0.214910552 -0.975088894 0.0549112596 0.318551838 -0.944867492 -0.0758288652 0.318551838 -0.944867492 -0.0758288652 0.318551838 -0.944867492 -0.0758288652 0.390224904 -0.91369617 0.113506496 0.390224904 -0.91369617 0.113506496 0.390224904 -0.91369617 0.113506496 0.492030501 -0.866263032 -0.0865691528 0.492030501 -0.866263032 -0.0865691528 0.492030501 -0.866263032 -0.0865691528 0.586040199 -0.800779581 0.123729423 0.586040199 -0.800779581 0.123729423 0.586040199 -0.800779581 0.123729423 0.653933465 -0.750403345 -0.0962593108 0.653933465 -0.750403345 -0.0962593108 0.653933465 -0.750403345 -0.0962593108 0.754961133 -0.64622879 0.111454614 0.754961133 -0.64622879 0.111454614 0.754961133 -0.64622879 0.111454614 0.800834358 -0.588635027 -0.110332184 0.800834358 -0.588635027 -0.110332184 0.800834358 -0.588635027 -0.110332184 0.883572161 -0.4548437 0.11143367 0.883572161 -0.4548437 0.11143367 0.883572161 -0.4548437 0.11143367 0.914403915 -0.393752515 -0.0939381197 0.914403915 -0.393752515 -0.0939381197 0.914403915 -0.393752515 -0.0939381197 0.975946844 -0.217758343 0.0104409298 0.975946844 -0.217758343 0.0104409298 0.975946844 -0.217758343 0.0104409298 0.965375066 -0.242391095 0.0964232981 0.965375066 -0.242391095 0.0964232981 0.965375066 -0.242391095 0.0964232981 0.99636519 -0.084791027 -0.00819202419 0.99636519 -0.084791027 -0.00819202419 0.99636519 -0.084791027 -0.00819202419 0.992070973 -0.0506797545 -0.115007274 0.992070973 -0.0506797545 -0.115007274 0.992070973 -0.0506797545 -0.115007274 0.999914825 -0.0130518479 0 0.999914825 -0.0130518479 0 0.999914825 -0.0130518479 0 1 0 -0 1 0 -0 1 0 -0 1 0 0 1 0 0 1 0 0 0.999749422 0.0223865528 0 0.999749422 0.0223865528 0 0.999749422 0.0223865528 0 0.992301822 0.0501992479 0.113213256 0.992301822 0.0501992479 0.113213256 0.992301822 0.0501992479 0.113213256 0.986245096 0.142226964 -0.0842156336 0.986245096 0.142226964 -0.0842156336 0.986245096 0.142226964 -0.0842156336 0.975088894 0.214910552 0.0549112596 0.975088894 0.214910552 0.0549112596 0.975088894 0.214910552 0.0549112596 0.944867492 0.318551838 -0.0758288652 0.944867492 0.318551838 -0.0758288652 0.944867492 0.318551838 -0.0758288652 0.91369617 0.390224904 0.113506496 0.91369617 0.390224904 0.113506496 0.91369617 0.390224904 0.113506496 0.866263032 0.492030501 -0.0865691528 0.866263032 0.492030501 -0.0865691528 0.866263032 0.492030501 -0.0865691528 0.800779581 0.586040199 0.123729423 0.800779581 0.586040199 0.123729423 0.800779581 0.586040199 0.123729423 0.750403345 0.653933465 -0.0962593108 0.750403345 0.653933465 -0.0962593108 0.750403345 0.653933465 -0.0962593108 0.64622879 0.754961133 0.111454614 0.64622879 0.754961133 0.111454614 0.64622879 0.754961133 0.111454614 0.588635027 0.800834358 -0.110332184 0.588635027 0.800834358 -0.110332184 0.588635027 0.800834358 -0.110332184 0.4548437 0.883572161 0.11143367 0.4548437 0.883572161 0.11143367 0.4548437 0.883572161 0.11143367 0.393752515 0.914403915 -0.0939381197 0.393752515 0.914403915 -0.0939381197 0.393752515 0.914403915 -0.0939381197 0.217758343 0.975946844 0.0104409298 0.217758343 0.975946844 0.0104409298 0.217758343 0.975946844 0.0104409298 0.242391095 0.965375066 0.0964232981 0.242391095 0.965375066 0.0964232981 0.242391095 0.965375066 0.0964232981 0.084791027 0.99636519 -0.00819202419 0.084791027 0.99636519 -0.00819202419 0.084791027 0.99636519 -0.00819202419 0.0506797545 0.992070973 -0.115007274 0.0506797545 0.992070973 -0.115007274 0.0506797545 0.992070973 -0.115007274 0.0130518479 0.999914825 0 0.0130518479 0.999914825 0 0.0130518479 0.999914825 0 -0.0223865528 0.999749422 0 -0.0223865528 0.999749422 0 -0.0223865528 0.999749422 0 -0.0501992479 0.992301822 0.113213256 -0.0501992479 0.992301822 0.113213256 -0.0501992479 0.992301822 0.113213256 -0.142226964 0.986245096 -0.0842156336 -0.142226964 0.986245096 -0.0842156336 -0.142226964 0.986245096 -0.0842156336 -0.214910552 0.975088894 0.0549112596 -0.214910552 0.975088894 0.0549112596 -0.214910552 0.975088894 0.0549112596 -0.318551838 0.944867492 -0.0758288652 -0.318551838 0.944867492 -0.0758288652 -0.318551838 0.944867492 -0.0758288652 -0.390224904 0.91369617 0.113506496 -0.390224904 0.91369617 0.113506496 -0.390224904 0.91369617 0.113506496 -0.492030501 0.866263032 -0.0865691528 -0.492030501 0.866263032 -0.0865691528 -0.492030501 0.866263032 -0.0865691528 -0.586040199 0.800779581 0.123729423 -0.586040199 0.800779581 0.123729423 -0.586040199 0.800779581 0.123729423 -0.653933465 0.750403345 -0.0962593108 -0.653933465 0.750403345 -0.0962593108 -0.653933465 0.750403345 -0.0962593108 -0.754961133 0.64622879 0.111454614 -0.754961133 0.64622879 0.111454614 -0.754961133 0.64622879 0.111454614 -0.800834358 0.588635027 -0.110332184 -0.800834358 0.588635027 -0.110332184 -0.800834358 0.588635027 -0.110332184 -0.883572161 0.4548437 0.11143367 -0.883572161 0.4548437 0.11143367 -0.883572161 0.4548437 0.11143367 -0.914403915 0.393752515 -0.0939381197 -0.914403915 0.393752515 -0.0939381197 -0.914403915 0.393752515 -0.0939381197 -0.975946844 0.217758343 0.0104409298 -0.975946844 0.217758343 0.0104409298 -0.975946844 0.217758343 0.0104409298 -0.965375066 0.242391095 0.0964232981 -0.965375066 0.242391095 0.0964232981 -0.965375066 0.242391095 0.0964232981 -0.99636519 0.084791027 -0.00819202419 -0.99636519 0.084791027 -0.00819202419 -0.99636519 0.084791027 -0.00819202419 -0.992070973 0.0506797545 -0.115007274 -0.992070973 0.0506797545 -0.115007274 -0.992070973 0.0506797545 -0.115007274 -0.999914825 0.0130518479 0 -0.999914825 0.0130518479 0 -0.999914825 0.0130518479 0 0 1 0 0 1 0 0 1 0 0 1 0 0 1 0 0 1 0 0 0 -1 0 0 -1 0 0 -1 0 0 -1 0 0 -1 0 0 -1 0 0 -1 0 0 -1 0 0 -1 0 0 -1 0 0 -1 0 0 -1 0 0 -1 0 0 -1 0 0 -1 0 0 -1 0 0 -1 0 0 -1 0 0 -1 0 0 -1 0 0 -1 0 0 -1 0 0 -1 0 0 -1 0 0 -1 0 0 -1 0 0 -1 0 0 -1 0 0 -1 0 0 -1 0 0 -1 0 0 -1 0 0 -1 0 0 -1 0 0 -1 0 0 -1 0 0 -1 0 0 -1 0 0 -1 0 0 -1 0 0 -1 0 0 -1 0 0 -1 0 0 -1 0 0 -1 0 0 -1 0 0 -1 0 0 -1 0 0 -1 0 0 -1 0 0 -1 0 0 -1 0 0 -1 0 0 -1 0 0 -1 0 0 -1 0 0 -1 0 0 -1 0 0 -1 0 0 -1 0 0 -1 0 0 -1 0 0 -1 0 0 -1 0 0 -1 0 0 -1 0 -0 -1 0 -0 -1 0 -0 -1 0 0 -1 0 0 -1 0 0 -1 0 0 -1 0 0 -1 0 0 -1 0 -0 -1 0 -0 -1 0 -0 -1 0 0 -1 0 0 -1 0 0 -1 0 0 -1 0 0 -1 0 0 -1 0 0 -1 0 0 -1 0 0 -1 0 0 -1 0 0 -1 0 0 -1 0 0 -1 0 0 -1 0 0 -1 0 0 -1 0 0 -1 0 0 -1 0 0 -1 0 0 -1 0 0 -1 0 0 -1 0 0 -1 0 0 -1 0 0 -1 0 0 -1 0 0 -1 0 0 -1 0 0 -1 0 0 -1 0 0 -1 0 0 -1 0 0 -1 0 0 -1 0 0 -1 0 0 -1 0 0 -1 0 0 -1 0 0 -1 0 0 -1 0 0 -1 0 0 -1 0 0 -1 0 0 -1 0 0 -1 0 0 -1 0 0 -1 0 0 -1 0 0 -1 0 0 -1 0 0 -1 0 0 -1 0 0 -1 0 0 -1 0 0 -1 0 0 -1 0 0 -1 0 0 -1 0 0 -1 0 0 -1 0 0 -1 0 0 -1 0 0 -1 0 0 -1 0 0 -1 0 0 -1 0 0 -1 0 0 -1 0 0 -1 0 -0 -1 0 -0 -1 0 -0 -1 0 0 -1 0 0 -1 0 0 -1 0 0 -1 0 0 -1 0 0 -1 0 -0 -1 0 -0 -1 0 -0 -1 0 0 -1 0 0 -1 0 0 -1 0 0 -1 0 0 -1 0 0 -1 0 0 -1 0 0 -1 0 0 -1 0 -0 -1 0 -0 -1 0 -0 -1 0 0 -1 0 0 -1 0 0 -1 0 0 -1 0 0 -1 0 0 -1 0 0 -1 0 0 -1 0 0 -1 0 0 -1 0 0 -1 0 0 -1 0 0 -1 0 0 -1 0 0 -1 0 0 -1 0 0 -1 0 0 -1 0 0 -1 0 0 -1 0 0 -1 0 0 -1 0 0 -1 0 0 -1 0 0 -1 0 0 -1 0 0 -1 0 0 -1 0 0 -1 0 0 -1 0 0 -1 0 0 -1 0 0 -1 0 0 -1 0 0 -1 0 0 -1 0 0 -1 0 0 -1 0 0 -1 0 0 -1 0 0 -1 0 0 -1 0 0 -1 0 0 -1 0 0 -1 0 0 -1 0 0 -1 0 0 -1 0 0 -1 0 0 -1 0 0 -1 0 0 -1 0 0 -1 0 0 -1 0 0 -1 0 0 -1 0 0 -1 0 0 -1 0 0 -1 0 0 -1 0 0 -1 0 0 -1 0 0 -1 0 0 -1 0 0 -1 0 0 -1 0 0 -1 0 0 -1 0 0 -1 0 0.993716955 -0.111922525 0 0.993716955 -0.111922525 0 0.993716955 -0.111922525 0 0.993716955 -0.111922525 0 0.993716955 -0.111922525 0 0.993716955 -0.111922525 0 0.943872333 -0.330310583 0 0.943872333 -0.330310583 0 0.943872333 -0.330310583 0 0.943872333 -0.330310583 0 0.943872333 -0.330310583 0 0.943872333 -0.330310583 0 0.846737385 -0.532011032 0 0.846737385 -0.532011032 0 0.846737385 -0.532011032 0 0.846737385 -0.532011032 0 0.846737385 -0.532011032 0 0.846737385 -0.532011032 0 0.70708549 -0.707128108 0 0.70708549 -0.707128108 0 0.70708549 -0.707128108 0 0.70708549 -0.707128108 0 0.70708549 -0.707128108 0 0.70708549 -0.707128108 0 0.53204155 -0.846718192 0 0.53204155 -0.846718192 0 0.53204155 -0.846718192 0 0.330285937 -0.943880916 0 0.330285937 -0.943880916 0 0.330285937 -0.943880916 0 0.53204155 -0.846718192 0 0.53204155 -0.846718192 0 0.53204155 -0.846718192 0 0.111959837 -0.993712783 0 0.111959837 -0.993712783 0 0.111959837 -0.993712783 0 0.330285937 -0.943880916 0 0.330285937 -0.943880916 0 0.330285937 -0.943880916 0 0.111959837 -0.993712783 0 0.111959837 -0.993712783 0 0.111959837 -0.993712783 0.143147126 0.2353044 -0.961322367 0.143147126 0.2353044 -0.961322367 0.143147126 0.2353044 -0.961322367 0.573497832 0.817494214 -0.0529481657 0.573497832 0.817494214 -0.0529481657 0.573497832 0.817494214 -0.0529481657 0.707078338 0.00448995782 -0.707121015 0.707078338 0.00448995782 -0.707121015 0.707078338 0.00448995782 -0.707121015 0.532029152 0.00683136331 -0.846698463 0.532029152 0.00683136331 -0.846698463 0.532029152 0.00683136331 -0.846698463 0.330242842 0.0161477197 -0.943757892 0.330242842 0.0161477197 -0.943757892 0.330242842 0.0161477197 -0.943757892 0.111902624 0.0319608487 -0.99320507 0.111902624 0.0319608487 -0.99320507 0.111902624 0.0319608487 -0.99320507 0.286374748 0.0136630852 -0.95802027 0.286374748 0.0136630852 -0.95802027 0.286374748 0.0136630852 -0.95802027 0.750189126 0.00585720269 -0.661197305 0.750189126 0.00585720269 -0.661197305 0.750189126 0.00585720269 -0.661197305 0.747864306 0.0689292625 -0.66026324 0.747864306 0.0689292625 -0.66026324 0.747864306 0.0689292625 -0.66026324 0.993517101 0.020053653 -0.111900032 0.993517101 0.020053653 -0.111900032 0.993517101 0.020053653 -0.111900032 0.943830609 0.00939636119 -0.33029598 0.943830609 0.00939636119 -0.33029598 0.943830609 0.00939636119 -0.33029598 0.846724212 0.00558449142 -0.532002747 0.846724212 0.00558449142 -0.532002747 0.846724212 0.00558449142 -0.532002747 0.998843372 0.0256014206 -0.0406997278 0.998843372 0.0256014206 -0.0406997278 0.998843372 0.0256014206 -0.0406997278 0.822918594 0.0613179728 -0.564840794 0.822918594 0.0613179728 -0.564840794 0.822918594 0.0613179728 -0.564840794 0.824808061 0.00618320145 -0.565378964 0.824808061 0.00618320145 -0.565378964 0.824808061 0.00618320145 -0.565378964 0.316546023 0.017749412 -0.948411107 0.316546023 0.017749412 -0.948411107 0.316546023 0.017749412 -0.948411107 0.880765021 0.0493863784 -0.470971406 0.880765021 0.0493863784 -0.470971406 0.880765021 0.0493863784 -0.470971406 0.290309668 0.0641167536 -0.954782367 0.290309668 0.0641167536 -0.954782367 0.290309668 0.0641167536 -0.954782367 0.986112773 0.150127098 -0.0710173324 0.986112773 0.150127098 -0.0710173324 0.986112773 0.150127098 -0.0710173324 0.41213128 0.0588866584 -0.909219563 0.41213128 0.0588866584 -0.909219563 0.41213128 0.0588866584 -0.909219563 0.971556246 0.138819113 -0.191853479 0.971556246 0.138819113 -0.191853479 0.971556246 0.138819113 -0.191853479 0.316221952 0.0731438398 -0.945861399 0.316221952 0.0731438398 -0.945861399 0.316221952 0.0731438398 -0.945861399 0.868691504 0.200933009 -0.452770501 0.868691504 0.200933009 -0.452770501 0.868691504 0.200933009 -0.452770501 0.258593589 0.110348597 -0.959662676 0.258593589 0.110348597 -0.959662676 0.258593589 0.110348597 -0.959662676 0.939447224 0.33541131 0.0702722594 0.939447224 0.33541131 0.0702722594 0.939447224 0.33541131 0.0702722594 0.40382272 0.135969386 -0.904676497 0.40382272 0.135969386 -0.904676497 0.40382272 0.135969386 -0.904676497 0.933157086 0.314199269 -0.174632728 0.933157086 0.314199269 -0.174632728 0.933157086 0.314199269 -0.174632728 0.309291542 0.140471101 -0.940535307 0.309291542 0.140471101 -0.940535307 0.309291542 0.140471101 -0.940535307 0.813838601 0.369621485 -0.448382318 0.813838601 0.369621485 -0.448382318 0.813838601 0.369621485 -0.448382318 0.216663077 0.150813609 -0.964527011 0.216663077 0.150813609 -0.964527011 0.216663077 0.150813609 -0.964527011 0.845018685 0.525313079 0.0999479964 0.845018685 0.525313079 0.0999479964 0.845018685 0.525313079 0.0999479964 0.360769808 0.210578129 -0.908571422 0.360769808 0.210578129 -0.908571422 0.360769808 0.210578129 -0.908571422 0.837477326 0.488828033 -0.244292617 0.837477326 0.488828033 -0.244292617 0.837477326 0.488828033 -0.244292617 0.715042472 0.527042627 -0.459282458 0.715042472 0.527042627 -0.459282458 0.715042472 0.527042627 -0.459282458 0.269301564 0.198496446 -0.942377806 0.269301564 0.198496446 -0.942377806 0.269301564 0.198496446 -0.942377806 0.184232056 0.19777742 -0.962778628 0.184232056 0.19777742 -0.962778628 0.184232056 0.19777742 -0.962778628 0.726286352 0.687382758 -0.0035961289 0.726286352 0.687382758 -0.0035961289 0.726286352 0.687382758 -0.0035961289 0.306558371 0.277982503 -0.910355806 0.306558371 0.277982503 -0.910355806 0.306558371 0.277982503 -0.910355806 0.717417598 0.650543451 -0.249209285 0.717417598 0.650543451 -0.249209285 0.717417598 0.650543451 -0.249209285 0.57367897 0.811154604 -0.11366944 0.57367897 0.811154604 -0.11366944 0.57367897 0.811154604 -0.11366944 0.256886721 0.36322552 -0.895587206 0.256886721 0.36322552 -0.895587206 0.256886721 0.36322552 -0.895587206 0.589771867 0.654112339 -0.473609686 0.589771867 0.654112339 -0.473609686 0.589771867 0.654112339 -0.473609686 0.210312858 0.233256683 -0.94939971 0.210312858 0.233256683 -0.94939971 0.210312858 0.233256683 -0.94939971 0.444289774 0.786406279 -0.429152429 0.444289774 0.786406279 -0.429152429 0.444289774 0.786406279 -0.429152429 0.168618381 0.298459589 -0.939409256 0.168618381 0.298459589 -0.939409256 0.168618381 0.298459589 -0.939409256 0.403978765 0.883860409 -0.235779166 0.403978765 0.883860409 -0.235779166 0.403978765 0.883860409 -0.235779166 0.172792986 0.378051758 -0.909516037 0.172792986 0.378051758 -0.909516037 0.172792986 0.378051758 -0.909516037 0.0910732597 0.255547911 -0.962497234 0.0910732597 0.255547911 -0.962497234 0.0910732597 0.255547911 -0.962497234 0.397208393 0.917728245 0.000614701887 0.397208393 0.917728245 0.000614701887 0.397208393 0.917728245 0.000614701887 0.100556999 0.296555758 -0.949706793 0.100556999 0.296555758 -0.949706793 0.100556999 0.296555758 -0.949706793 0.282743156 0.833846569 -0.474084556 0.282743156 0.833846569 -0.474084556 0.282743156 0.833846569 -0.474084556 0.0948944613 0.40684098 -0.908556819 0.0948944613 0.40684098 -0.908556819 0.0948944613 0.40684098 -0.908556819 0.223596364 0.958624601 -0.176191539 0.223596364 0.958624601 -0.176191539 0.223596364 0.958624601 -0.176191539 0.0443692356 0.293242514 -0.95500797 0.0443692356 0.293242514 -0.95500797 0.0443692356 0.293242514 -0.95500797 0.218719438 0.972863138 -0.0754920542 0.218719438 0.972863138 -0.0754920542 0.218719438 0.972863138 -0.0754920542 0.0453705899 0.316482604 -0.947512686 0.0453705899 0.316482604 -0.947512686 0.0453705899 0.316482604 -0.947512686 0.126359627 0.881421685 -0.455114394 0.126359627 0.881421685 -0.455114394 0.126359627 0.881421685 -0.455114394 0.00557379238 0.219899997 -0.975506544 0.00557379238 0.219899997 -0.975506544 0.00557379238 0.219899997 -0.975506544 0.00311472942 0.532038987 -0.846714139 0.00311472942 0.532038987 -0.846714139 0.00311472942 0.532038987 -0.846714139 0.00468157837 0.330282301 -0.943870544 0.00468157837 0.330282301 -0.943870544 0.00468157837 0.330282301 -0.943870544 0.0133795459 0.111949831 -0.993623793 0.0133795459 0.111949831 -0.993623793 0.0133795459 0.111949831 -0.993623793 0.00413843663 0.565402925 -0.824804425 0.00413843663 0.565402925 -0.824804425 0.00413843663 0.565402925 -0.824804425 0.0501051098 0.564079702 -0.824198782 0.0501051098 0.564079702 -0.824198782 0.0501051098 0.564079702 -0.824198782 0.0240065977 0.426992565 -0.903936327 0.0240065977 0.426992565 -0.903936327 0.0240065977 0.426992565 -0.903936327 0.0554724075 0.986658216 -0.153063253 0.0554724075 0.986658216 -0.153063253 0.0554724075 0.986658216 -0.153063253 0.0387885459 0.992969155 -0.111838281 0.0387885459 0.992969155 -0.111838281 0.0387885459 0.992969155 -0.111838281 0.0208267886 0.943667531 -0.330238968 0.0208267886 0.943667531 -0.330238968 0.0208267886 0.943667531 -0.330238968 0.00917165447 0.84670186 -0.53198868 0.00917165447 0.84670186 -0.53198868 0.00917165447 0.84670186 -0.53198868 0.00441147247 0.707078636 -0.707121193 0.00441147247 0.707078636 -0.707121193 0.00441147247 0.707078636 -0.707121193 0.0486063696 0.998605251 -0.0206149053 0.0486063696 0.998605251 -0.0206149053 0.0486063696 0.998605251 -0.0206149053 0.0652078986 0.659059107 -0.749259055 0.0652078986 0.659059107 -0.749259055 0.0652078986 0.659059107 -0.749259055 0.00510839187 0.661127508 -0.750256181 0.00510839187 0.661127508 -0.750256181 0.00510839187 0.661127508 -0.750256181 0.993716955 0 -0.111922525 0.993716955 0 -0.111922525 0.993716955 0 -0.111922525 0.943872333 0 -0.330310583 0.943872333 0 -0.330310583 0.943872333 0 -0.330310583 0.993716955 0 -0.111922525 0.993716955 0 -0.111922525 0.993716955 0 -0.111922525 0.846737385 0 -0.532011032 0.846737385 0 -0.532011032 0.846737385 0 -0.532011032 0.943872333 0 -0.330310583 0.943872333 0 -0.330310583 0.943872333 0 -0.330310583 0.70708549 0 -0.707128108 0.70708549 0 -0.707128108 0.70708549 0 -0.707128108 0.846737385 0 -0.532011032 0.846737385 0 -0.532011032 0.846737385 0 -0.532011032 0.53204155 0 -0.846718192 0.53204155 0 -0.846718192 0.53204155 0 -0.846718192 0.70708549 0 -0.707128108 0.70708549 0 -0.707128108 0.70708549 0 -0.707128108 0.330285937 0 -0.943880916 0.330285937 0 -0.943880916 0.330285937 0 -0.943880916 0.53204155 0 -0.846718192 0.53204155 0 -0.846718192 0.53204155 0 -0.846718192 0.111959837 0 -0.993712783 0.111959837 0 -0.993712783 0.111959837 0 -0.993712783 0.330285937 0 -0.943880916 0.330285937 0 -0.943880916 0.330285937 0 -0.943880916 0.111959837 0 -0.993712783 0.111959837 0 -0.993712783 0.111959837 0 -0.993712783 0.817494214 -0.573497832 -0.0529481657 0.817494214 -0.573497832 -0.0529481657 0.817494214 -0.573497832 -0.0529481657 0.2353044 -0.143147126 -0.961322367 0.2353044 -0.143147126 -0.961322367 0.2353044 -0.143147126 -0.961322367 0.00448995782 -0.707078338 -0.707121015 0.00448995782 -0.707078338 -0.707121015 0.00448995782 -0.707078338 -0.707121015 0.00683136331 -0.532029152 -0.846698463 0.00683136331 -0.532029152 -0.846698463 0.00683136331 -0.532029152 -0.846698463 0.0161477197 -0.330242842 -0.943757892 0.0161477197 -0.330242842 -0.943757892 0.0161477197 -0.330242842 -0.943757892 0.0319608487 -0.111902624 -0.99320507 0.0319608487 -0.111902624 -0.99320507 0.0319608487 -0.111902624 -0.99320507 0.0136630852 -0.286374748 -0.95802027 0.0136630852 -0.286374748 -0.95802027 0.0136630852 -0.286374748 -0.95802027 0.00585720269 -0.750189126 -0.661197305 0.00585720269 -0.750189126 -0.661197305 0.00585720269 -0.750189126 -0.661197305 0.0689292625 -0.747864306 -0.66026324 0.0689292625 -0.747864306 -0.66026324 0.0689292625 -0.747864306 -0.66026324 0.0256014206 -0.998843372 -0.0406997278 0.0256014206 -0.998843372 -0.0406997278 0.0256014206 -0.998843372 -0.0406997278 0.020053653 -0.993517101 -0.111900032 0.020053653 -0.993517101 -0.111900032 0.020053653 -0.993517101 -0.111900032 0.00939636119 -0.943830609 -0.33029598 0.00939636119 -0.943830609 -0.33029598 0.00939636119 -0.943830609 -0.33029598 0.00558449142 -0.846724212 -0.532002747 0.00558449142 -0.846724212 -0.532002747 0.00558449142 -0.846724212 -0.532002747 0.00618320145 -0.824808061 -0.565378964 0.00618320145 -0.824808061 -0.565378964 0.00618320145 -0.824808061 -0.565378964 0.0613179728 -0.822918594 -0.564840794 0.0613179728 -0.822918594 -0.564840794 0.0613179728 -0.822918594 -0.564840794 0.017749412 -0.316546023 -0.948411107 0.017749412 -0.316546023 -0.948411107 0.017749412 -0.316546023 -0.948411107 0.0493863784 -0.880765021 -0.470971406 0.0493863784 -0.880765021 -0.470971406 0.0493863784 -0.880765021 -0.470971406 0.150127098 -0.986112773 -0.0710173324 0.150127098 -0.986112773 -0.0710173324 0.150127098 -0.986112773 -0.0710173324 0.0641167536 -0.290309668 -0.954782367 0.0641167536 -0.290309668 -0.954782367 0.0641167536 -0.290309668 -0.954782367 0.0588866584 -0.41213128 -0.909219563 0.0588866584 -0.41213128 -0.909219563 0.0588866584 -0.41213128 -0.909219563 0.138819113 -0.971556246 -0.191853479 0.138819113 -0.971556246 -0.191853479 0.138819113 -0.971556246 -0.191853479 0.200933009 -0.868691504 -0.452770501 0.200933009 -0.868691504 -0.452770501 0.200933009 -0.868691504 -0.452770501 0.0731438398 -0.316221952 -0.945861399 0.0731438398 -0.316221952 -0.945861399 0.0731438398 -0.316221952 -0.945861399 0.33541131 -0.939447224 0.0702722594 0.33541131 -0.939447224 0.0702722594 0.33541131 -0.939447224 0.0702722594 0.110348597 -0.258593589 -0.959662676 0.110348597 -0.258593589 -0.959662676 0.110348597 -0.258593589 -0.959662676 0.135969386 -0.40382272 -0.904676497 0.135969386 -0.40382272 -0.904676497 0.135969386 -0.40382272 -0.904676497 0.314199269 -0.933157086 -0.174632728 0.314199269 -0.933157086 -0.174632728 0.314199269 -0.933157086 -0.174632728 0.369621485 -0.813838601 -0.448382318 0.369621485 -0.813838601 -0.448382318 0.369621485 -0.813838601 -0.448382318 0.140471101 -0.309291542 -0.940535307 0.140471101 -0.309291542 -0.940535307 0.140471101 -0.309291542 -0.940535307 0.525313079 -0.845018685 0.0999479964 0.525313079 -0.845018685 0.0999479964 0.525313079 -0.845018685 0.0999479964 0.150813609 -0.216663077 -0.964527011 0.150813609 -0.216663077 -0.964527011 0.150813609 -0.216663077 -0.964527011 0.488828033 -0.837477326 -0.244292617 0.488828033 -0.837477326 -0.244292617 0.488828033 -0.837477326 -0.244292617 0.210578129 -0.360769808 -0.908571422 0.210578129 -0.360769808 -0.908571422 0.210578129 -0.360769808 -0.908571422 0.198496446 -0.269301564 -0.942377806 0.198496446 -0.269301564 -0.942377806 0.198496446 -0.269301564 -0.942377806 0.527042627 -0.715042472 -0.459282458 0.527042627 -0.715042472 -0.459282458 0.527042627 -0.715042472 -0.459282458 0.687382758 -0.726286352 -0.0035961289 0.687382758 -0.726286352 -0.0035961289 0.687382758 -0.726286352 -0.0035961289 0.19777742 -0.184232056 -0.962778628 0.19777742 -0.184232056 -0.962778628 0.19777742 -0.184232056 -0.962778628 0.277982503 -0.306558371 -0.910355806 0.277982503 -0.306558371 -0.910355806 0.277982503 -0.306558371 -0.910355806 0.650543451 -0.717417598 -0.249209285 0.650543451 -0.717417598 -0.249209285 0.650543451 -0.717417598 -0.249209285 0.233256683 -0.210312858 -0.94939971 0.233256683 -0.210312858 -0.94939971 0.233256683 -0.210312858 -0.94939971 0.654112339 -0.589771867 -0.473609686 0.654112339 -0.589771867 -0.473609686 0.654112339 -0.589771867 -0.473609686 0.36322552 -0.256886721 -0.895587206 0.36322552 -0.256886721 -0.895587206 0.36322552 -0.256886721 -0.895587206 0.811154604 -0.57367897 -0.11366944 0.811154604 -0.57367897 -0.11366944 0.811154604 -0.57367897 -0.11366944 0.298459589 -0.168618381 -0.939409256 0.298459589 -0.168618381 -0.939409256 0.298459589 -0.168618381 -0.939409256 0.786406279 -0.444289774 -0.429152429 0.786406279 -0.444289774 -0.429152429 0.786406279 -0.444289774 -0.429152429 0.883860409 -0.403978765 -0.235779166 0.883860409 -0.403978765 -0.235779166 0.883860409 -0.403978765 -0.235779166 0.378051758 -0.172792986 -0.909516037 0.378051758 -0.172792986 -0.909516037 0.378051758 -0.172792986 -0.909516037 0.917728245 -0.397208393 0.000614701887 0.917728245 -0.397208393 0.000614701887 0.917728245 -0.397208393 0.000614701887 0.255547911 -0.0910732597 -0.962497234 0.255547911 -0.0910732597 -0.962497234 0.255547911 -0.0910732597 -0.962497234 0.833846569 -0.282743156 -0.474084556 0.833846569 -0.282743156 -0.474084556 0.833846569 -0.282743156 -0.474084556 0.296555758 -0.100556999 -0.949706793 0.296555758 -0.100556999 -0.949706793 0.296555758 -0.100556999 -0.949706793 0.40684098 -0.0948944613 -0.908556819 0.40684098 -0.0948944613 -0.908556819 0.40684098 -0.0948944613 -0.908556819 0.972863138 -0.218719438 -0.0754920542 0.972863138 -0.218719438 -0.0754920542 0.972863138 -0.218719438 -0.0754920542 0.293242514 -0.0443692356 -0.95500797 0.293242514 -0.0443692356 -0.95500797 0.293242514 -0.0443692356 -0.95500797 0.958624601 -0.223596364 -0.176191539 0.958624601 -0.223596364 -0.176191539 0.958624601 -0.223596364 -0.176191539 0.881421685 -0.126359627 -0.455114394 0.881421685 -0.126359627 -0.455114394 0.881421685 -0.126359627 -0.455114394 0.316482604 -0.0453705899 -0.947512686 0.316482604 -0.0453705899 -0.947512686 0.316482604 -0.0453705899 -0.947512686 0.532038987 -0.00311472942 -0.846714139 0.532038987 -0.00311472942 -0.846714139 0.532038987 -0.00311472942 -0.846714139 0.330282301 -0.00468157837 -0.943870544 0.330282301 -0.00468157837 -0.943870544 0.330282301 -0.00468157837 -0.943870544 0.111949831 -0.0133795459 -0.993623793 0.111949831 -0.0133795459 -0.993623793 0.111949831 -0.0133795459 -0.993623793 0.219899997 -0.00557379238 -0.975506544 0.219899997 -0.00557379238 -0.975506544 0.219899997 -0.00557379238 -0.975506544 0.564079702 -0.0501051098 -0.824198782 0.564079702 -0.0501051098 -0.824198782 0.564079702 -0.0501051098 -0.824198782 0.565402925 -0.00413843663 -0.824804425 0.565402925 -0.00413843663 -0.824804425 0.565402925 -0.00413843663 -0.824804425 0.992969155 -0.0387885459 -0.111838281 0.992969155 -0.0387885459 -0.111838281 0.992969155 -0.0387885459 -0.111838281 0.943667531 -0.0208267886 -0.330238968 0.943667531 -0.0208267886 -0.330238968 0.943667531 -0.0208267886 -0.330238968 0.84670186 -0.00917165447 -0.53198868 0.84670186 -0.00917165447 -0.53198868 0.84670186 -0.00917165447 -0.53198868 0.707078636 -0.00441147247 -0.707121193 0.707078636 -0.00441147247 -0.707121193 0.707078636 -0.00441147247 -0.707121193 0.998605251 -0.0486063696 -0.0206149053 0.998605251 -0.0486063696 -0.0206149053 0.998605251 -0.0486063696 -0.0206149053 0.986658216 -0.0554724075 -0.153063253 0.986658216 -0.0554724075 -0.153063253 0.986658216 -0.0554724075 -0.153063253 0.426992565 -0.0240065977 -0.903936327 0.426992565 -0.0240065977 -0.903936327 0.426992565 -0.0240065977 -0.903936327 0.659059107 -0.0652078986 -0.749259055 0.659059107 -0.0652078986 -0.749259055 0.659059107 -0.0652078986 -0.749259055 0.661127508 -0.00510839187 -0.750256181 0.661127508 -0.00510839187 -0.750256181 0.661127508 -0.00510839187 -0.750256181 0 -0.993716955 -0.111922525 0 -0.993716955 -0.111922525 0 -0.993716955 -0.111922525 -0 -0.993716955 -0.111922525 -0 -0.993716955 -0.111922525 -0 -0.993716955 -0.111922525 -0 -0.943872333 -0.330310583 -0 -0.943872333 -0.330310583 -0 -0.943872333 -0.330310583 0 -0.943872333 -0.330310583 0 -0.943872333 -0.330310583 0 -0.943872333 -0.330310583 -0 -0.846737385 -0.532011032 -0 -0.846737385 -0.532011032 -0 -0.846737385 -0.532011032 0 -0.846737385 -0.532011032 0 -0.846737385 -0.532011032 0 -0.846737385 -0.532011032 -0 -0.70708549 -0.707128108 -0 -0.70708549 -0.707128108 -0 -0.70708549 -0.707128108 0 -0.70708549 -0.707128108 0 -0.70708549 -0.707128108 0 -0.70708549 -0.707128108 -0 -0.53204155 -0.846718192 -0 -0.53204155 -0.846718192 -0 -0.53204155 -0.846718192 -0 -0.330285937 -0.943880916 -0 -0.330285937 -0.943880916 -0 -0.330285937 -0.943880916 0 -0.53204155 -0.846718192 0 -0.53204155 -0.846718192 0 -0.53204155 -0.846718192 -0 -0.111959837 -0.993712783 -0 -0.111959837 -0.993712783 -0 -0.111959837 -0.993712783 -0 -0.330285937 -0.943880916 -0 -0.330285937 -0.943880916 -0 -0.330285937 -0.943880916 -0 -0.111959837 -0.993712783 -0 -0.111959837 -0.993712783 -0 -0.111959837 -0.993712783 -0.143147126 -0.2353044 -0.961322367 -0.143147126 -0.2353044 -0.961322367 -0.143147126 -0.2353044 -0.961322367 -0.573497832 -0.817494214 -0.0529481657 -0.573497832 -0.817494214 -0.0529481657 -0.573497832 -0.817494214 -0.0529481657 -0.707078338 -0.00448995782 -0.707121015 -0.707078338 -0.00448995782 -0.707121015 -0.707078338 -0.00448995782 -0.707121015 -0.532029152 -0.00683136331 -0.846698463 -0.532029152 -0.00683136331 -0.846698463 -0.532029152 -0.00683136331 -0.846698463 -0.330242842 -0.0161477197 -0.943757892 -0.330242842 -0.0161477197 -0.943757892 -0.330242842 -0.0161477197 -0.943757892 -0.111902624 -0.0319608487 -0.99320507 -0.111902624 -0.0319608487 -0.99320507 -0.111902624 -0.0319608487 -0.99320507 -0.286374748 -0.0136630852 -0.95802027 -0.286374748 -0.0136630852 -0.95802027 -0.286374748 -0.0136630852 -0.95802027 -0.750189126 -0.00585720269 -0.661197305 -0.750189126 -0.00585720269 -0.661197305 -0.750189126 -0.00585720269 -0.661197305 -0.747864306 -0.0689292625 -0.66026324 -0.747864306 -0.0689292625 -0.66026324 -0.747864306 -0.0689292625 -0.66026324 -0.993517101 -0.020053653 -0.111900032 -0.993517101 -0.020053653 -0.111900032 -0.993517101 -0.020053653 -0.111900032 -0.943830609 -0.00939636119 -0.33029598 -0.943830609 -0.00939636119 -0.33029598 -0.943830609 -0.00939636119 -0.33029598 -0.846724212 -0.00558449142 -0.532002747 -0.846724212 -0.00558449142 -0.532002747 -0.846724212 -0.00558449142 -0.532002747 -0.998843372 -0.0256014206 -0.0406997278 -0.998843372 -0.0256014206 -0.0406997278 -0.998843372 -0.0256014206 -0.0406997278 -0.822918594 -0.0613179728 -0.564840794 -0.822918594 -0.0613179728 -0.564840794 -0.822918594 -0.0613179728 -0.564840794 -0.824808061 -0.00618320145 -0.565378964 -0.824808061 -0.00618320145 -0.565378964 -0.824808061 -0.00618320145 -0.565378964 -0.316546023 -0.017749412 -0.948411107 -0.316546023 -0.017749412 -0.948411107 -0.316546023 -0.017749412 -0.948411107 -0.880765021 -0.0493863784 -0.470971406 -0.880765021 -0.0493863784 -0.470971406 -0.880765021 -0.0493863784 -0.470971406 -0.290309668 -0.0641167536 -0.954782367 -0.290309668 -0.0641167536 -0.954782367 -0.290309668 -0.0641167536 -0.954782367 -0.986112773 -0.150127098 -0.0710173324 -0.986112773 -0.150127098 -0.0710173324 -0.986112773 -0.150127098 -0.0710173324 -0.41213128 -0.0588866584 -0.909219563 -0.41213128 -0.0588866584 -0.909219563 -0.41213128 -0.0588866584 -0.909219563 -0.971556246 -0.138819113 -0.191853479 -0.971556246 -0.138819113 -0.191853479 -0.971556246 -0.138819113 -0.191853479 -0.316221952 -0.0731438398 -0.945861399 -0.316221952 -0.0731438398 -0.945861399 -0.316221952 -0.0731438398 -0.945861399 -0.868691504 -0.200933009 -0.452770501 -0.868691504 -0.200933009 -0.452770501 -0.868691504 -0.200933009 -0.452770501 -0.258593589 -0.110348597 -0.959662676 -0.258593589 -0.110348597 -0.959662676 -0.258593589 -0.110348597 -0.959662676 -0.939447224 -0.33541131 0.0702722594 -0.939447224 -0.33541131 0.0702722594 -0.939447224 -0.33541131 0.0702722594 -0.40382272 -0.135969386 -0.904676497 -0.40382272 -0.135969386 -0.904676497 -0.40382272 -0.135969386 -0.904676497 -0.933157086 -0.314199269 -0.174632728 -0.933157086 -0.314199269 -0.174632728 -0.933157086 -0.314199269 -0.174632728 -0.309291542 -0.140471101 -0.940535307 -0.309291542 -0.140471101 -0.940535307 -0.309291542 -0.140471101 -0.940535307 -0.813838601 -0.369621485 -0.448382318 -0.813838601 -0.369621485 -0.448382318 -0.813838601 -0.369621485 -0.448382318 -0.216663077 -0.150813609 -0.964527011 -0.216663077 -0.150813609 -0.964527011 -0.216663077 -0.150813609 -0.964527011 -0.845018685 -0.525313079 0.0999479964 -0.845018685 -0.525313079 0.0999479964 -0.845018685 -0.525313079 0.0999479964 -0.360769808 -0.210578129 -0.908571422 -0.360769808 -0.210578129 -0.908571422 -0.360769808 -0.210578129 -0.908571422 -0.837477326 -0.488828033 -0.244292617 -0.837477326 -0.488828033 -0.244292617 -0.837477326 -0.488828033 -0.244292617 -0.715042472 -0.527042627 -0.459282458 -0.715042472 -0.527042627 -0.459282458 -0.715042472 -0.527042627 -0.459282458 -0.269301564 -0.198496446 -0.942377806 -0.269301564 -0.198496446 -0.942377806 -0.269301564 -0.198496446 -0.942377806 -0.184232056 -0.19777742 -0.962778628 -0.184232056 -0.19777742 -0.962778628 -0.184232056 -0.19777742 -0.962778628 -0.726286352 -0.687382758 -0.0035961289 -0.726286352 -0.687382758 -0.0035961289 -0.726286352 -0.687382758 -0.0035961289 -0.717417598 -0.650543451 -0.249209285 -0.717417598 -0.650543451 -0.249209285 -0.717417598 -0.650543451 -0.249209285 -0.306558371 -0.277982503 -0.910355806 -0.306558371 -0.277982503 -0.910355806 -0.306558371 -0.277982503 -0.910355806 -0.57367897 -0.811154604 -0.11366944 -0.57367897 -0.811154604 -0.11366944 -0.57367897 -0.811154604 -0.11366944 -0.256886721 -0.36322552 -0.895587206 -0.256886721 -0.36322552 -0.895587206 -0.256886721 -0.36322552 -0.895587206 -0.210312858 -0.233256683 -0.94939971 -0.210312858 -0.233256683 -0.94939971 -0.210312858 -0.233256683 -0.94939971 -0.589771867 -0.654112339 -0.473609686 -0.589771867 -0.654112339 -0.473609686 -0.589771867 -0.654112339 -0.473609686 -0.444289774 -0.786406279 -0.429152429 -0.444289774 -0.786406279 -0.429152429 -0.444289774 -0.786406279 -0.429152429 -0.168618381 -0.298459589 -0.939409256 -0.168618381 -0.298459589 -0.939409256 -0.168618381 -0.298459589 -0.939409256 -0.403978765 -0.883860409 -0.235779166 -0.403978765 -0.883860409 -0.235779166 -0.403978765 -0.883860409 -0.235779166 -0.172792986 -0.378051758 -0.909516037 -0.172792986 -0.378051758 -0.909516037 -0.172792986 -0.378051758 -0.909516037 -0.0910732597 -0.255547911 -0.962497234 -0.0910732597 -0.255547911 -0.962497234 -0.0910732597 -0.255547911 -0.962497234 -0.397208393 -0.917728245 0.000614701887 -0.397208393 -0.917728245 0.000614701887 -0.397208393 -0.917728245 0.000614701887 -0.100556999 -0.296555758 -0.949706793 -0.100556999 -0.296555758 -0.949706793 -0.100556999 -0.296555758 -0.949706793 -0.282743156 -0.833846569 -0.474084556 -0.282743156 -0.833846569 -0.474084556 -0.282743156 -0.833846569 -0.474084556 -0.0948944613 -0.40684098 -0.908556819 -0.0948944613 -0.40684098 -0.908556819 -0.0948944613 -0.40684098 -0.908556819 -0.223596364 -0.958624601 -0.176191539 -0.223596364 -0.958624601 -0.176191539 -0.223596364 -0.958624601 -0.176191539 -0.0443692356 -0.293242514 -0.95500797 -0.0443692356 -0.293242514 -0.95500797 -0.0443692356 -0.293242514 -0.95500797 -0.218719438 -0.972863138 -0.0754920542 -0.218719438 -0.972863138 -0.0754920542 -0.218719438 -0.972863138 -0.0754920542 -0.0453705899 -0.316482604 -0.947512686 -0.0453705899 -0.316482604 -0.947512686 -0.0453705899 -0.316482604 -0.947512686 -0.126359627 -0.881421685 -0.455114394 -0.126359627 -0.881421685 -0.455114394 -0.126359627 -0.881421685 -0.455114394 -0.00557379238 -0.219899997 -0.975506544 -0.00557379238 -0.219899997 -0.975506544 -0.00557379238 -0.219899997 -0.975506544 -0.00311472942 -0.532038987 -0.846714139 -0.00311472942 -0.532038987 -0.846714139 -0.00311472942 -0.532038987 -0.846714139 -0.00468157837 -0.330282301 -0.943870544 -0.00468157837 -0.330282301 -0.943870544 -0.00468157837 -0.330282301 -0.943870544 -0.0133795459 -0.111949831 -0.993623793 -0.0133795459 -0.111949831 -0.993623793 -0.0133795459 -0.111949831 -0.993623793 -0.00413843663 -0.565402925 -0.824804425 -0.00413843663 -0.565402925 -0.824804425 -0.00413843663 -0.565402925 -0.824804425 -0.0501051098 -0.564079702 -0.824198782 -0.0501051098 -0.564079702 -0.824198782 -0.0501051098 -0.564079702 -0.824198782 -0.0240065977 -0.426992565 -0.903936327 -0.0240065977 -0.426992565 -0.903936327 -0.0240065977 -0.426992565 -0.903936327 -0.0554724075 -0.986658216 -0.153063253 -0.0554724075 -0.986658216 -0.153063253 -0.0554724075 -0.986658216 -0.153063253 -0.00510839187 -0.661127508 -0.750256181 -0.00510839187 -0.661127508 -0.750256181 -0.00510839187 -0.661127508 -0.750256181 -0.0387885459 -0.992969155 -0.111838281 -0.0387885459 -0.992969155 -0.111838281 -0.0387885459 -0.992969155 -0.111838281 -0.0208267886 -0.943667531 -0.330238968 -0.0208267886 -0.943667531 -0.330238968 -0.0208267886 -0.943667531 -0.330238968 -0.00917165447 -0.84670186 -0.53198868 -0.00917165447 -0.84670186 -0.53198868 -0.00917165447 -0.84670186 -0.53198868 -0.00441147247 -0.707078636 -0.707121193 -0.00441147247 -0.707078636 -0.707121193 -0.00441147247 -0.707078636 -0.707121193 -0.0486063696 -0.998605251 -0.0206149053 -0.0486063696 -0.998605251 -0.0206149053 -0.0486063696 -0.998605251 -0.0206149053 -0.0652078986 -0.659059107 -0.749259055 -0.0652078986 -0.659059107 -0.749259055 -0.0652078986 -0.659059107 -0.749259055 -0.993716955 0 -0.111922525 -0.993716955 0 -0.111922525 -0.993716955 0 -0.111922525 -0.943872333 0 -0.330310583 -0.943872333 0 -0.330310583 -0.943872333 0 -0.330310583 -0.993716955 0 -0.111922525 -0.993716955 0 -0.111922525 -0.993716955 0 -0.111922525 -0.846737385 0 -0.532011032 -0.846737385 0 -0.532011032 -0.846737385 0 -0.532011032 -0.943872333 0 -0.330310583 -0.943872333 0 -0.330310583 -0.943872333 0 -0.330310583 -0.70708549 0 -0.707128108 -0.70708549 0 -0.707128108 -0.70708549 0 -0.707128108 -0.846737385 0 -0.532011032 -0.846737385 0 -0.532011032 -0.846737385 0 -0.532011032 -0.53204155 0 -0.846718192 -0.53204155 0 -0.846718192 -0.53204155 0 -0.846718192 -0.70708549 0 -0.707128108 -0.70708549 0 -0.707128108 -0.70708549 0 -0.707128108 -0.330285937 0 -0.943880916 -0.330285937 0 -0.943880916 -0.330285937 0 -0.943880916 -0.53204155 0 -0.846718192 -0.53204155 0 -0.846718192 -0.53204155 0 -0.846718192 -0.111959837 0 -0.993712783 -0.111959837 0 -0.993712783 -0.111959837 0 -0.993712783 -0.330285937 0 -0.943880916 -0.330285937 0 -0.943880916 -0.330285937 0 -0.943880916 -0.111959837 0 -0.993712783 -0.111959837 0 -0.993712783 -0.111959837 0 -0.993712783 -0.2353044 0.143147126 -0.961322367 -0.2353044 0.143147126 -0.961322367 -0.2353044 0.143147126 -0.961322367 -0.81869638 0.572522819 -0.0442017168 -0.81869638 0.572522819 -0.0442017168 -0.81869638 0.572522819 -0.0442017168 -0.0318507589 0.111903079 -0.993208587 -0.0318507589 0.111903079 -0.993208587 -0.0318507589 0.111903079 -0.993208587 -0.0161126778 0.330243021 -0.943758368 -0.0161126778 0.330243021 -0.943758368 -0.0161126778 0.330243021 -0.943758368 -0.00684609683 0.532029092 -0.846698344 -0.00684609683 0.532029092 -0.846698344 -0.00684609683 0.532029092 -0.846698344 -0.00452657277 0.707078278 -0.707120776 -0.00452657277 0.707078278 -0.707120776 -0.00452657277 0.707078278 -0.707120776 -0.013654192 0.286188364 -0.958076119 -0.013654192 0.286188364 -0.958076119 -0.013654192 0.286188364 -0.958076119 -0.00589197176 0.75018847 -0.661197901 -0.00589197176 0.75018847 -0.661197901 -0.00589197176 0.75018847 -0.661197901 -0.0690184012 0.747855544 -0.660264075 -0.0690184012 0.747855544 -0.660264075 -0.0690184012 0.747855544 -0.660264075 -0.00562753202 0.846724033 -0.532002628 -0.00562753202 0.846724033 -0.532002628 -0.00562753202 0.846724033 -0.532002628 -0.00943256076 0.943830252 -0.330295861 -0.00943256076 0.943830252 -0.330295861 -0.00943256076 0.943830252 -0.330295861 -0.02005402 0.993517101 -0.111900017 -0.02005402 0.993517101 -0.111900017 -0.02005402 0.993517101 -0.111900017 -0.0257764738 0.998939335 -0.0381546319 -0.0257764738 0.998939335 -0.0381546319 -0.0257764738 0.998939335 -0.0381546319 -0.0614696704 0.82290709 -0.564841092 -0.0614696704 0.82290709 -0.564841092 -0.0614696704 0.82290709 -0.564841092 -0.00622238265 0.824807286 -0.56537956 -0.00622238265 0.824807286 -0.56537956 -0.00622238265 0.824807286 -0.56537956 -0.0178496055 0.317109138 -0.948221028 -0.0178496055 0.317109138 -0.948221028 -0.0178496055 0.317109138 -0.948221028 -0.0495836847 0.880884409 -0.470727235 -0.0495836847 0.880884409 -0.470727235 -0.0495836847 0.880884409 -0.470727235 -0.0640130341 0.289839983 -0.954931974 -0.0640130341 0.289839983 -0.954931974 -0.0640130341 0.289839983 -0.954931974 -0.151113033 0.98629564 -0.0662262812 -0.151113033 0.98629564 -0.0662262812 -0.151113033 0.98629564 -0.0662262812 -0.0590984859 0.412246436 -0.909153521 -0.0590984859 0.412246436 -0.909153521 -0.0590984859 0.412246436 -0.909153521 -0.139224067 0.971169114 -0.193512708 -0.139224067 0.971169114 -0.193512708 -0.139224067 0.971169114 -0.193512708 -0.0736664981 0.317471445 -0.945402086 -0.0736664981 0.317471445 -0.945402086 -0.0736664981 0.317471445 -0.945402086 -0.201599777 0.8688097 -0.452246755 -0.201599777 0.8688097 -0.452246755 -0.201599777 0.8688097 -0.452246755 -0.110214978 0.258280426 -0.959762454 -0.110214978 0.258280426 -0.959762454 -0.110214978 0.258280426 -0.959762454 -0.336751282 0.938761115 0.0729796514 -0.336751282 0.938761115 0.0729796514 -0.336751282 0.938761115 0.0729796514 -0.136110708 0.403239042 -0.904915571 -0.136110708 0.403239042 -0.904915571 -0.136110708 0.403239042 -0.904915571 -0.314565569 0.931925952 -0.18045108 -0.314565569 0.931925952 -0.18045108 -0.314565569 0.931925952 -0.18045108 -0.370503843 0.81412077 -0.447140217 -0.370503843 0.81412077 -0.447140217 -0.370503843 0.81412077 -0.447140217 -0.141287982 0.310456902 -0.940028846 -0.141287982 0.310456902 -0.940028846 -0.141287982 0.310456902 -0.940028846 -0.150638029 0.216410846 -0.964611053 -0.150638029 0.216410846 -0.964611053 -0.150638029 0.216410846 -0.964611053 -0.526507556 0.844063103 0.101721309 -0.526507556 0.844063103 0.101721309 -0.526507556 0.844063103 0.101721309 -0.48879379 0.835951269 -0.249531686 -0.48879379 0.835951269 -0.249531686 -0.48879379 0.835951269 -0.249531686 -0.210458741 0.359933496 -0.908930659 -0.210458741 0.359933496 -0.908930659 -0.210458741 0.359933496 -0.908930659 -0.199573129 0.270334691 -0.941854358 -0.199573129 0.270334691 -0.941854358 -0.199573129 0.270334691 -0.941854358 -0.528019249 0.715236187 -0.457856923 -0.528019249 0.715236187 -0.457856923 -0.528019249 0.715236187 -0.457856923 -0.197456643 0.183933228 -0.962901592 -0.197456643 0.183933228 -0.962901592 -0.197456643 0.183933228 -0.962901592 -0.688464284 0.725267768 -0.00191393332 -0.688464284 0.725267768 -0.00191393332 -0.688464284 0.725267768 -0.00191393332 -0.650209725 0.715978622 -0.254168749 -0.650209725 0.715978622 -0.254168749 -0.650209725 0.715978622 -0.254168749 -0.277796209 0.305895388 -0.91063565 -0.277796209 0.305895388 -0.91063565 -0.277796209 0.305895388 -0.91063565 -0.36217159 0.255940109 -0.896284819 -0.36217159 0.255940109 -0.896284819 -0.36217159 0.255940109 -0.896284819 -0.654864967 0.58957994 -0.472808003 -0.654864967 0.58957994 -0.472808003 -0.654864967 0.58957994 -0.472808003 -0.810556471 0.572805583 -0.122032374 -0.810556471 0.572805583 -0.122032374 -0.810556471 0.572805583 -0.122032374 -0.234474957 0.21109958 -0.948924959 -0.234474957 0.21109958 -0.948924959 -0.234474957 0.21109958 -0.948924959 -0.299369365 0.168983474 -0.939054072 -0.299369365 0.168983474 -0.939054072 -0.299369365 0.168983474 -0.939054072 -0.786463737 0.443931103 -0.429418147 -0.786463737 0.443931103 -0.429418147 -0.786463737 0.443931103 -0.429418147 -0.882662773 0.403026611 -0.241818279 -0.882662773 0.403026611 -0.241818279 -0.882662773 0.403026611 -0.241818279 -0.377258956 0.172257632 -0.90994674 -0.377258956 0.172257632 -0.90994674 -0.377258956 0.172257632 -0.90994674 -0.255547911 0.0910732597 -0.962497234 -0.255547911 0.0910732597 -0.962497234 -0.255547911 0.0910732597 -0.962497234 -0.918020546 0.396508276 -0.00440501748 -0.918020546 0.396508276 -0.00440501748 -0.918020546 0.396508276 -0.00440501748 -0.296555758 0.100556999 -0.949706793 -0.296555758 0.100556999 -0.949706793 -0.296555758 0.100556999 -0.949706793 -0.833846569 0.282743156 -0.474084556 -0.833846569 0.282743156 -0.474084556 -0.833846569 0.282743156 -0.474084556 -0.40684098 0.0948944613 -0.908556819 -0.40684098 0.0948944613 -0.908556819 -0.40684098 0.0948944613 -0.908556819 -0.958624601 0.223596364 -0.176191539 -0.958624601 0.223596364 -0.176191539 -0.958624601 0.223596364 -0.176191539 -0.293242514 0.0443692356 -0.95500797 -0.293242514 0.0443692356 -0.95500797 -0.293242514 0.0443692356 -0.95500797 -0.972863138 0.218719438 -0.0754920542 -0.972863138 0.218719438 -0.0754920542 -0.972863138 0.218719438 -0.0754920542 -0.316482604 0.0453705899 -0.947512686 -0.316482604 0.0453705899 -0.947512686 -0.316482604 0.0453705899 -0.947512686 -0.881421685 0.126359627 -0.455114394 -0.881421685 0.126359627 -0.455114394 -0.881421685 0.126359627 -0.455114394 -0.219899997 0.00557379238 -0.975506544 -0.219899997 0.00557379238 -0.975506544 -0.219899997 0.00557379238 -0.975506544 -0.532038987 0.00311472942 -0.846714139 -0.532038987 0.00311472942 -0.846714139 -0.532038987 0.00311472942 -0.846714139 -0.330282301 0.00468157837 -0.943870544 -0.330282301 0.00468157837 -0.943870544 -0.330282301 0.00468157837 -0.943870544 -0.111949831 0.0133795459 -0.993623793 -0.111949831 0.0133795459 -0.993623793 -0.111949831 0.0133795459 -0.993623793 -0.565402925 0.00413843663 -0.824804425 -0.565402925 0.00413843663 -0.824804425 -0.565402925 0.00413843663 -0.824804425 -0.564079702 0.0501051098 -0.824198782 -0.564079702 0.0501051098 -0.824198782 -0.564079702 0.0501051098 -0.824198782 -0.426992565 0.0240065977 -0.903936327 -0.426992565 0.0240065977 -0.903936327 -0.426992565 0.0240065977 -0.903936327 -0.986658216 0.0554724075 -0.153063253 -0.986658216 0.0554724075 -0.153063253 -0.986658216 0.0554724075 -0.153063253 -0.992969155 0.0387885459 -0.111838281 -0.992969155 0.0387885459 -0.111838281 -0.992969155 0.0387885459 -0.111838281 -0.943667531 0.0208267886 -0.330238968 -0.943667531 0.0208267886 -0.330238968 -0.943667531 0.0208267886 -0.330238968 -0.84670186 0.00917165447 -0.53198868 -0.84670186 0.00917165447 -0.53198868 -0.84670186 0.00917165447 -0.53198868 -0.707078636 0.00441147247 -0.707121193 -0.707078636 0.00441147247 -0.707121193 -0.707078636 0.00441147247 -0.707121193 -0.998605251 0.0486063696 -0.0206149053 -0.998605251 0.0486063696 -0.0206149053 -0.998605251 0.0486063696 -0.0206149053 -0.659059107 0.0652078986 -0.749259055 -0.659059107 0.0652078986 -0.749259055 -0.659059107 0.0652078986 -0.749259055 -0.661127508 0.00510839187 -0.750256181 -0.661127508 0.00510839187 -0.750256181 -0.661127508 0.00510839187 -0.750256181 0.023446152 -0.999725163 0 0.023446152 -0.999725163 0 0.023446152 -0.999725163 0 0.023446152 -0.999725163 0 0.023446152 -0.999725163 0 0.023446152 -0.999725163 0 0.147675738 -0.989035845 0 0.147675738 -0.989035845 0 0.147675738 -0.989035845 0 0.147675738 -0.989035845 0 0.147675738 -0.989035845 0 0.147675738 -0.989035845 0 0.325506151 -0.945539892 0 0.325506151 -0.945539892 0 0.325506151 -0.945539892 0 0.325506151 -0.945539892 0 0.325506151 -0.945539892 0 0.325506151 -0.945539892 0 0.497788608 -0.867298424 0 0.497788608 -0.867298424 0 0.497788608 -0.867298424 0 0.497788608 -0.867298424 0 0.497788608 -0.867298424 0 0.497788608 -0.867298424 0 0.658736587 -0.752373636 0 0.658736587 -0.752373636 0 0.658736587 -0.752373636 0 0.658736587 -0.752373636 0 0.658736587 -0.752373636 0 0.658736587 -0.752373636 0 0.805770516 -0.592227876 0 0.805770516 -0.592227876 0 0.805770516 -0.592227876 0 0.805770516 -0.592227876 0 0.805770516 -0.592227876 0 0.805770516 -0.592227876 0 0.917794764 -0.397055209 0 0.917794764 -0.397055209 0 0.917794764 -0.397055209 0 0.917794764 -0.397055209 0 0.917794764 -0.397055209 0 0.917794764 -0.397055209 0 0.975530982 -0.219861925 0 0.975530982 -0.219861925 0 0.975530982 -0.219861925 0 0.975530982 -0.219861925 0 0.975530982 -0.219861925 0 0.975530982 -0.219861925 0 0.998648942 -0.0519631356 0 0.998648942 -0.0519631356 0 0.998648942 -0.0519631356 0 0.998648942 -0.0519631356 0 0.998648942 -0.0519631356 0 0.998648942 -0.0519631356 0 1 0 -0 1 0 -0 1 0 -0 1 0 0 1 0 0 1 0 0 0.999725163 0.023446152 0 0.999725163 0.023446152 0 0.999725163 0.023446152 0 0.999725163 0.023446152 0 0.999725163 0.023446152 0 0.999725163 0.023446152 0 0.989035845 0.147675738 0 0.989035845 0.147675738 0 0.989035845 0.147675738 0 0.989035845 0.147675738 0 0.989035845 0.147675738 0 0.989035845 0.147675738 0 0.945539892 0.325506151 0 0.945539892 0.325506151 0 0.945539892 0.325506151 0 0.945539892 0.325506151 0 0.945539892 0.325506151 0 0.945539892 0.325506151 0 0.867298424 0.497788608 0 0.867298424 0.497788608 0 0.867298424 0.497788608 0 0.867298424 0.497788608 0 0.867298424 0.497788608 0 0.867298424 0.497788608 0 0.752373636 0.658736587 0 0.752373636 0.658736587 0 0.752373636 0.658736587 0 0.752373636 0.658736587 0 0.752373636 0.658736587 0 0.752373636 0.658736587 0 0.592227876 0.805770516 0 0.592227876 0.805770516 0 0.592227876 0.805770516 0 0.592227876 0.805770516 0 0.592227876 0.805770516 0 0.592227876 0.805770516 0 0.397055209 0.917794764 0 0.397055209 0.917794764 0 0.397055209 0.917794764 0 0.397055209 0.917794764 0 0.397055209 0.917794764 0 0.397055209 0.917794764 0 0.219861925 0.975530982 0 0.219861925 0.975530982 0 0.219861925 0.975530982 0 0.219861925 0.975530982 0 0.219861925 0.975530982 0 0.219861925 0.975530982 0 0.0519631356 0.998648942 0 0.0519631356 0.998648942 0 0.0519631356 0.998648942 0 0.0519631356 0.998648942 0 0.0519631356 0.998648942 0 0.0519631356 0.998648942 0 0 1 0 0 1 0 0 1 0 0 1 0 0 1 0 0 1 0 -0.023446152 0.999725163 0 -0.023446152 0.999725163 0 -0.023446152 0.999725163 0 -0.023446152 0.999725163 0 -0.023446152 0.999725163 0 -0.023446152 0.999725163 0 -0.147675738 0.989035845 0 -0.147675738 0.989035845 0 -0.147675738 0.989035845 0 -0.147675738 0.989035845 0 -0.147675738 0.989035845 0 -0.147675738 0.989035845 0 -0.325506151 0.945539892 0 -0.325506151 0.945539892 0 -0.325506151 0.945539892 0 -0.325506151 0.945539892 0 -0.325506151 0.945539892 0 -0.325506151 0.945539892 0 -0.497788608 0.867298424 0 -0.497788608 0.867298424 0 -0.497788608 0.867298424 0 -0.497788608 0.867298424 0 -0.497788608 0.867298424 0 -0.497788608 0.867298424 0 -0.658736587 0.752373636 0 -0.658736587 0.752373636 0 -0.658736587 0.752373636 0 -0.658736587 0.752373636 0 -0.658736587 0.752373636 0 -0.658736587 0.752373636 0 -0.805770516 0.592227876 0 -0.805770516 0.592227876 0 -0.805770516 0.592227876 0 -0.805770516 0.592227876 0 -0.805770516 0.592227876 0 -0.805770516 0.592227876 0 -0.917794764 0.397055209 0 -0.917794764 0.397055209 0 -0.917794764 0.397055209 0 -0.917794764 0.397055209 0 -0.917794764 0.397055209 0 -0.917794764 0.397055209 0 -0.975530982 0.219861925 0 -0.975530982 0.219861925 0 -0.975530982 0.219861925 0 -0.975530982 0.219861925 0 -0.975530982 0.219861925 0 -0.975530982 0.219861925 0 -0.998648942 0.0519631356 0 -0.998648942 0.0519631356 0 -0.998648942 0.0519631356 0 -0.998648942 0.0519631356 0 -0.998648942 0.0519631356 0 -0.998648942 0.0519631356 0 -1 -0 -0 -1 -0 -0 -1 -0 -0 -1 0 0 -1 0 0 -1 0 0 -0.999725163 -0.023446152 -0 -0.999725163 -0.023446152 -0 -0.999725163 -0.023446152 -0 -0.999725163 -0.023446152 0 -0.999725163 -0.023446152 0 -0.999725163 -0.023446152 0 -0.989035845 -0.147675738 -0 -0.989035845 -0.147675738 -0 -0.989035845 -0.147675738 -0 -0.989035845 -0.147675738 0 -0.989035845 -0.147675738 0 -0.989035845 -0.147675738 0 -0.945539892 -0.325506151 -0 -0.945539892 -0.325506151 -0 -0.945539892 -0.325506151 -0 -0.945539892 -0.325506151 0 -0.945539892 -0.325506151 0 -0.945539892 -0.325506151 0 -0.867298424 -0.497788608 0 -0.867298424 -0.497788608 0 -0.867298424 -0.497788608 0 -0.867298424 -0.497788608 -0 -0.867298424 -0.497788608 -0 -0.867298424 -0.497788608 -0 -0.752373636 -0.658736587 0 -0.752373636 -0.658736587 0 -0.752373636 -0.658736587 0 -0.752373636 -0.658736587 -0 -0.752373636 -0.658736587 -0 -0.752373636 -0.658736587 -0 -0.592227876 -0.805770516 0 -0.592227876 -0.805770516 0 -0.592227876 -0.805770516 0 -0.592227876 -0.805770516 -0 -0.592227876 -0.805770516 -0 -0.592227876 -0.805770516 -0 -0.397055209 -0.917794764 0 -0.397055209 -0.917794764 0 -0.397055209 -0.917794764 0 -0.397055209 -0.917794764 -0 -0.397055209 -0.917794764 -0 -0.397055209 -0.917794764 -0 -0.219861925 -0.975530982 0 -0.219861925 -0.975530982 0 -0.219861925 -0.975530982 0 -0.219861925 -0.975530982 -0 -0.219861925 -0.975530982 -0 -0.219861925 -0.975530982 -0 -0.0519631356 -0.998648942 0 -0.0519631356 -0.998648942 0 -0.0519631356 -0.998648942 0 -0.0519631356 -0.998648942 -0 -0.0519631356 -0.998648942 -0 -0.0519631356 -0.998648942 -0 0 -1 0 0 -1 0 0 -1 0 0 -1 0 0 -1 0 0 -1 0 0 1 0 0 1 0 0 1 0 0 1 0 0 1 0 0 1 0 0.999671638 0.0256226491 0 0.999671638 0.0256226491 0 0.999671638 0.0256226491 0 0.988608897 0.150507122 -0.000370262162 0.988608897 0.150507122 -0.000370262162 0.988608897 0.150507122 -0.000370262162 0.99963665 0.0269538425 0.000206298733 0.99963665 0.0269538425 0.000206298733 0.99963665 0.0269538425 0.000206298733 0.941774845 0.336242288 -0.00115267292 0.941774845 0.336242288 -0.00115267292 0.941774845 0.336242288 -0.00115267292 0.987209082 0.159428239 0.00098884746 0.987209082 0.159428239 0.00098884746 0.987209082 0.159428239 0.00098884746 0.84927088 0.527956486 -0.00089861959 0.84927088 0.527956486 -0.00089861959 0.84927088 0.527956486 -0.00089861959 0.937225938 0.348721683 0.000882919063 0.937225938 0.348721683 0.000882919063 0.937225938 0.348721683 0.000882919063 0.726290882 0.687387049 -0.000783344323 0.726290882 0.687387049 -0.000783344323 0.726290882 0.687387049 -0.000783344323 0.843208075 0.537586629 0.000872520497 0.843208075 0.537586629 0.000872520497 0.843208075 0.537586629 0.000872520497 0.574302018 0.81864053 -0.00221450347 0.574302018 0.81864053 -0.00221450347 0.574302018 0.81864053 -0.00221450347 0.711319327 0.702865362 0.00225621276 0.711319327 0.702865362 0.00225621276 0.711319327 0.702865362 0.00225621276 0.397208363 0.917728007 -0.000901116524 0.397208363 0.917728007 -0.000901116524 0.397208363 0.917728007 -0.000901116524 0.555867136 0.831270635 0.000900437532 0.555867136 0.831270635 0.000900437532 0.555867136 0.831270635 0.000900437532 0.219345257 0.975646794 -0.00100800337 0.219345257 0.975646794 -0.00100800337 0.219345257 0.975646794 -0.00100800337 0.384068429 0.923304021 0.00109473453 0.384068429 0.923304021 0.00109473453 0.384068429 0.923304021 0.00109473453 0.0486166999 0.998817325 -0.000691509922 0.0486166999 0.998817325 -0.000691509922 0.0486166999 0.998817325 -0.000691509922 0.207482055 0.978238583 0.000643829932 0.207482055 0.978238583 0.000643829932 0.207482055 0.978238583 0.000643829932 0.0453588963 0.998970687 0 0.0453588963 0.998970687 0 0.0453588963 0.998970687 0 1 0 -0 1 0 -0 1 0 -0 1 0 0 1 0 0 1 0 0 0.0256226491 -0.999671638 0 0.0256226491 -0.999671638 0 0.0256226491 -0.999671638 0 0.150507122 -0.988608897 -0.000370262162 0.150507122 -0.988608897 -0.000370262162 0.150507122 -0.988608897 -0.000370262162 0.0269538425 -0.99963665 0.000206298733 0.0269538425 -0.99963665 0.000206298733 0.0269538425 -0.99963665 0.000206298733 0.336242288 -0.941774845 -0.00115267292 0.336242288 -0.941774845 -0.00115267292 0.336242288 -0.941774845 -0.00115267292 0.159428239 -0.987209082 0.00098884746 0.159428239 -0.987209082 0.00098884746 0.159428239 -0.987209082 0.00098884746 0.527956486 -0.84927088 -0.00089861959 0.527956486 -0.84927088 -0.00089861959 0.527956486 -0.84927088 -0.00089861959 0.348721683 -0.937225938 0.000882919063 0.348721683 -0.937225938 0.000882919063 0.348721683 -0.937225938 0.000882919063 0.687387049 -0.726290882 -0.000783344323 0.687387049 -0.726290882 -0.000783344323 0.687387049 -0.726290882 -0.000783344323 0.537586629 -0.843208075 0.000872520497 0.537586629 -0.843208075 0.000872520497 0.537586629 -0.843208075 0.000872520497 0.81864053 -0.574302018 -0.00221450347 0.81864053 -0.574302018 -0.00221450347 0.81864053 -0.574302018 -0.00221450347 0.702865362 -0.711319327 0.00225621276 0.702865362 -0.711319327 0.00225621276 0.702865362 -0.711319327 0.00225621276 0.917728007 -0.397208363 -0.000901116524 0.917728007 -0.397208363 -0.000901116524 0.917728007 -0.397208363 -0.000901116524 0.831270635 -0.555867136 0.000900437532 0.831270635 -0.555867136 0.000900437532 0.831270635 -0.555867136 0.000900437532 0.975646794 -0.219345257 -0.00100800337 0.975646794 -0.219345257 -0.00100800337 0.975646794 -0.219345257 -0.00100800337 0.923304021 -0.384068429 0.00109473453 0.923304021 -0.384068429 0.00109473453 0.923304021 -0.384068429 0.00109473453 0.998817325 -0.0486166999 -0.000691509922 0.998817325 -0.0486166999 -0.000691509922 0.998817325 -0.0486166999 -0.000691509922 0.978238583 -0.207482055 0.000643829932 0.978238583 -0.207482055 0.000643829932 0.978238583 -0.207482055 0.000643829932 0.998970687 -0.0453588963 0 0.998970687 -0.0453588963 0 0.998970687 -0.0453588963 0 0 -1 0 0 -1 0 0 -1 0 0 -1 0 0 -1 0 0 -1 0 -0.999671638 -0.0256226491 -0 -0.999671638 -0.0256226491 -0 -0.999671638 -0.0256226491 -0 -0.988608897 -0.150507122 -0.000370262162 -0.988608897 -0.150507122 -0.000370262162 -0.988608897 -0.150507122 -0.000370262162 -0.99963665 -0.0269538425 0.000206298733 -0.99963665 -0.0269538425 0.000206298733 -0.99963665 -0.0269538425 0.000206298733 -0.941774845 -0.336242288 -0.00115267292 -0.941774845 -0.336242288 -0.00115267292 -0.941774845 -0.336242288 -0.00115267292 -0.987209082 -0.159428239 0.00098884746 -0.987209082 -0.159428239 0.00098884746 -0.987209082 -0.159428239 0.00098884746 -0.84927088 -0.527956486 -0.00089861959 -0.84927088 -0.527956486 -0.00089861959 -0.84927088 -0.527956486 -0.00089861959 -0.937225938 -0.348721683 0.000882919063 -0.937225938 -0.348721683 0.000882919063 -0.937225938 -0.348721683 0.000882919063 -0.726290882 -0.687387049 -0.000783344323 -0.726290882 -0.687387049 -0.000783344323 -0.726290882 -0.687387049 -0.000783344323 -0.843208075 -0.537586629 0.000872520497 -0.843208075 -0.537586629 0.000872520497 -0.843208075 -0.537586629 0.000872520497 -0.574302018 -0.81864053 -0.00221450347 -0.574302018 -0.81864053 -0.00221450347 -0.574302018 -0.81864053 -0.00221450347 -0.711319327 -0.702865362 0.00225621276 -0.711319327 -0.702865362 0.00225621276 -0.711319327 -0.702865362 0.00225621276 -0.397208363 -0.917728007 -0.000901116524 -0.397208363 -0.917728007 -0.000901116524 -0.397208363 -0.917728007 -0.000901116524 -0.555867136 -0.831270635 0.000900437532 -0.555867136 -0.831270635 0.000900437532 -0.555867136 -0.831270635 0.000900437532 -0.219345257 -0.975646794 -0.00100800337 -0.219345257 -0.975646794 -0.00100800337 -0.219345257 -0.975646794 -0.00100800337 -0.384068429 -0.923304021 0.00109473453 -0.384068429 -0.923304021 0.00109473453 -0.384068429 -0.923304021 0.00109473453 -0.0486166999 -0.998817325 -0.000691509922 -0.0486166999 -0.998817325 -0.000691509922 -0.0486166999 -0.998817325 -0.000691509922 -0.207482055 -0.978238583 0.000643829932 -0.207482055 -0.978238583 0.000643829932 -0.207482055 -0.978238583 0.000643829932 -0.0453588963 -0.998970687 -0 -0.0453588963 -0.998970687 -0 -0.0453588963 -0.998970687 -0 -1 -0 0 -1 -0 0 -1 -0 0 -1 0 -0 -1 0 -0 -1 0 -0 -0.0257952567 0.999667287 0 -0.0257952567 0.999667287 0 -0.0257952567 0.999667287 0 -0.151445508 0.988465548 -0.000328596332 -0.151445508 0.988465548 -0.000328596332 -0.151445508 0.988465548 -0.000328596332 -0.0269538425 0.99963665 0.000180218471 -0.0269538425 0.99963665 0.000180218471 -0.0269538425 0.99963665 0.000180218471 -0.337651461 0.94127059 -0.00104770379 -0.337651461 0.94127059 -0.00104770379 -0.337651461 0.94127059 -0.00104770379 -0.159428254 0.987209141 0.000897018472 -0.159428254 0.987209141 0.000897018472 -0.159428254 0.987209141 0.000897018472 -0.529252648 0.848463833 -0.000785648008 -0.529252648 0.848463833 -0.000785648008 -0.529252648 0.848463833 -0.000785648008 -0.348721713 0.937225997 0.000772350293 -0.348721713 0.937225997 0.000772350293 -0.348721713 0.937225997 0.000772350293 -0.688465357 0.7252689 -0.000682230981 -0.688465357 0.7252689 -0.000682230981 -0.688465357 0.7252689 -0.000682230981 -0.537586629 0.843208134 0.000759478949 -0.537586629 0.843208134 0.000759478949 -0.537586629 0.843208134 0.000759478949 -0.819495499 0.573081672 -0.00212931097 -0.819495499 0.573081672 -0.00212931097 -0.819495499 0.573081672 -0.00212931097 -0.702865481 0.711319447 0.0021705851 -0.702865481 0.711319447 0.0021705851 -0.702865481 0.711319447 0.0021705851 -0.918029249 0.396512091 -0.000795043947 -0.918029249 0.396512091 -0.000795043947 -0.918029249 0.396512091 -0.000795043947 -0.831270754 0.555867195 0.000802201277 -0.831270754 0.555867195 0.000802201277 -0.831270754 0.555867195 0.000802201277 -0.975646794 0.219345257 -0.00100800337 -0.975646794 0.219345257 -0.00100800337 -0.975646794 0.219345257 -0.00100800337 -0.923304021 0.384068429 0.00109473453 -0.923304021 0.384068429 0.00109473453 -0.923304021 0.384068429 0.00109473453 -0.998817325 0.0486166999 -0.000691509922 -0.998817325 0.0486166999 -0.000691509922 -0.998817325 0.0486166999 -0.000691509922 -0.978238583 0.207482055 0.000643829932 -0.978238583 0.207482055 0.000643829932 -0.978238583 0.207482055 0.000643829932 -0.998970687 0.0453588963 0 -0.998970687 0.0453588963 0 -0.998970687 0.0453588963 0 0 0 1 0 0 1 0 0 1 0 0 1 0 0 1 0 0 1 0 0 1 0 0 1 0 0 1 0 0 1 0 0 1 0 0 1 0 0 1 0 0 1 0 0 1 0 0 1 0 0 1 0 0 1 0 0 1 0 0 1 0 0 1 0 0 1 0 0 1 0 0 1 0 0 1 0 0 1 0 0 1 0 0 1 0 0 1 0 0 1 0 0 1 0 0 1 0 0 1 0 0 1 0 0 1 0 0 1 0 0 1 0 0 1 0 0 1 0 0 1 0 0 1 0 0 1 -7.66701825e-16 1.29812246e-15 1 -7.66701825e-16 1.29812246e-15 1 -7.66701825e-16 1.29812246e-15 1 -2.5938042e-15 -6.08314512e-17 1 -2.5938042e-15 -6.08314512e-17 1 -2.5938042e-15 -6.08314512e-17 1 1.02868107e-15 -1.59995185e-15 1 1.02868107e-15 -1.59995185e-15 1 1.02868107e-15 -1.59995185e-15 1 0 0 1 0 0 1 0 0 1 3.77907182e-18 -1.61877472e-15 1 3.77907182e-18 -1.61877472e-15 1 3.77907182e-18 -1.61877472e-15 1 3.1275062e-18 -1.59995185e-15 1 3.1275062e-18 -1.59995185e-15 1 3.1275062e-18 -1.59995185e-15 1 -1.59242258e-15 -3.46631955e-17 1 -1.59242258e-15 -3.46631955e-17 1 -1.59242258e-15 -3.46631955e-17 1 -2.5938042e-15 0 1 -2.5938042e-15 0 1 -2.5938042e-15 0 1 -1.59242258e-15 -1.02384028e-15 1 -1.59242258e-15 -1.02384028e-15 1 -1.59242258e-15 -1.02384028e-15 1 -8.60443861e-16 -3.81753567e-16 1 -8.60443861e-16 -3.81753567e-16 1 -8.60443861e-16 -3.81753567e-16 1 5.96221793e-17 -1.61877462e-15 1 5.96221793e-17 -1.61877462e-15 1 5.96221793e-17 -1.61877462e-15 1 8.22713837e-17 5.289598e-17 1 8.22713837e-17 5.289598e-17 1 8.22713837e-17 5.289598e-17 1 1.2286283e-16 -1.83564911e-17 1 1.2286283e-16 -1.83564911e-17 1 1.2286283e-16 -1.83564911e-17 1 -2.55851993e-17 1.21977747e-16 1 -2.55851993e-17 1.21977747e-16 1 -2.55851993e-17 1.21977747e-16 1 -1.73161758e-17 1.16217566e-16 1 -1.73161758e-17 1.16217566e-16 1 -1.73161758e-17 1.16217566e-16 1 1.15326527e-16 -2.59919074e-17 1 1.15326527e-16 -2.59919074e-17 1 1.15326527e-16 -2.59919074e-17 1 1.18029515e-16 -4.1388958e-17 1 1.18029515e-16 -4.1388958e-17 1 1.18029515e-16 -4.1388958e-17 1 -3.82184144e-17 1.11017981e-16 1 -3.82184144e-17 1.11017981e-16 1 -3.82184144e-17 1.11017981e-16 1 -4.93031707e-17 1.14900443e-16 1 -4.93031707e-17 1.14900443e-16 1 -4.93031707e-17 1.14900443e-16 1 1.06851731e-16 -4.62260621e-17 1 1.06851731e-16 -4.62260621e-17 1 1.06851731e-16 -4.62260621e-17 1 1.0685678e-16 -6.41474396e-17 1 1.0685678e-16 -6.41474396e-17 1 1.0685678e-16 -6.41474396e-17 1 -5.83239425e-17 1.01617947e-16 1 -5.83239425e-17 1.01617947e-16 1 -5.83239425e-17 1.01617947e-16 1 -7.24434788e-17 1.02861934e-16 1 -7.24434788e-17 1.02861934e-16 1 -7.24434788e-17 1.02861934e-16 1 9.30963788e-17 -6.84242876e-17 1 9.30963788e-17 -6.84242876e-17 1 9.30963788e-17 -6.84242876e-17 1 -7.66412947e-17 8.7535581e-17 1 -7.66412947e-17 8.7535581e-17 1 -7.66412947e-17 8.7535581e-17 1 9.25720389e-17 -8.52415114e-17 1 9.25720389e-17 -8.52415114e-17 1 9.25720389e-17 -8.52415114e-17 1 7.66413013e-17 -8.75355942e-17 1 7.66413013e-17 -8.75355942e-17 1 7.66413013e-17 -8.75355942e-17 1 -9.25720389e-17 8.52415114e-17 1 -9.25720389e-17 8.52415114e-17 1 -9.25720389e-17 8.52415114e-17 1 -9.30963788e-17 6.84242876e-17 1 -9.30963788e-17 6.84242876e-17 1 -9.30963788e-17 6.84242876e-17 1 7.24434788e-17 -1.02861934e-16 1 7.24434788e-17 -1.02861934e-16 1 7.24434788e-17 -1.02861934e-16 1 5.83239425e-17 -1.01617947e-16 1 5.83239425e-17 -1.01617947e-16 1 5.83239425e-17 -1.01617947e-16 1 -1.0685678e-16 6.41474396e-17 1 -1.0685678e-16 6.41474396e-17 1 -1.0685678e-16 6.41474396e-17 1 -1.06851731e-16 4.62260621e-17 1 -1.06851731e-16 4.62260621e-17 1 -1.06851731e-16 4.62260621e-17 1 3.82184144e-17 -1.11017981e-16 1 3.82184144e-17 -1.11017981e-16 1 3.82184144e-17 -1.11017981e-16 1 4.93031707e-17 -1.14900443e-16 1 4.93031707e-17 -1.14900443e-16 1 4.93031707e-17 -1.14900443e-16 1 -1.18029502e-16 4.13889547e-17 1 -1.18029502e-16 4.13889547e-17 1 -1.18029502e-16 4.13889547e-17 1 -1.15326514e-16 2.59919041e-17 1 -1.15326514e-16 2.59919041e-17 1 -1.15326514e-16 2.59919041e-17 1 1.73161807e-17 -1.16217579e-16 1 1.73161807e-17 -1.16217579e-16 1 1.73161807e-17 -1.16217579e-16 1 2.55852042e-17 -1.21977747e-16 1 2.55852042e-17 -1.21977747e-16 1 2.55852042e-17 -1.21977747e-16 1 -1.2286283e-16 1.83564911e-17 1 -1.2286283e-16 1.83564911e-17 1 -1.2286283e-16 1.83564911e-17 1 -8.22713837e-17 -5.289598e-17 1 -8.22713837e-17 -5.289598e-17 1 -8.22713837e-17 -5.289598e-17 1 -4.76147528e-17 1.10679021e-15 1 -4.76147528e-17 1.10679021e-15 1 -4.76147528e-17 1.10679021e-15 1 6.04210624e-16 2.30416202e-16 1 6.04210624e-16 2.30416202e-16 1 6.04210624e-16 2.30416202e-16 1 1.59242258e-15 1.02384028e-15 1 1.59242258e-15 1.02384028e-15 1 1.59242258e-15 1.02384028e-15 1 2.31522438e-15 9.38252275e-18 1 2.31522438e-15 9.38252275e-18 1 2.31522438e-15 9.38252275e-18 1 1.59242258e-15 3.44025707e-17 1 1.59242258e-15 3.44025707e-17 1 1.59242258e-15 3.44025707e-17 1 -3.12750765e-18 1.58865804e-15 1 -3.12750765e-18 1.58865804e-15 1 -3.12750765e-18 1.58865804e-15 1 1.35525272e-17 1.10679021e-15 1 1.35525272e-17 1.10679021e-15 1 1.35525272e-17 1.10679021e-15 1 2.31522417e-15 1.19271159e-16 1 2.31522417e-15 1.19271159e-16 1 2.31522417e-15 1.19271159e-16 1 -1.02141988e-15 1.58865794e-15 1 -1.02141988e-15 1.58865794e-15 1 -1.02141988e-15 1.58865794e-15 1 1.58687943e-16 -2.46814178e-16 1 1.58687943e-16 -2.46814178e-16 1 1.58687943e-16 -2.46814178e-16 1 3.94137639e-16 -1.30958589e-15 1 3.94137639e-16 -1.30958589e-15 1 3.94137639e-16 -1.30958589e-15 1 -3.48652737e-16 -5.19485472e-17 1 -3.48652737e-16 -5.19485472e-17 1 -3.48652737e-16 -5.19485472e-17 1 -5.50694765e-17 -3.68588478e-16 1 -5.50694765e-17 -3.68588478e-16 1 -5.50694765e-17 -3.68588478e-16 1 -7.79756958e-17 -3.45979528e-16 1 -7.79756958e-17 -3.45979528e-16 1 -7.79756958e-17 -3.45979528e-16 1 -3.65933268e-16 -7.67556111e-17 1 -3.65933268e-16 -7.67556111e-17 1 -3.65933268e-16 -7.67556111e-17 1 -3.33053911e-16 -1.14655253e-16 1 -3.33053911e-16 -1.14655253e-16 1 -3.33053911e-16 -1.14655253e-16 1 -1.24166877e-16 -3.54088571e-16 1 -1.24166877e-16 -3.54088571e-16 1 -1.24166877e-16 -3.54088571e-16 1 -1.38678166e-16 -3.20555172e-16 1 -1.38678166e-16 -3.20555172e-16 1 -1.38678166e-16 -3.20555172e-16 1 -3.44701328e-16 -1.47909515e-16 1 -3.44701328e-16 -1.47909515e-16 1 -3.44701328e-16 -1.47909515e-16 1 -3.04853828e-16 -1.74971808e-16 1 -3.04853828e-16 -1.74971808e-16 1 -3.04853828e-16 -1.74971808e-16 1 -1.92442325e-16 -3.20570313e-16 1 -1.92442325e-16 -3.20570313e-16 1 -1.92442325e-16 -3.20570313e-16 1 -2.05272876e-16 -2.79289156e-16 1 -2.05272876e-16 -2.79289156e-16 1 -2.05272876e-16 -2.79289156e-16 1 -3.08585802e-16 -2.17330443e-16 1 -3.08585802e-16 -2.17330443e-16 1 -3.08585802e-16 -2.17330443e-16 1 -2.55724541e-16 -2.7771611e-16 1 -2.55724541e-16 -2.7771611e-16 1 -2.55724541e-16 -2.7771611e-16 1 -2.62606763e-16 -2.29923917e-16 1 -2.62606763e-16 -2.29923917e-16 1 -2.62606763e-16 -2.29923917e-16 1 -0 0.1119598 0.993712783 -0 0.1119598 0.993712783 -0 0.1119598 0.993712783 0 0.1119598 0.993712783 0 0.1119598 0.993712783 0 0.1119598 0.993712783 -0 0.330292314 0.94387871 -0 0.330292314 0.94387871 -0 0.330292314 0.94387871 0 0.330292314 0.94387871 0 0.330292314 0.94387871 0 0.330292314 0.94387871 -0 0.532025158 0.846728623 -0 0.532025158 0.846728623 -0 0.532025158 0.846728623 0 0.532025158 0.846728623 0 0.532025158 0.846728623 0 0.532025158 0.846728623 -0 0.707092583 0.707121074 -0 0.707092583 0.707121074 -0 0.707092583 0.707121074 0 0.707092583 0.707121074 0 0.707092583 0.707121074 0 0.707092583 0.707121074 -0 0.846733034 0.532018006 -0 0.846733034 0.532018006 -0 0.846733034 0.532018006 0 0.846733034 0.532018006 0 0.846733034 0.532018006 0 0.846733034 0.532018006 -0 0.943872273 0.330310702 -0 0.943872273 0.330310702 -0 0.943872273 0.330310702 0 0.943872273 0.330310702 0 0.943872273 0.330310702 0 0.943872273 0.330310702 -0 0.993716955 0.11192245 -0 0.993716955 0.11192245 -0 0.993716955 0.11192245 0 0.993716955 0.11192245 0 0.993716955 0.11192245 0 0.993716955 0.11192245 0.55546844 0.830674469 0.037877772 0.55546844 0.830674469 0.037877772 0.55546844 0.830674469 0.037877772 0.142309234 0.237058669 0.961015761 0.142309234 0.237058669 0.961015761 0.142309234 0.237058669 0.961015761 0.846718132 0.0059399684 0.532008708 0.846718132 0.0059399684 0.532008708 0.846718132 0.0059399684 0.532008708 0.943827808 0.00970012415 0.330295146 0.943827808 0.00970012415 0.330295146 0.943827808 0.00970012415 0.330295146 0.993516624 0.0200771075 0.111899897 0.993516624 0.0200771075 0.111899897 0.993516624 0.0200771075 0.111899897 0.999420762 0.0269480217 0.0207823142 0.999420762 0.0269480217 0.0207823142 0.999420762 0.0269480217 0.0207823142 0.82284832 0.0624511614 0.564818978 0.82284832 0.0624511614 0.564818978 0.82284832 0.0624511614 0.564818978 0.824819982 0.0065073818 0.565358102 0.824819982 0.0065073818 0.565358102 0.824819982 0.0065073818 0.565358102 0.111905597 0.0310993064 0.993232071 0.111905597 0.0310993064 0.993232071 0.111905597 0.0310993064 0.993232071 0.330250591 0.0158791505 0.943759739 0.330250591 0.0158791505 0.943759739 0.330250591 0.0158791505 0.943759739 0.532012224 0.00695863832 0.846708 0.532012224 0.00695863832 0.846708 0.532012224 0.00695863832 0.846708 0.707084417 0.00479219528 0.707112908 0.707084417 0.00479219528 0.707112908 0.707084417 0.00479219528 0.707112908 0.297712892 0.0122446157 0.95457691 0.297712892 0.0122446157 0.95457691 0.297712892 0.0122446157 0.95457691 0.747774363 0.0695803687 0.660296917 0.747774363 0.0695803687 0.660296917 0.747774363 0.0695803687 0.660296917 0.750163674 0.00614498695 0.66122371 0.750163674 0.00614498695 0.66122371 0.750163674 0.00614498695 0.66122371 0.894342721 0.0484884344 0.44474709 0.894342721 0.0484884344 0.44474709 0.894342721 0.0484884344 0.44474709 0.343296558 0.018611053 0.939042687 0.343296558 0.018611053 0.939042687 0.343296558 0.018611053 0.939042687 0.987179458 0.159423456 -0.00780025916 0.987179458 0.159423456 -0.00780025916 0.987179458 0.159423456 -0.00780025916 0.271355778 0.0569176935 0.960794628 0.271355778 0.0569176935 0.960794628 0.271355778 0.0569176935 0.960794628 0.953354836 0.131604195 0.271652162 0.953354836 0.131604195 0.271652162 0.953354836 0.131604195 0.271652162 0.406927794 0.0561736375 0.911731482 0.406927794 0.0561736375 0.911731482 0.406927794 0.0561736375 0.911731482 0.867764413 0.202097237 0.454028159 0.867764413 0.202097237 0.454028159 0.867764413 0.202097237 0.454028159 0.327892929 0.0763659477 0.94162333 0.327892929 0.0763659477 0.94162333 0.327892929 0.0763659477 0.94162333 0.934391081 0.347666889 -0.0777242482 0.934391081 0.347666889 -0.0777242482 0.934391081 0.347666889 -0.0777242482 0.251305878 0.107834026 0.961882055 0.251305878 0.107834026 0.961882055 0.251305878 0.107834026 0.961882055 0.918092847 0.314975709 0.240615726 0.918092847 0.314975709 0.240615726 0.918092847 0.314975709 0.240615726 0.395536125 0.135699004 0.908370495 0.395536125 0.135699004 0.908370495 0.395536125 0.135699004 0.908370495 0.312044233 0.144295543 0.939045966 0.312044233 0.144295543 0.939045966 0.312044233 0.144295543 0.939045966 0.812174857 0.375562131 0.44645834 0.812174857 0.375562131 0.44645834 0.812174857 0.375562131 0.44645834 0.838579655 0.534635782 -0.104635514 0.838579655 0.534635782 -0.104635514 0.838579655 0.534635782 -0.104635514 0.215385422 0.151691377 0.964675486 0.215385422 0.151691377 0.964675486 0.215385422 0.151691377 0.964675486 0.828871012 0.493426323 0.263634682 0.828871012 0.493426323 0.263634682 0.828871012 0.493426323 0.263634682 0.356338114 0.212127805 0.90995872 0.356338114 0.212127805 0.90995872 0.356338114 0.212127805 0.90995872 0.272795647 0.204644635 0.940054834 0.272795647 0.204644635 0.940054834 0.272795647 0.204644635 0.940054834 0.713155329 0.534856856 0.453141898 0.713155329 0.534856856 0.453141898 0.713155329 0.534856856 0.453141898 0.707282066 0.698876023 -0.106415898 0.707282066 0.698876023 -0.106415898 0.707282066 0.698876023 -0.106415898 0.178609207 0.193969101 0.964611173 0.178609207 0.193969101 0.964611173 0.178609207 0.193969101 0.964611173 0.707175612 0.658607721 0.257174164 0.707175612 0.658607721 0.257174164 0.707175612 0.658607721 0.257174164 0.304878175 0.28393954 0.909080625 0.304878175 0.28393954 0.909080625 0.304878175 0.28393954 0.909080625 0.238298848 0.343878686 0.908273697 0.238298848 0.343878686 0.908273697 0.238298848 0.343878686 0.908273697 0.552084208 0.796683311 0.245964944 0.552084208 0.796683311 0.245964944 0.552084208 0.796683311 0.245964944 0.584563076 0.673347712 0.452646405 0.584563076 0.673347712 0.452646405 0.584563076 0.673347712 0.452646405 0.222176015 0.255853832 0.940838277 0.222176015 0.255853832 0.940838277 0.222176015 0.255853832 0.940838277 0.168664083 0.301809579 0.938330173 0.168664083 0.301809579 0.938330173 0.168664083 0.301809579 0.938330173 0.439451873 0.786359847 0.43418926 0.439451873 0.786359847 0.43418926 0.439451873 0.786359847 0.43418926 0.168081343 0.377701461 0.910543859 0.168081343 0.377701461 0.910543859 0.168081343 0.377701461 0.910543859 0.383971691 0.923071563 -0.0224627256 0.383971691 0.923071563 -0.0224627256 0.383971691 0.923071563 -0.0224627256 0.0890625641 0.253981054 0.963099897 0.0890625641 0.253981054 0.963099897 0.0890625641 0.253981054 0.963099897 0.392837703 0.882759333 0.257710248 0.392837703 0.882759333 0.257710248 0.392837703 0.882759333 0.257710248 0.275500715 0.840546131 0.466456413 0.275500715 0.840546131 0.466456413 0.275500715 0.840546131 0.466456413 0.100812174 0.307570457 0.946169794 0.100812174 0.307570457 0.946169794 0.100812174 0.307570457 0.946169794 0.213702247 0.951309383 0.22213006 0.213702247 0.951309383 0.22213006 0.213702247 0.951309383 0.22213006 0.0904044956 0.402441502 0.910970867 0.0904044956 0.402441502 0.910970867 0.0904044956 0.402441502 0.910970867 0.206775039 0.974905074 0.0824877247 0.206775039 0.974905074 0.0824877247 0.206775039 0.974905074 0.0824877247 0.0437633283 0.292914718 0.955136418 0.0437633283 0.292914718 0.955136418 0.0437633283 0.292914718 0.955136418 0.12202283 0.884984136 0.449347883 0.12202283 0.884984136 0.449347883 0.12202283 0.884984136 0.449347883 0.0449214838 0.325796962 0.944371939 0.0449214838 0.325796962 0.944371939 0.0449214838 0.325796962 0.944371939 0.0452970862 0.997609377 0.0521882735 0.0452970862 0.997609377 0.0521882735 0.0452970862 0.997609377 0.0521882735 0.022858398 0.420162141 0.907161176 0.022858398 0.420162141 0.907161176 0.022858398 0.420162141 0.907161176 0.00439694664 0.707085669 0.70711422 0.00439694664 0.707085669 0.70711422 0.00439694664 0.707085669 0.70711422 0.00916036591 0.846697569 0.531995714 0.00916036591 0.846697569 0.531995714 0.00916036591 0.846697569 0.531995714 0.0208311491 0.943667471 0.330239028 0.0208311491 0.943667471 0.330239028 0.0208311491 0.943667471 0.330239028 0.0388189889 0.992967963 0.11183814 0.0388189889 0.992967963 0.11183814 0.0388189889 0.992967963 0.11183814 0.0532353856 0.978524148 0.19913888 0.0532353856 0.978524148 0.19913888 0.0532353856 0.978524148 0.19913888 0.065257825 0.659040093 0.749271452 0.065257825 0.659040093 0.749271452 0.065257825 0.659040093 0.749271452 0.00509654591 0.661107957 0.750273526 0.00509654591 0.661107957 0.750273526 0.00509654591 0.661107957 0.750273526 0.0133958012 0.111949749 0.993623614 0.0133958012 0.111949749 0.993623614 0.0133958012 0.111949749 0.993623614 0.00412707264 0.565314531 0.824865162 0.00412707264 0.565314531 0.824865162 0.00412707264 0.565314531 0.824865162 0.00467891898 0.330288708 0.943868339 0.00467891898 0.330288708 0.943868339 0.00467891898 0.330288708 0.943868339 0.00310489535 0.532022536 0.84672451 0.00310489535 0.532022536 0.84672451 0.00310489535 0.532022536 0.84672451 0.0501281023 0.563990235 0.824258685 0.0501281023 0.563990235 0.824258685 0.0501281023 0.563990235 0.824258685 0.00557239354 0.219942436 0.975496948 0.00557239354 0.219942436 0.975496948 0.00557239354 0.219942436 0.975496948 0.1119598 0 0.993712783 0.1119598 0 0.993712783 0.1119598 0 0.993712783 0.1119598 0 0.993712783 0.1119598 0 0.993712783 0.1119598 0 0.993712783 0.330292314 0 0.94387871 0.330292314 0 0.94387871 0.330292314 0 0.94387871 0.330292314 0 0.94387871 0.330292314 0 0.94387871 0.330292314 0 0.94387871 0.532025158 0 0.846728623 0.532025158 0 0.846728623 0.532025158 0 0.846728623 0.532025158 0 0.846728623 0.532025158 0 0.846728623 0.532025158 0 0.846728623 0.707092583 0 0.707121074 0.707092583 0 0.707121074 0.707092583 0 0.707121074 0.707092583 0 0.707121074 0.707092583 0 0.707121074 0.707092583 0 0.707121074 0.846733034 0 0.532018006 0.846733034 0 0.532018006 0.846733034 0 0.532018006 0.846733034 0 0.532018006 0.846733034 0 0.532018006 0.846733034 0 0.532018006 0.943872273 0 0.330310702 0.943872273 0 0.330310702 0.943872273 0 0.330310702 0.943872273 0 0.330310702 0.943872273 0 0.330310702 0.943872273 0 0.330310702 0.993716955 0 0.11192245 0.993716955 0 0.11192245 0.993716955 0 0.11192245 0.993716955 0 0.11192245 0.993716955 0 0.11192245 0.993716955 0 0.11192245 0.237058669 -0.142309234 0.961015761 0.237058669 -0.142309234 0.961015761 0.237058669 -0.142309234 0.961015761 0.830674469 -0.55546844 0.037877772 0.830674469 -0.55546844 0.037877772 0.830674469 -0.55546844 0.037877772 0.0059399684 -0.846718132 0.532008708 0.0059399684 -0.846718132 0.532008708 0.0059399684 -0.846718132 0.532008708 0.00970012415 -0.943827808 0.330295146 0.00970012415 -0.943827808 0.330295146 0.00970012415 -0.943827808 0.330295146 0.0200771075 -0.993516624 0.111899897 0.0200771075 -0.993516624 0.111899897 0.0200771075 -0.993516624 0.111899897 0.0269480217 -0.999420762 0.0207823142 0.0269480217 -0.999420762 0.0207823142 0.0269480217 -0.999420762 0.0207823142 0.0065073818 -0.824819982 0.565358102 0.0065073818 -0.824819982 0.565358102 0.0065073818 -0.824819982 0.565358102 0.0624511614 -0.82284832 0.564818978 0.0624511614 -0.82284832 0.564818978 0.0624511614 -0.82284832 0.564818978 0.0122446157 -0.297712892 0.95457691 0.0122446157 -0.297712892 0.95457691 0.0122446157 -0.297712892 0.95457691 0.0310993064 -0.111905597 0.993232071 0.0310993064 -0.111905597 0.993232071 0.0310993064 -0.111905597 0.993232071 0.0158791505 -0.330250591 0.943759739 0.0158791505 -0.330250591 0.943759739 0.0158791505 -0.330250591 0.943759739 0.00695863832 -0.532012224 0.846708 0.00695863832 -0.532012224 0.846708 0.00695863832 -0.532012224 0.846708 0.00479219528 -0.707084417 0.707112908 0.00479219528 -0.707084417 0.707112908 0.00479219528 -0.707084417 0.707112908 0.00614498695 -0.750163674 0.66122371 0.00614498695 -0.750163674 0.66122371 0.00614498695 -0.750163674 0.66122371 0.0695803687 -0.747774363 0.660296917 0.0695803687 -0.747774363 0.660296917 0.0695803687 -0.747774363 0.660296917 0.0484884344 -0.894342721 0.44474709 0.0484884344 -0.894342721 0.44474709 0.0484884344 -0.894342721 0.44474709 0.018611053 -0.343296558 0.939042687 0.018611053 -0.343296558 0.939042687 0.018611053 -0.343296558 0.939042687 0.0569176935 -0.271355778 0.960794628 0.0569176935 -0.271355778 0.960794628 0.0569176935 -0.271355778 0.960794628 0.159423456 -0.987179458 -0.00780025916 0.159423456 -0.987179458 -0.00780025916 0.159423456 -0.987179458 -0.00780025916 0.131604195 -0.953354836 0.271652162 0.131604195 -0.953354836 0.271652162 0.131604195 -0.953354836 0.271652162 0.0561736375 -0.406927794 0.911731482 0.0561736375 -0.406927794 0.911731482 0.0561736375 -0.406927794 0.911731482 0.0763659477 -0.327892929 0.94162333 0.0763659477 -0.327892929 0.94162333 0.0763659477 -0.327892929 0.94162333 0.202097237 -0.867764413 0.454028159 0.202097237 -0.867764413 0.454028159 0.202097237 -0.867764413 0.454028159 0.107834026 -0.251305878 0.961882055 0.107834026 -0.251305878 0.961882055 0.107834026 -0.251305878 0.961882055 0.347666889 -0.934391081 -0.0777242482 0.347666889 -0.934391081 -0.0777242482 0.347666889 -0.934391081 -0.0777242482 0.314975709 -0.918092847 0.240615726 0.314975709 -0.918092847 0.240615726 0.314975709 -0.918092847 0.240615726 0.135699004 -0.395536125 0.908370495 0.135699004 -0.395536125 0.908370495 0.135699004 -0.395536125 0.908370495 0.144295543 -0.312044233 0.939045966 0.144295543 -0.312044233 0.939045966 0.144295543 -0.312044233 0.939045966 0.375562131 -0.812174857 0.44645834 0.375562131 -0.812174857 0.44645834 0.375562131 -0.812174857 0.44645834 0.151691377 -0.215385422 0.964675486 0.151691377 -0.215385422 0.964675486 0.151691377 -0.215385422 0.964675486 0.534635782 -0.838579655 -0.104635514 0.534635782 -0.838579655 -0.104635514 0.534635782 -0.838579655 -0.104635514 0.493426323 -0.828871012 0.263634682 0.493426323 -0.828871012 0.263634682 0.493426323 -0.828871012 0.263634682 0.212127805 -0.356338114 0.90995872 0.212127805 -0.356338114 0.90995872 0.212127805 -0.356338114 0.90995872 0.534856856 -0.713155329 0.453141898 0.534856856 -0.713155329 0.453141898 0.534856856 -0.713155329 0.453141898 0.204644635 -0.272795647 0.940054834 0.204644635 -0.272795647 0.940054834 0.204644635 -0.272795647 0.940054834 0.193969101 -0.178609207 0.964611173 0.193969101 -0.178609207 0.964611173 0.193969101 -0.178609207 0.964611173 0.698876023 -0.707282066 -0.106415898 0.698876023 -0.707282066 -0.106415898 0.698876023 -0.707282066 -0.106415898 0.658607721 -0.707175612 0.257174164 0.658607721 -0.707175612 0.257174164 0.658607721 -0.707175612 0.257174164 0.28393954 -0.304878175 0.909080625 0.28393954 -0.304878175 0.909080625 0.28393954 -0.304878175 0.909080625 0.673347712 -0.584563076 0.452646405 0.673347712 -0.584563076 0.452646405 0.673347712 -0.584563076 0.452646405 0.255853832 -0.222176015 0.940838277 0.255853832 -0.222176015 0.940838277 0.255853832 -0.222176015 0.940838277 0.796683311 -0.552084208 0.245964944 0.796683311 -0.552084208 0.245964944 0.796683311 -0.552084208 0.245964944 0.343878686 -0.238298848 0.908273697 0.343878686 -0.238298848 0.908273697 0.343878686 -0.238298848 0.908273697 0.786359847 -0.439451873 0.43418926 0.786359847 -0.439451873 0.43418926 0.786359847 -0.439451873 0.43418926 0.301809579 -0.168664083 0.938330173 0.301809579 -0.168664083 0.938330173 0.301809579 -0.168664083 0.938330173 0.377701461 -0.168081343 0.910543859 0.377701461 -0.168081343 0.910543859 0.377701461 -0.168081343 0.910543859 0.253981054 -0.0890625641 0.963099897 0.253981054 -0.0890625641 0.963099897 0.253981054 -0.0890625641 0.963099897 0.923071563 -0.383971691 -0.0224627256 0.923071563 -0.383971691 -0.0224627256 0.923071563 -0.383971691 -0.0224627256 0.882759333 -0.392837703 0.257710248 0.882759333 -0.392837703 0.257710248 0.882759333 -0.392837703 0.257710248 0.307570457 -0.100812174 0.946169794 0.307570457 -0.100812174 0.946169794 0.307570457 -0.100812174 0.946169794 0.840546131 -0.275500715 0.466456413 0.840546131 -0.275500715 0.466456413 0.840546131 -0.275500715 0.466456413 0.951309383 -0.213702247 0.22213006 0.951309383 -0.213702247 0.22213006 0.951309383 -0.213702247 0.22213006 0.292914718 -0.0437633283 0.955136418 0.292914718 -0.0437633283 0.955136418 0.292914718 -0.0437633283 0.955136418 0.974905074 -0.206775039 0.0824877247 0.974905074 -0.206775039 0.0824877247 0.974905074 -0.206775039 0.0824877247 0.402441502 -0.0904044956 0.910970867 0.402441502 -0.0904044956 0.910970867 0.402441502 -0.0904044956 0.910970867 0.325796962 -0.0449214838 0.944371939 0.325796962 -0.0449214838 0.944371939 0.325796962 -0.0449214838 0.944371939 0.884984136 -0.12202283 0.449347883 0.884984136 -0.12202283 0.449347883 0.884984136 -0.12202283 0.449347883 0.707085669 -0.00439694664 0.70711422 0.707085669 -0.00439694664 0.70711422 0.707085669 -0.00439694664 0.70711422 0.846697569 -0.00916036591 0.531995714 0.846697569 -0.00916036591 0.531995714 0.846697569 -0.00916036591 0.531995714 0.943667471 -0.0208311491 0.330239028 0.943667471 -0.0208311491 0.330239028 0.943667471 -0.0208311491 0.330239028 0.992967963 -0.0388189889 0.11183814 0.992967963 -0.0388189889 0.11183814 0.992967963 -0.0388189889 0.11183814 0.978524148 -0.0532353856 0.19913888 0.978524148 -0.0532353856 0.19913888 0.978524148 -0.0532353856 0.19913888 0.997609377 -0.0452970862 0.0521882735 0.997609377 -0.0452970862 0.0521882735 0.997609377 -0.0452970862 0.0521882735 0.420162141 -0.022858398 0.907161176 0.420162141 -0.022858398 0.907161176 0.420162141 -0.022858398 0.907161176 0.659040093 -0.065257825 0.749271452 0.659040093 -0.065257825 0.749271452 0.659040093 -0.065257825 0.749271452 0.661107957 -0.00509654591 0.750273526 0.661107957 -0.00509654591 0.750273526 0.661107957 -0.00509654591 0.750273526 0.111949749 -0.0133958012 0.993623614 0.111949749 -0.0133958012 0.993623614 0.111949749 -0.0133958012 0.993623614 0.330288708 -0.00467891898 0.943868339 0.330288708 -0.00467891898 0.943868339 0.330288708 -0.00467891898 0.943868339 0.532022536 -0.00310489535 0.84672451 0.532022536 -0.00310489535 0.84672451 0.532022536 -0.00310489535 0.84672451 0.219942436 -0.00557239354 0.975496948 0.219942436 -0.00557239354 0.975496948 0.219942436 -0.00557239354 0.975496948 0.565314531 -0.00412707264 0.824865162 0.565314531 -0.00412707264 0.824865162 0.565314531 -0.00412707264 0.824865162 0.563990235 -0.0501281023 0.824258685 0.563990235 -0.0501281023 0.824258685 0.563990235 -0.0501281023 0.824258685 3.75531023e-18 -0.1119598 0.993712783 3.75531023e-18 -0.1119598 0.993712783 3.75531023e-18 -0.1119598 0.993712783 0 -0.330292314 0.94387871 0 -0.330292314 0.94387871 0 -0.330292314 0.94387871 0 -0.1119598 0.993712783 0 -0.1119598 0.993712783 0 -0.1119598 0.993712783 0 -0.532025158 0.846728623 0 -0.532025158 0.846728623 0 -0.532025158 0.846728623 0 -0.330292314 0.94387871 0 -0.330292314 0.94387871 0 -0.330292314 0.94387871 0 -0.707092583 0.707121074 0 -0.707092583 0.707121074 0 -0.707092583 0.707121074 0 -0.532025158 0.846728623 0 -0.532025158 0.846728623 0 -0.532025158 0.846728623 0 -0.846733034 0.532018006 0 -0.846733034 0.532018006 0 -0.846733034 0.532018006 0 -0.707092583 0.707121074 0 -0.707092583 0.707121074 0 -0.707092583 0.707121074 0 -0.943872273 0.330310702 0 -0.943872273 0.330310702 0 -0.943872273 0.330310702 0 -0.846733034 0.532018006 0 -0.846733034 0.532018006 0 -0.846733034 0.532018006 0 -0.993716955 0.11192245 0 -0.993716955 0.11192245 0 -0.993716955 0.11192245 0 -0.943872273 0.330310702 0 -0.943872273 0.330310702 0 -0.943872273 0.330310702 0 -0.993716955 0.11192245 0 -0.993716955 0.11192245 0 -0.993716955 0.11192245 -0.142309234 -0.237058669 0.961015761 -0.142309234 -0.237058669 0.961015761 -0.142309234 -0.237058669 0.961015761 -0.55546844 -0.830674469 0.037877772 -0.55546844 -0.830674469 0.037877772 -0.55546844 -0.830674469 0.037877772 -0.846718132 -0.0059399684 0.532008708 -0.846718132 -0.0059399684 0.532008708 -0.846718132 -0.0059399684 0.532008708 -0.943827808 -0.00970012415 0.330295146 -0.943827808 -0.00970012415 0.330295146 -0.943827808 -0.00970012415 0.330295146 -0.993516624 -0.0200771075 0.111899897 -0.993516624 -0.0200771075 0.111899897 -0.993516624 -0.0200771075 0.111899897 -0.999420762 -0.0269480217 0.0207823142 -0.999420762 -0.0269480217 0.0207823142 -0.999420762 -0.0269480217 0.0207823142 -0.824819982 -0.0065073818 0.565358102 -0.824819982 -0.0065073818 0.565358102 -0.824819982 -0.0065073818 0.565358102 -0.82284832 -0.0624511614 0.564818978 -0.82284832 -0.0624511614 0.564818978 -0.82284832 -0.0624511614 0.564818978 -0.297712892 -0.0122446157 0.95457691 -0.297712892 -0.0122446157 0.95457691 -0.297712892 -0.0122446157 0.95457691 -0.111905597 -0.0310993064 0.993232071 -0.111905597 -0.0310993064 0.993232071 -0.111905597 -0.0310993064 0.993232071 -0.330250591 -0.0158791505 0.943759739 -0.330250591 -0.0158791505 0.943759739 -0.330250591 -0.0158791505 0.943759739 -0.532012224 -0.00695863832 0.846708 -0.532012224 -0.00695863832 0.846708 -0.532012224 -0.00695863832 0.846708 -0.707084417 -0.00479219528 0.707112908 -0.707084417 -0.00479219528 0.707112908 -0.707084417 -0.00479219528 0.707112908 -0.750163674 -0.00614498695 0.66122371 -0.750163674 -0.00614498695 0.66122371 -0.750163674 -0.00614498695 0.66122371 -0.747774363 -0.0695803687 0.660296917 -0.747774363 -0.0695803687 0.660296917 -0.747774363 -0.0695803687 0.660296917 -0.894342721 -0.0484884344 0.44474709 -0.894342721 -0.0484884344 0.44474709 -0.894342721 -0.0484884344 0.44474709 -0.343296558 -0.018611053 0.939042687 -0.343296558 -0.018611053 0.939042687 -0.343296558 -0.018611053 0.939042687 -0.271355778 -0.0569176935 0.960794628 -0.271355778 -0.0569176935 0.960794628 -0.271355778 -0.0569176935 0.960794628 -0.987179458 -0.159423456 -0.00780025916 -0.987179458 -0.159423456 -0.00780025916 -0.987179458 -0.159423456 -0.00780025916 -0.953354836 -0.131604195 0.271652162 -0.953354836 -0.131604195 0.271652162 -0.953354836 -0.131604195 0.271652162 -0.406927794 -0.0561736375 0.911731482 -0.406927794 -0.0561736375 0.911731482 -0.406927794 -0.0561736375 0.911731482 -0.327892929 -0.0763659477 0.94162333 -0.327892929 -0.0763659477 0.94162333 -0.327892929 -0.0763659477 0.94162333 -0.867764413 -0.202097237 0.454028159 -0.867764413 -0.202097237 0.454028159 -0.867764413 -0.202097237 0.454028159 -0.251305878 -0.107834026 0.961882055 -0.251305878 -0.107834026 0.961882055 -0.251305878 -0.107834026 0.961882055 -0.934391081 -0.347666889 -0.0777242482 -0.934391081 -0.347666889 -0.0777242482 -0.934391081 -0.347666889 -0.0777242482 -0.918092847 -0.314975709 0.240615726 -0.918092847 -0.314975709 0.240615726 -0.918092847 -0.314975709 0.240615726 -0.395536125 -0.135699004 0.908370495 -0.395536125 -0.135699004 0.908370495 -0.395536125 -0.135699004 0.908370495 -0.312044233 -0.144295543 0.939045966 -0.312044233 -0.144295543 0.939045966 -0.312044233 -0.144295543 0.939045966 -0.812174857 -0.375562131 0.44645834 -0.812174857 -0.375562131 0.44645834 -0.812174857 -0.375562131 0.44645834 -0.215385422 -0.151691377 0.964675486 -0.215385422 -0.151691377 0.964675486 -0.215385422 -0.151691377 0.964675486 -0.838579655 -0.534635782 -0.104635514 -0.838579655 -0.534635782 -0.104635514 -0.838579655 -0.534635782 -0.104635514 -0.828871012 -0.493426323 0.263634682 -0.828871012 -0.493426323 0.263634682 -0.828871012 -0.493426323 0.263634682 -0.356338114 -0.212127805 0.90995872 -0.356338114 -0.212127805 0.90995872 -0.356338114 -0.212127805 0.90995872 -0.713155329 -0.534856856 0.453141898 -0.713155329 -0.534856856 0.453141898 -0.713155329 -0.534856856 0.453141898 -0.272795647 -0.204644635 0.940054834 -0.272795647 -0.204644635 0.940054834 -0.272795647 -0.204644635 0.940054834 -0.178609207 -0.193969101 0.964611173 -0.178609207 -0.193969101 0.964611173 -0.178609207 -0.193969101 0.964611173 -0.707282066 -0.698876023 -0.106415898 -0.707282066 -0.698876023 -0.106415898 -0.707282066 -0.698876023 -0.106415898 -0.304878175 -0.28393954 0.909080625 -0.304878175 -0.28393954 0.909080625 -0.304878175 -0.28393954 0.909080625 -0.707175612 -0.658607721 0.257174164 -0.707175612 -0.658607721 0.257174164 -0.707175612 -0.658607721 0.257174164 -0.222176015 -0.255853832 0.940838277 -0.222176015 -0.255853832 0.940838277 -0.222176015 -0.255853832 0.940838277 -0.584563076 -0.673347712 0.452646405 -0.584563076 -0.673347712 0.452646405 -0.584563076 -0.673347712 0.452646405 -0.552084208 -0.796683311 0.245964944 -0.552084208 -0.796683311 0.245964944 -0.552084208 -0.796683311 0.245964944 -0.238298848 -0.343878686 0.908273697 -0.238298848 -0.343878686 0.908273697 -0.238298848 -0.343878686 0.908273697 -0.439451873 -0.786359847 0.43418926 -0.439451873 -0.786359847 0.43418926 -0.439451873 -0.786359847 0.43418926 -0.168664083 -0.301809579 0.938330173 -0.168664083 -0.301809579 0.938330173 -0.168664083 -0.301809579 0.938330173 -0.168081343 -0.377701461 0.910543859 -0.168081343 -0.377701461 0.910543859 -0.168081343 -0.377701461 0.910543859 -0.0890625641 -0.253981054 0.963099897 -0.0890625641 -0.253981054 0.963099897 -0.0890625641 -0.253981054 0.963099897 -0.383971691 -0.923071563 -0.0224627256 -0.383971691 -0.923071563 -0.0224627256 -0.383971691 -0.923071563 -0.0224627256 -0.392837703 -0.882759333 0.257710248 -0.392837703 -0.882759333 0.257710248 -0.392837703 -0.882759333 0.257710248 -0.100812174 -0.307570457 0.946169794 -0.100812174 -0.307570457 0.946169794 -0.100812174 -0.307570457 0.946169794 -0.275500715 -0.840546131 0.466456413 -0.275500715 -0.840546131 0.466456413 -0.275500715 -0.840546131 0.466456413 -0.213702247 -0.951309383 0.22213006 -0.213702247 -0.951309383 0.22213006 -0.213702247 -0.951309383 0.22213006 -0.0437633283 -0.292914718 0.955136418 -0.0437633283 -0.292914718 0.955136418 -0.0437633283 -0.292914718 0.955136418 -0.206775039 -0.974905074 0.0824877247 -0.206775039 -0.974905074 0.0824877247 -0.206775039 -0.974905074 0.0824877247 -0.0904044956 -0.402441502 0.910970867 -0.0904044956 -0.402441502 0.910970867 -0.0904044956 -0.402441502 0.910970867 -0.0449214838 -0.325796962 0.944371939 -0.0449214838 -0.325796962 0.944371939 -0.0449214838 -0.325796962 0.944371939 -0.12202283 -0.884984136 0.449347883 -0.12202283 -0.884984136 0.449347883 -0.12202283 -0.884984136 0.449347883 -0.00439694664 -0.707085669 0.70711422 -0.00439694664 -0.707085669 0.70711422 -0.00439694664 -0.707085669 0.70711422 -0.00916036591 -0.846697569 0.531995714 -0.00916036591 -0.846697569 0.531995714 -0.00916036591 -0.846697569 0.531995714 -0.0208311491 -0.943667471 0.330239028 -0.0208311491 -0.943667471 0.330239028 -0.0208311491 -0.943667471 0.330239028 -0.0388189889 -0.992967963 0.11183814 -0.0388189889 -0.992967963 0.11183814 -0.0388189889 -0.992967963 0.11183814 -0.0532353856 -0.978524148 0.19913888 -0.0532353856 -0.978524148 0.19913888 -0.0532353856 -0.978524148 0.19913888 -0.0452970862 -0.997609377 0.0521882735 -0.0452970862 -0.997609377 0.0521882735 -0.0452970862 -0.997609377 0.0521882735 -0.022858398 -0.420162141 0.907161176 -0.022858398 -0.420162141 0.907161176 -0.022858398 -0.420162141 0.907161176 -0.065257825 -0.659040093 0.749271452 -0.065257825 -0.659040093 0.749271452 -0.065257825 -0.659040093 0.749271452 -0.00509654591 -0.661107957 0.750273526 -0.00509654591 -0.661107957 0.750273526 -0.00509654591 -0.661107957 0.750273526 -0.0133958012 -0.111949749 0.993623614 -0.0133958012 -0.111949749 0.993623614 -0.0133958012 -0.111949749 0.993623614 -0.00467891898 -0.330288708 0.943868339 -0.00467891898 -0.330288708 0.943868339 -0.00467891898 -0.330288708 0.943868339 -0.00310489535 -0.532022536 0.84672451 -0.00310489535 -0.532022536 0.84672451 -0.00310489535 -0.532022536 0.84672451 -0.00557239354 -0.219942436 0.975496948 -0.00557239354 -0.219942436 0.975496948 -0.00557239354 -0.219942436 0.975496948 -0.00412707264 -0.565314531 0.824865162 -0.00412707264 -0.565314531 0.824865162 -0.00412707264 -0.565314531 0.824865162 -0.0501281023 -0.563990235 0.824258685 -0.0501281023 -0.563990235 0.824258685 -0.0501281023 -0.563990235 0.824258685 -0.1119598 0 0.993712783 -0.1119598 0 0.993712783 -0.1119598 0 0.993712783 -0.1119598 0 0.993712783 -0.1119598 0 0.993712783 -0.1119598 0 0.993712783 -0.330292314 0 0.94387871 -0.330292314 0 0.94387871 -0.330292314 0 0.94387871 -0.330292314 0 0.94387871 -0.330292314 0 0.94387871 -0.330292314 0 0.94387871 -0.532025158 0 0.846728623 -0.532025158 0 0.846728623 -0.532025158 0 0.846728623 -0.532025158 0 0.846728623 -0.532025158 0 0.846728623 -0.532025158 0 0.846728623 -0.707092583 0 0.707121074 -0.707092583 0 0.707121074 -0.707092583 0 0.707121074 -0.707092583 0 0.707121074 -0.707092583 0 0.707121074 -0.707092583 0 0.707121074 -0.846733034 0 0.532018006 -0.846733034 0 0.532018006 -0.846733034 0 0.532018006 -0.846733034 0 0.532018006 -0.846733034 0 0.532018006 -0.846733034 0 0.532018006 -0.943872273 0 0.330310702 -0.943872273 0 0.330310702 -0.943872273 0 0.330310702 -0.943872273 0 0.330310702 -0.943872273 0 0.330310702 -0.943872273 0 0.330310702 -0.993716955 0 0.11192245 -0.993716955 0 0.11192245 -0.993716955 0 0.11192245 -0.993716955 0 0.11192245 -0.993716955 0 0.11192245 -0.993716955 0 0.11192245 -0.237058669 0.142309234 0.961015761 -0.237058669 0.142309234 0.961015761 -0.237058669 0.142309234 0.961015761 -0.830674469 0.55546844 0.037877772 -0.830674469 0.55546844 0.037877772 -0.830674469 0.55546844 0.037877772 -0.0200771075 0.993516624 0.111899897 -0.0200771075 0.993516624 0.111899897 -0.0200771075 0.993516624 0.111899897 -0.00970012415 0.943827808 0.330295146 -0.00970012415 0.943827808 0.330295146 -0.00970012415 0.943827808 0.330295146 -0.0059399684 0.846718132 0.532008708 -0.0059399684 0.846718132 0.532008708 -0.0059399684 0.846718132 0.532008708 -0.0269480217 0.999420762 0.0207823142 -0.0269480217 0.999420762 0.0207823142 -0.0269480217 0.999420762 0.0207823142 -0.0065073818 0.824819982 0.565358102 -0.0065073818 0.824819982 0.565358102 -0.0065073818 0.824819982 0.565358102 -0.0624511614 0.82284832 0.564818978 -0.0624511614 0.82284832 0.564818978 -0.0624511614 0.82284832 0.564818978 -0.0122446157 0.297712892 0.95457691 -0.0122446157 0.297712892 0.95457691 -0.0122446157 0.297712892 0.95457691 -0.00479219528 0.707084417 0.707112908 -0.00479219528 0.707084417 0.707112908 -0.00479219528 0.707084417 0.707112908 -0.00695863832 0.532012224 0.846708 -0.00695863832 0.532012224 0.846708 -0.00695863832 0.532012224 0.846708 -0.0158791505 0.330250591 0.943759739 -0.0158791505 0.330250591 0.943759739 -0.0158791505 0.330250591 0.943759739 -0.0310993064 0.111905597 0.993232071 -0.0310993064 0.111905597 0.993232071 -0.0310993064 0.111905597 0.993232071 -0.00614498695 0.750163674 0.66122371 -0.00614498695 0.750163674 0.66122371 -0.00614498695 0.750163674 0.66122371 -0.0695803687 0.747774363 0.660296917 -0.0695803687 0.747774363 0.660296917 -0.0695803687 0.747774363 0.660296917 -0.0484884344 0.894342721 0.44474709 -0.0484884344 0.894342721 0.44474709 -0.0484884344 0.894342721 0.44474709 -0.018611053 0.343296558 0.939042687 -0.018611053 0.343296558 0.939042687 -0.018611053 0.343296558 0.939042687 -0.0569176935 0.271355778 0.960794628 -0.0569176935 0.271355778 0.960794628 -0.0569176935 0.271355778 0.960794628 -0.159423456 0.987179458 -0.00780025916 -0.159423456 0.987179458 -0.00780025916 -0.159423456 0.987179458 -0.00780025916 -0.131604195 0.953354836 0.271652162 -0.131604195 0.953354836 0.271652162 -0.131604195 0.953354836 0.271652162 -0.0561736375 0.406927794 0.911731482 -0.0561736375 0.406927794 0.911731482 -0.0561736375 0.406927794 0.911731482 -0.0763659477 0.327892929 0.94162333 -0.0763659477 0.327892929 0.94162333 -0.0763659477 0.327892929 0.94162333 -0.202097237 0.867764413 0.454028159 -0.202097237 0.867764413 0.454028159 -0.202097237 0.867764413 0.454028159 -0.107834026 0.251305878 0.961882055 -0.107834026 0.251305878 0.961882055 -0.107834026 0.251305878 0.961882055 -0.347666889 0.934391081 -0.0777242482 -0.347666889 0.934391081 -0.0777242482 -0.347666889 0.934391081 -0.0777242482 -0.135699004 0.395536125 0.908370495 -0.135699004 0.395536125 0.908370495 -0.135699004 0.395536125 0.908370495 -0.314975709 0.918092847 0.240615726 -0.314975709 0.918092847 0.240615726 -0.314975709 0.918092847 0.240615726 -0.144295543 0.312044233 0.939045966 -0.144295543 0.312044233 0.939045966 -0.144295543 0.312044233 0.939045966 -0.375562131 0.812174857 0.44645834 -0.375562131 0.812174857 0.44645834 -0.375562131 0.812174857 0.44645834 -0.151691377 0.215385422 0.964675486 -0.151691377 0.215385422 0.964675486 -0.151691377 0.215385422 0.964675486 -0.534635782 0.838579655 -0.104635514 -0.534635782 0.838579655 -0.104635514 -0.534635782 0.838579655 -0.104635514 -0.212127805 0.356338114 0.90995872 -0.212127805 0.356338114 0.90995872 -0.212127805 0.356338114 0.90995872 -0.493426323 0.828871012 0.263634682 -0.493426323 0.828871012 0.263634682 -0.493426323 0.828871012 0.263634682 -0.204644635 0.272795647 0.940054834 -0.204644635 0.272795647 0.940054834 -0.204644635 0.272795647 0.940054834 -0.534856856 0.713155329 0.453141898 -0.534856856 0.713155329 0.453141898 -0.534856856 0.713155329 0.453141898 -0.193969101 0.178609207 0.964611173 -0.193969101 0.178609207 0.964611173 -0.193969101 0.178609207 0.964611173 -0.698876023 0.707282066 -0.106415898 -0.698876023 0.707282066 -0.106415898 -0.698876023 0.707282066 -0.106415898 -0.658607721 0.707175612 0.257174164 -0.658607721 0.707175612 0.257174164 -0.658607721 0.707175612 0.257174164 -0.28393954 0.304878175 0.909080625 -0.28393954 0.304878175 0.909080625 -0.28393954 0.304878175 0.909080625 -0.255853832 0.222176015 0.940838277 -0.255853832 0.222176015 0.940838277 -0.255853832 0.222176015 0.940838277 -0.673347712 0.584563076 0.452646405 -0.673347712 0.584563076 0.452646405 -0.673347712 0.584563076 0.452646405 -0.796683311 0.552084208 0.245964944 -0.796683311 0.552084208 0.245964944 -0.796683311 0.552084208 0.245964944 -0.343878686 0.238298848 0.908273697 -0.343878686 0.238298848 0.908273697 -0.343878686 0.238298848 0.908273697 -0.786359847 0.439451873 0.43418926 -0.786359847 0.439451873 0.43418926 -0.786359847 0.439451873 0.43418926 -0.301809579 0.168664083 0.938330173 -0.301809579 0.168664083 0.938330173 -0.301809579 0.168664083 0.938330173 -0.377701461 0.168081343 0.910543859 -0.377701461 0.168081343 0.910543859 -0.377701461 0.168081343 0.910543859 -0.253981054 0.0890625641 0.963099897 -0.253981054 0.0890625641 0.963099897 -0.253981054 0.0890625641 0.963099897 -0.923071563 0.383971691 -0.0224627256 -0.923071563 0.383971691 -0.0224627256 -0.923071563 0.383971691 -0.0224627256 -0.882759333 0.392837703 0.257710248 -0.882759333 0.392837703 0.257710248 -0.882759333 0.392837703 0.257710248 -0.307570457 0.100812174 0.946169794 -0.307570457 0.100812174 0.946169794 -0.307570457 0.100812174 0.946169794 -0.840546131 0.275500715 0.466456413 -0.840546131 0.275500715 0.466456413 -0.840546131 0.275500715 0.466456413 -0.951309383 0.213702247 0.22213006 -0.951309383 0.213702247 0.22213006 -0.951309383 0.213702247 0.22213006 -0.292914718 0.0437633283 0.955136418 -0.292914718 0.0437633283 0.955136418 -0.292914718 0.0437633283 0.955136418 -0.974905074 0.206775039 0.0824877247 -0.974905074 0.206775039 0.0824877247 -0.974905074 0.206775039 0.0824877247 -0.402441502 0.0904044956 0.910970867 -0.402441502 0.0904044956 0.910970867 -0.402441502 0.0904044956 0.910970867 -0.325796962 0.0449214838 0.944371939 -0.325796962 0.0449214838 0.944371939 -0.325796962 0.0449214838 0.944371939 -0.884984136 0.12202283 0.449347883 -0.884984136 0.12202283 0.449347883 -0.884984136 0.12202283 0.449347883 -0.707085669 0.00439694664 0.70711422 -0.707085669 0.00439694664 0.70711422 -0.707085669 0.00439694664 0.70711422 -0.846697569 0.00916036591 0.531995714 -0.846697569 0.00916036591 0.531995714 -0.846697569 0.00916036591 0.531995714 -0.943667471 0.0208311491 0.330239028 -0.943667471 0.0208311491 0.330239028 -0.943667471 0.0208311491 0.330239028 -0.992967963 0.0388189889 0.11183814 -0.992967963 0.0388189889 0.11183814 -0.992967963 0.0388189889 0.11183814 -0.978524148 0.0532353856 0.19913888 -0.978524148 0.0532353856 0.19913888 -0.978524148 0.0532353856 0.19913888 -0.997609377 0.0452970862 0.0521882735 -0.997609377 0.0452970862 0.0521882735 -0.997609377 0.0452970862 0.0521882735 -0.420162141 0.022858398 0.907161176 -0.420162141 0.022858398 0.907161176 -0.420162141 0.022858398 0.907161176 -0.659040093 0.065257825 0.749271452 -0.659040093 0.065257825 0.749271452 -0.659040093 0.065257825 0.749271452 -0.661107957 0.00509654591 0.750273526 -0.661107957 0.00509654591 0.750273526 -0.661107957 0.00509654591 0.750273526 -0.111949749 0.0133958012 0.993623614 -0.111949749 0.0133958012 0.993623614 -0.111949749 0.0133958012 0.993623614 -0.330288708 0.00467891898 0.943868339 -0.330288708 0.00467891898 0.943868339 -0.330288708 0.00467891898 0.943868339 -0.532022536 0.00310489535 0.84672451 -0.532022536 0.00310489535 0.84672451 -0.532022536 0.00310489535 0.84672451 -0.219942436 0.00557239354 0.975496948 -0.219942436 0.00557239354 0.975496948 -0.219942436 0.00557239354 0.975496948 -0.565314531 0.00412707264 0.824865162 -0.565314531 0.00412707264 0.824865162 -0.565314531 0.00412707264 0.824865162 -0.563990235 0.0501281023 0.824258685 -0.563990235 0.0501281023 0.824258685 -0.563990235 0.0501281023 0.824258685 0 -1 0 0 -1 0 0 -1 0 0 -1 0 0 -1 0 0 -1 0 0 -1 0 0 -1 0 0 -1 0 0 -1 0 0 -1 0 0 -1 0 0 -1 0 0 -1 0 0 -1 0 0 -1 0 0 -1 0 0 -1 0 0 -1 0 0 -1 0 0 -1 0 0 -1 0 0 -1 0 0 -1 0 -0 -1 0 -0 -1 0 -0 -1 0 -0 -1 0 -0 -1 0 -0 -1 0 -0 -1 0 -0 -1 0 -0 -1 0 0 -1 0 0 -1 0 0 -1 0 0 -1 0 0 -1 0 0 -1 0 -0 -1 0 -0 -1 0 -0 -1 0 -0 -1 0 -0 -1 0 -0 -1 0 0 -1 0 0 -1 0 0 -1 0 -0 -1 0 -0 -1 0 -0 -1 0 0 -1 0 0 -1 0 0 -1 0 0 -1 0 0 -1 0 0 -1 0 0 -1 0 0 -1 0 0 -1 0 -0 -1 -0 -0 -1 -0 -0 -1 -0 0 -1 0 0 -1 0 0 -1 0 0 -1 0 0 -1 0 0 -1 0 0 -1 0 0 -1 0 0 -1 0 -0.120536625 0 0.992708921 -0.120536625 0 0.992708921 -0.120536625 0 0.992708921 -0.120536625 0 0.992708921 -0.120536625 0 0.992708921 -0.120536625 0 0.992708921 -0.354605138 0 0.935016096 -0.354605138 0 0.935016096 -0.354605138 0 0.935016096 -0.354605138 0 0.935016096 -0.354605138 0 0.935016096 -0.354605138 0 0.935016096 -0.568063259 0 0.822984874 -0.568063259 0 0.822984874 -0.568063259 0 0.822984874 -0.568063259 0 0.822984874 -0.568063259 0 0.822984874 -0.568063259 0 0.822984874 -0.748510778 0 0.663122594 -0.748510778 0 0.663122594 -0.748510778 0 0.663122594 -0.748510778 0 0.663122594 -0.748510778 0 0.663122594 -0.748510778 0 0.663122594 -0.885456383 0 0.464722455 -0.885456383 0 0.464722455 -0.885456383 0 0.464722455 -0.885456383 0 0.464722455 -0.885456383 0 0.464722455 -0.885456383 0 0.464722455 -0.970941842 0 0.239315629 -0.970941842 0 0.239315629 -0.970941842 0 0.239315629 -0.970941842 0 0.239315629 -0.970941842 0 0.239315629 -0.970941842 0 0.239315629 -1 0 0 -1 0 0 -1 0 0 -1 0 0 -1 0 0 -1 0 0 -0.970941842 0 -0.239315629 -0.970941842 0 -0.239315629 -0.970941842 0 -0.239315629 -0.885456085 -0 -0.46472311 -0.885456085 -0 -0.46472311 -0.885456085 -0 -0.46472311 -0.970941842 0 -0.239315629 -0.970941842 0 -0.239315629 -0.970941842 0 -0.239315629 -0.885456085 0 -0.46472311 -0.885456085 0 -0.46472311 -0.885456085 0 -0.46472311 -0.748510778 0 -0.663122594 -0.748510778 0 -0.663122594 -0.748510778 0 -0.663122594 -0.748510778 0 -0.663122594 -0.748510778 0 -0.663122594 -0.748510778 0 -0.663122594 -0.568065345 0 -0.822983444 -0.568065345 0 -0.822983444 -0.568065345 0 -0.822983444 -0.568065345 0 -0.822983444 -0.568065345 0 -0.822983444 -0.568065345 0 -0.822983444 -0.354605138 0 -0.935016096 -0.354605138 0 -0.935016096 -0.354605138 0 -0.935016096 -0.354605138 0 -0.935016096 -0.354605138 0 -0.935016096 -0.354605138 0 -0.935016096 -0.120536625 0 -0.992708921 -0.120536625 0 -0.992708921 -0.120536625 0 -0.992708921 -0.120536625 0 -0.992708921 -0.120536625 0 -0.992708921 -0.120536625 0 -0.992708921 0 -1 0 0 -1 0 0 -1 0 -0 -1 0 -0 -1 0 -0 -1 0 0 -1 0 0 -1 0 0 -1 0 0 -1 0 0 -1 0 0 -1 0 0 -1 0 0 -1 0 0 -1 0 0 -1 0 0 -1 0 0 -1 0 -0 -1 0 -0 -1 0 -0 -1 0 0 -1 0 0 -1 0 0 -1 0 0 -1 0 0 -1 0 0 -1 0 0 -1 0 0 -1 0 0 -1 0 0 -1 0 0 -1 0 0 -1 0 0 -1 0 0 -1 0 0 -1 0 0 -1 0 0 -1 0 0 -1 0 -0 -1 0 -0 -1 0 -0 -1 0 -0 -1 0 -0 -1 0 -0 -1 0 0 -1 0 0 -1 0 0 -1 0 0 -1 0 0 -1 0 0 -1 0 0 -1 0 0 -1 0 0 -1 0 -0 -1 0 -0 -1 0 -0 -1 0 0 -1 0 0 -1 0 0 -1 0 0 -1 0 0 -1 0 0 -1 0 0 -1 0 0 -1 0 0 -1 0 0 -1 0 0 -1 0 0 -1 0 0 -1 0 0 -1 0 0 -1 0 -0 -1 0 -0 -1 0 -0 -1 0 0 -1 0 0 -1 0 0 -1 0 0 -1 0 0 -1 0 0 -1 0 0 -1 0 0 -1 0 0 -1 0 0 -1 0 0 -1 0 0 -1 0 -0 -1 0 -0 -1 0 -0 -1 0 0 -1 0 0 -1 0 0 -1 0 0 -1 0 0 -1 0 0 -1 0 0 -1 0 0 -1 0 0 -1 0 -0 -1 0 -0 -1 0 -0 -1 0 0 -1 0 0 -1 0 0 -1 0 0 -1 0 0 -1 0 0 -1 0 -0 -1 0 -0 -1 0 -0 -1 0 0 -1 0 0 -1 0 0 -1 0 0 -1 0 0 -1 0 0 -1 0 0 -1 0 0 -1 0 0 -1 0 0 -1 0 0 -1 0 0 -1 0 0 -1 0 0 -1 0 0 -1 0 0 -1 0 0 -1 0 0 -1 0 -0 -1 0 -0 -1 0 -0 -1 0 0 -1 0 0 -1 0 0 -1 0 0 -1 0 0 -1 0 0 -1 0 0 -1 0 0 -1 0 0 -1 0 0 -1 0 0 -1 0 0 -1 0 0 -1 0 0 -1 0 0 -1 0 0 -1 0 0 -1 0 0 -1 0 -0 -1 0 -0 -1 0 -0 -1 0 0 -1 0 0 -1 0 0 -1 0 -0.120537497 0 0.992708802 -0.120537497 0 0.992708802 -0.120537497 0 0.992708802 -0.120537497 0 0.992708802 -0.120537497 0 0.992708802 -0.120537497 0 0.992708802 -0.354605168 0 0.935016155 -0.354605168 0 0.935016155 -0.354605168 0 0.935016155 -0.56806463 0 0.822983921 -0.56806463 0 0.822983921 -0.56806463 0 0.822983921 -0.354605168 0 0.935016155 -0.354605168 0 0.935016155 -0.354605168 0 0.935016155 -0.56806463 0 0.822983921 -0.56806463 0 0.822983921 -0.56806463 0 0.822983921 -0.748510778 0 0.663122654 -0.748510778 0 0.663122654 -0.748510778 0 0.663122654 -0.885456085 0 0.46472311 -0.885456085 0 0.46472311 -0.885456085 0 0.46472311 -0.748510778 0 0.663122654 -0.748510778 0 0.663122654 -0.748510778 0 0.663122654 -0.970941782 0 0.239315882 -0.970941782 0 0.239315882 -0.970941782 0 0.239315882 -0.885456085 0 0.46472311 -0.885456085 0 0.46472311 -0.885456085 0 0.46472311 -0.970941782 0 0.239315882 -0.970941782 0 0.239315882 -0.970941782 0 0.239315882 -1 0 0 -1 0 0 -1 0 0 -1 0 0 -1 0 0 -1 0 0 -0.970941782 0 -0.239315882 -0.970941782 0 -0.239315882 -0.970941782 0 -0.239315882 -0.970941782 0 -0.239315882 -0.970941782 0 -0.239315882 -0.970941782 0 -0.239315882 -0.885456085 0 -0.46472311 -0.885456085 0 -0.46472311 -0.885456085 0 -0.46472311 -0.748510778 -0 -0.663122654 -0.748510778 -0 -0.663122654 -0.748510778 -0 -0.663122654 -0.885456085 0 -0.46472311 -0.885456085 0 -0.46472311 -0.885456085 0 -0.46472311 -0.748510778 0 -0.663122654 -0.748510778 0 -0.663122654 -0.748510778 0 -0.663122654 -0.56806463 0 -0.822983921 -0.56806463 0 -0.822983921 -0.56806463 0 -0.822983921 -0.56806463 0 -0.822983921 -0.56806463 0 -0.822983921 -0.56806463 0 -0.822983921 -0.354605168 0 -0.935016155 -0.354605168 0 -0.935016155 -0.354605168 0 -0.935016155 -0.354605168 0 -0.935016155 -0.354605168 0 -0.935016155 -0.354605168 0 -0.935016155 -0.120536268 0 -0.992708921 -0.120536268 0 -0.992708921 -0.120536268 0 -0.992708921 -0.120536268 0 -0.992708921 -0.120536268 0 -0.992708921 -0.120536268 0 -0.992708921 0 0.111964568 -0.993712187 0 0.111964568 -0.993712187 0 0.111964568 -0.993712187 0 0.111964568 -0.993712187 0 0.111964568 -0.993712187 0 0.111964568 -0.993712187 0 0.330278069 -0.943883657 0 0.330278069 -0.943883657 0 0.330278069 -0.943883657 0 0.330278069 -0.943883657 0 0.330278069 -0.943883657 0 0.330278069 -0.943883657 0 0.532033205 -0.846723557 0 0.532033205 -0.846723557 0 0.532033205 -0.846723557 0 0.532033205 -0.846723557 0 0.532033205 -0.846723557 0 0.532033205 -0.846723557 0 0.707107544 -0.707105994 0 0.707107544 -0.707105994 0 0.707107544 -0.707105994 0 0.707107544 -0.707105994 0 0.707107544 -0.707105994 0 0.707107544 -0.707105994 0 0.846723318 -0.532033443 0 0.846723318 -0.532033443 0 0.846723318 -0.532033443 0 0.846723318 -0.532033443 0 0.846723318 -0.532033443 0 0.846723318 -0.532033443 0 0.943883181 -0.33027941 0 0.943883181 -0.33027941 0 0.943883181 -0.33027941 0 0.943883181 -0.33027941 0 0.943883181 -0.33027941 0 0.943883181 -0.33027941 0 0.993712306 -0.111964233 0 0.993712306 -0.111964233 0 0.993712306 -0.111964233 0 0.993712306 -0.111964233 0 0.993712306 -0.111964233 0 0.993712306 -0.111964233 -0 1 0 -0 1 0 -0 1 0 0 1 0 0 1 0 0 1 0 -0 0.993712187 0.111964568 -0 0.993712187 0.111964568 -0 0.993712187 0.111964568 0 0.993712187 0.111964568 0 0.993712187 0.111964568 0 0.993712187 0.111964568 0 0.943883181 0.33027941 0 0.943883181 0.33027941 0 0.943883181 0.33027941 0 0.943883181 0.33027941 0 0.943883181 0.33027941 0 0.943883181 0.33027941 0 0.846723318 0.532033443 0 0.846723318 0.532033443 0 0.846723318 0.532033443 0 0.846723318 0.532033443 0 0.846723318 0.532033443 0 0.846723318 0.532033443 0 0.707109034 0.707104504 0 0.707109034 0.707104504 0 0.707109034 0.707104504 0 0.707109034 0.707104504 0 0.707109034 0.707104504 0 0.707109034 0.707104504 0 0.532031059 0.846724927 0 0.532031059 0.846724927 0 0.532031059 0.846724927 0 0.532031059 0.846724927 0 0.532031059 0.846724927 0 0.532031059 0.846724927 0 0.330278069 0.943883657 0 0.330278069 0.943883657 0 0.330278069 0.943883657 0 0.330278069 0.943883657 0 0.330278069 0.943883657 0 0.330278069 0.943883657 0 0.111964568 0.993712187 0 0.111964568 0.993712187 0 0.111964568 0.993712187 0 0.111964568 0.993712187 0 0.111964568 0.993712187 0 0.111964568 0.993712187 0 0 1 0 0 1 0 0 1 0 0 1 0 0 1 0 0 1 0 -0.111964568 0.993712187 0 -0.111964568 0.993712187 0 -0.111964568 0.993712187 0 -0.111964568 0.993712187 0 -0.111964568 0.993712187 0 -0.111964568 0.993712187 0 -0.330278069 0.943883657 0 -0.330278069 0.943883657 0 -0.330278069 0.943883657 0 -0.330278069 0.943883657 0 -0.330278069 0.943883657 0 -0.330278069 0.943883657 0 -0.532031059 0.846724927 0 -0.532031059 0.846724927 0 -0.532031059 0.846724927 0 -0.532031059 0.846724927 0 -0.532031059 0.846724927 0 -0.532031059 0.846724927 0 -0.707109034 0.707104504 0 -0.707109034 0.707104504 0 -0.707109034 0.707104504 0 -0.707109034 0.707104504 0 -0.707109034 0.707104504 0 -0.707109034 0.707104504 0 -0.846723318 0.532033443 0 -0.846723318 0.532033443 0 -0.846723318 0.532033443 0 -0.846723318 0.532033443 0 -0.846723318 0.532033443 0 -0.846723318 0.532033443 0 -0.943883181 0.33027941 0 -0.943883181 0.33027941 0 -0.943883181 0.33027941 0 -0.943883181 0.33027941 0 -0.943883181 0.33027941 0 -0.943883181 0.33027941 0 -0.993712187 0.111964568 0 -0.993712187 0.111964568 0 -0.993712187 0.111964568 0 -0.993712187 0.111964568 0 -0.993712187 0.111964568 0 -0.993712187 0.111964568 0 -1 0 0 -1 0 0 -1 0 0 -1 0 0 -1 0 0 -1 0 0 -0.77301079 -0.634392858 0 -0.77301079 -0.634392858 0 -0.77301079 -0.634392858 0 -0.77301079 -0.634392858 0 -0.77301079 -0.634392858 0 -0.77301079 -0.634392858 0 -0.881920576 -0.471397996 0 -0.881920576 -0.471397996 0 -0.881920576 -0.471397996 0 -0.881920576 -0.471397996 0 -0.881920576 -0.471397996 0 -0.881920576 -0.471397996 -0 -0.9951846 -0.0980184674 -0 -0.9951846 -0.0980184674 -0 -0.9951846 -0.0980184674 0 -0.95694077 -0.290283293 0 -0.95694077 -0.290283293 0 -0.95694077 -0.290283293 0 -0.95694077 -0.290283293 0 -0.95694077 -0.290283293 0 -0.95694077 -0.290283293 0 -0.9951846 -0.0980184674 0 -0.9951846 -0.0980184674 0 -0.9951846 -0.0980184674 -0 -0.707106769 -0.707106769 -0 -0.707106769 -0.707106769 -0 -0.707106769 -0.707106769 0 -0.707106769 -0.707106769 0 -0.707106769 -0.707106769 0 -0.707106769 -0.707106769 0 -0.0980155244 -0.995184898 0 -0.0980155244 -0.995184898 0 -0.0980155244 -0.995184898 0 -0.0980155244 -0.995184898 0 -0.0980155244 -0.995184898 0 -0.0980155244 -0.995184898 0 -0.290284783 -0.956940293 0 -0.290284783 -0.956940293 0 -0.290284783 -0.956940293 0 -0.290284783 -0.956940293 0 -0.290284783 -0.956940293 0 -0.290284783 -0.956940293 0 -0.471396834 -0.881921172 0 -0.471396834 -0.881921172 0 -0.471396834 -0.881921172 0 -0.471396834 -0.881921172 0 -0.471396834 -0.881921172 0 -0.471396834 -0.881921172 0 -0.634394467 -0.773009479 0 -0.634394467 -0.773009479 0 -0.634394467 -0.773009479 0 -0.634394467 -0.773009479 0 -0.634394467 -0.773009479 0 -0.634394467 -0.773009479 -0 -0 -1 -0 -0 -1 -0 -0 -1 0 0 -1 0 0 -1 0 0 -1 0 -0.120537519 0.992708802 0 -0.120537519 0.992708802 0 -0.120537519 0.992708802 0 -0.120537519 0.992708802 0 -0.120537519 0.992708802 0 -0.120537519 0.992708802 0 -0.354611456 0.935013771 0 -0.354611456 0.935013771 0 -0.354611456 0.935013771 0 -0.354611456 0.935013771 0 -0.354611456 0.935013771 0 -0.354611456 0.935013771 0 -0.568063617 0.822984695 0 -0.568063617 0.822984695 0 -0.568063617 0.822984695 0 -0.568063617 0.822984695 0 -0.568063617 0.822984695 0 -0.568063617 0.822984695 0 -0.748509169 0.663124502 0 -0.748509169 0.663124502 0 -0.748509169 0.663124502 0 -0.748509169 0.663124502 0 -0.748509169 0.663124502 0 -0.748509169 0.663124502 0 -0.885458112 0.464719176 0 -0.885458112 0.464719176 0 -0.885458112 0.464719176 0 -0.97094065 0.239320666 0 -0.97094065 0.239320666 0 -0.97094065 0.239320666 0 -0.885458112 0.464719176 0 -0.885458112 0.464719176 0 -0.885458112 0.464719176 0 -0.97094065 0.239320666 0 -0.97094065 0.239320666 0 -0.97094065 0.239320666 0 -1 0 0 -1 0 0 -1 0 0 -1 0 0 -1 0 0 -1 0 0 -0.970941126 -0.239318356 0 -0.970941126 -0.239318356 0 -0.970941126 -0.239318356 0 -0.885457039 -0.464721173 0 -0.885457039 -0.464721173 0 -0.885457039 -0.464721173 -0 -0.970941126 -0.239318356 -0 -0.970941126 -0.239318356 -0 -0.970941126 -0.239318356 0 -0.885457039 -0.464721173 0 -0.885457039 -0.464721173 0 -0.885457039 -0.464721173 0 -0.748511374 -0.663122058 0 -0.748511374 -0.663122058 0 -0.748511374 -0.663122058 -0 -0.748511374 -0.663122058 -0 -0.748511374 -0.663122058 -0 -0.748511374 -0.663122058 0 -0.568063617 -0.822984695 0 -0.568063617 -0.822984695 0 -0.568063617 -0.822984695 0 -0.354602814 -0.935017109 0 -0.354602814 -0.935017109 0 -0.354602814 -0.935017109 -0 -0.568063617 -0.822984695 -0 -0.568063617 -0.822984695 -0 -0.568063617 -0.822984695 0 -0.354602814 -0.935017109 0 -0.354602814 -0.935017109 0 -0.354602814 -0.935017109 0 -0.120537519 -0.992708802 0 -0.120537519 -0.992708802 0 -0.120537519 -0.992708802 -0 -0.120537519 -0.992708802 -0 -0.120537519 -0.992708802 -0 -0.120537519 -0.992708802 0 -0.120537519 0.992708802 0 -0.120537519 0.992708802 0 -0.120537519 0.992708802 0 -0.120537519 0.992708802 0 -0.120537519 0.992708802 0 -0.120537519 0.992708802 0 -0.354611456 0.935013771 0 -0.354611456 0.935013771 0 -0.354611456 0.935013771 0 -0.354611456 0.935013771 0 -0.354611456 0.935013771 0 -0.354611456 0.935013771 0 -0.568063617 0.822984695 0 -0.568063617 0.822984695 0 -0.568063617 0.822984695 0 -0.568063617 0.822984695 0 -0.568063617 0.822984695 0 -0.568063617 0.822984695 0 -0.748509169 0.663124502 0 -0.748509169 0.663124502 0 -0.748509169 0.663124502 0 -0.748509169 0.663124502 0 -0.748509169 0.663124502 0 -0.748509169 0.663124502 0 -0.885458112 0.464719176 0 -0.885458112 0.464719176 0 -0.885458112 0.464719176 0 -0.97094065 0.239320666 0 -0.97094065 0.239320666 0 -0.97094065 0.239320666 0 -0.885458112 0.464719176 0 -0.885458112 0.464719176 0 -0.885458112 0.464719176 0 -0.97094065 0.239320666 0 -0.97094065 0.239320666 0 -0.97094065 0.239320666 0 -1 0 0 -1 0 0 -1 0 0 -1 0 0 -1 0 0 -1 0 0 -0.970941126 -0.239318356 0 -0.970941126 -0.239318356 0 -0.970941126 -0.239318356 0 -0.885457039 -0.464721173 0 -0.885457039 -0.464721173 0 -0.885457039 -0.464721173 -0 -0.970941126 -0.239318356 -0 -0.970941126 -0.239318356 -0 -0.970941126 -0.239318356 0 -0.885457039 -0.464721173 0 -0.885457039 -0.464721173 0 -0.885457039 -0.464721173 0 -0.748511374 -0.663122058 0 -0.748511374 -0.663122058 0 -0.748511374 -0.663122058 -0 -0.748511374 -0.663122058 -0 -0.748511374 -0.663122058 -0 -0.748511374 -0.663122058 0 -0.568063617 -0.822984695 0 -0.568063617 -0.822984695 0 -0.568063617 -0.822984695 0 -0.354602814 -0.935017109 0 -0.354602814 -0.935017109 0 -0.354602814 -0.935017109 -0 -0.568063617 -0.822984695 -0 -0.568063617 -0.822984695 -0 -0.568063617 -0.822984695 0 -0.354602814 -0.935017109 0 -0.354602814 -0.935017109 0 -0.354602814 -0.935017109 0 -0.120537519 -0.992708802 0 -0.120537519 -0.992708802 0 -0.120537519 -0.992708802 -0 -0.120537519 -0.992708802 -0 -0.120537519 -0.992708802 -0 -0.120537519 -0.992708802 -0.0855434388 -0.704514861 0.704514861 -0.0855434388 -0.704514861 0.704514861 -0.0855434388 -0.704514861 0.704514861 -0.085544087 -0.704515457 0.704514146 -0.085544087 -0.704515457 0.704514146 -0.085544087 -0.704515457 0.704514146 -0.251659453 -0.704514861 0.663570881 -0.251659453 -0.704514861 0.663570881 -0.251659453 -0.704514861 0.663570881 -0.25165984 -0.704515278 0.663570285 -0.25165984 -0.704515278 0.663570285 -0.25165984 -0.704515278 0.663570285 -0.403149128 -0.704515219 0.584062517 -0.403149128 -0.704515219 0.584062517 -0.403149128 -0.704515219 0.584062517 -0.403148949 -0.704514861 0.584063113 -0.403148949 -0.704514861 0.584063113 -0.403148949 -0.704514861 0.584063113 -0.531209826 -0.704515159 0.470610827 -0.531209826 -0.704515159 0.470610827 -0.531209826 -0.704515159 0.470610827 -0.531209826 -0.704515159 0.470610738 -0.531209826 -0.704515159 0.470610738 -0.531209826 -0.704515159 0.470610738 -0.628398478 -0.7045151 0.329808891 -0.628398478 -0.7045151 0.329808891 -0.628398478 -0.7045151 0.329808891 -0.628398895 -0.704514802 0.329808712 -0.628398895 -0.704514802 0.329808712 -0.628398895 -0.704514802 0.329808712 -0.689067066 -0.704514802 0.169839934 -0.689067066 -0.704514802 0.169839934 -0.689067066 -0.704514802 0.169839934 -0.689067006 -0.704514802 0.169839889 -0.689067006 -0.704514802 0.169839889 -0.689067006 -0.704514802 0.169839889 -0.709689319 -0.704514742 0 -0.709689319 -0.704514742 0 -0.709689319 -0.704514742 0 -0.709689319 -0.704514742 0 -0.709689319 -0.704514742 0 -0.709689319 -0.704514742 0 -0.689066947 -0.704514802 -0.169839919 -0.689066947 -0.704514802 -0.169839919 -0.689066947 -0.704514802 -0.169839919 -0.689067006 -0.704514742 -0.169839889 -0.689067006 -0.704514742 -0.169839889 -0.689067006 -0.704514742 -0.169839889 -0.628398478 -0.7045151 -0.329808891 -0.628398478 -0.7045151 -0.329808891 -0.628398478 -0.7045151 -0.329808891 -0.628398895 -0.704514861 -0.329808712 -0.628398895 -0.704514861 -0.329808712 -0.628398895 -0.704514861 -0.329808712 -0.531210124 -0.704514802 -0.470611095 -0.531210124 -0.704514802 -0.470611095 -0.531210124 -0.704514802 -0.470611095 -0.531209528 -0.7045151 -0.470611155 -0.531209528 -0.7045151 -0.470611155 -0.531209528 -0.7045151 -0.470611155 -0.403149396 -0.704514861 -0.584062934 -0.403149396 -0.704514861 -0.584062934 -0.403149396 -0.704514861 -0.584062934 -0.403149545 -0.704514742 -0.584062874 -0.403149545 -0.704514742 -0.584062874 -0.403149545 -0.704514742 -0.584062874 -0.251659513 -0.704514682 -0.663571 -0.251659513 -0.704514682 -0.663571 -0.251659513 -0.704514682 -0.663571 -0.251659334 -0.704514861 -0.66357094 -0.251659334 -0.704514861 -0.66357094 -0.251659334 -0.704514861 -0.66357094 -0.0855433047 -0.704514742 -0.70451498 -0.0855433047 -0.704514742 -0.70451498 -0.0855433047 -0.704514742 -0.70451498 -0.0855434388 -0.704514861 -0.704514861 -0.0855434388 -0.704514861 -0.704514861 -0.0855434388 -0.704514861 -0.704514861 0.704871535 0.0794203877 -0.704874814 0.704871535 0.0794203877 -0.704874814 0.704871535 0.0794203877 -0.704874814 0.704871476 0.0794203952 -0.704874873 0.704871476 0.0794203952 -0.704874873 0.704871476 0.0794203952 -0.704874873 0.704870343 0.234278157 -0.669530749 0.704870343 0.234278157 -0.669530749 0.704870343 0.234278157 -0.669530749 0.704871535 0.234279022 -0.669529319 0.704871535 0.234279022 -0.669529319 0.704871535 0.234279022 -0.669529319 0.704871714 0.37738964 -0.600610435 0.704871714 0.37738964 -0.600610435 0.704871714 0.37738964 -0.600610435 0.704870582 0.377389103 -0.600612044 0.704870582 0.377389103 -0.600612044 0.704870582 0.377389103 -0.600612044 0.704872787 0.501575172 -0.501574099 0.704872787 0.501575172 -0.501574099 0.704872787 0.501575172 -0.501574099 0.704871595 0.501575053 -0.501576006 0.704871595 0.501575053 -0.501576006 0.704871595 0.501575053 -0.501576006 0.704872012 0.600610137 -0.377389759 0.704872012 0.600610137 -0.377389759 0.704872012 0.600610137 -0.377389759 0.704872549 0.600609958 -0.377388716 0.704872549 0.600609958 -0.377388716 0.704872549 0.600609958 -0.377388716 0.704871476 0.669529438 -0.234278753 0.704871476 0.669529438 -0.234278753 0.704871476 0.669529438 -0.234278753 0.704872072 0.66952914 -0.234277993 0.704872072 0.66952914 -0.234277993 0.704872072 0.66952914 -0.234277993 0.704871535 0.704874873 -0.0794201493 0.704871535 0.704874873 -0.0794201493 0.704871535 0.704874873 -0.0794201493 0.704871416 0.704874814 -0.0794201717 0.704871416 0.704874814 -0.0794201717 0.704871416 0.704874814 -0.0794201717 0.7071051 0.707108498 0 0.7071051 0.707108498 0 0.7071051 0.707108498 0 0.7071051 0.707108498 0 0.7071051 0.707108498 0 0.7071051 0.707108498 0 0.704871476 0.704874873 0.0794203803 0.704871476 0.704874873 0.0794203803 0.704871476 0.704874873 0.0794203803 0.704871476 0.704874873 0.0794203952 0.704871476 0.704874873 0.0794203952 0.704871476 0.704874873 0.0794203952 0.704872072 0.669528842 0.23427856 0.704872072 0.669528842 0.23427856 0.704872072 0.669528842 0.23427856 0.704871595 0.669529557 0.234278142 0.704871595 0.669529557 0.234278142 0.704871595 0.669529557 0.234278142 0.704872668 0.600609601 0.377389401 0.704872668 0.600609601 0.377389401 0.704872668 0.600609601 0.377389401 0.704872072 0.600610495 0.377389073 0.704872072 0.600610495 0.377389073 0.704872072 0.600610495 0.377389073 0.704871416 0.501577258 0.501574039 0.704871416 0.501577258 0.501574039 0.704871416 0.501577258 0.501574039 0.704872787 0.501575172 0.501574218 0.704872787 0.501575172 0.501574218 0.704872787 0.501575172 0.501574218 0.704870641 0.377388686 0.600612342 0.704870641 0.377388686 0.600612342 0.704870641 0.377388686 0.600612342 0.704871595 0.377387285 0.600612164 0.704871595 0.377387285 0.600612164 0.704871595 0.377387285 0.600612164 0.704873085 0.234277248 0.669528186 0.704873085 0.234277248 0.669528186 0.704873085 0.234277248 0.669528186 0.704870582 0.234281003 0.669529617 0.704870582 0.234281003 0.669529617 0.704870582 0.234281003 0.669529617 0.704873204 0.0794202313 0.704873204 0.704873204 0.0794202313 0.704873204 0.704873204 0.0794202313 0.704873204 0.704873204 0.0794202015 0.704873204 0.704873204 0.0794202015 0.704873204 0.704873204 0.0794202015 0.704873204 0.707106769 -0 0.707106769 0.707106769 -0 0.707106769 0.707106769 -0 0.707106769 0.707106769 0 0.707106769 0.707106769 0 0.707106769 0.707106769 0 0.707106769 0.704873204 -0.0794202015 0.704873204 0.704873204 -0.0794202015 0.704873204 0.704873204 -0.0794202015 0.704873204 0.704873204 -0.0794202089 0.704873204 0.704873204 -0.0794202089 0.704873204 0.704873204 -0.0794202089 0.704873204 0.704870343 -0.234278157 0.669530749 0.704870343 -0.234278157 0.669530749 0.704870343 -0.234278157 0.669530749 0.704873025 -0.234280199 0.669527292 0.704873025 -0.234280199 0.669527292 0.704873025 -0.234280199 0.669527292 0.704871655 -0.377388149 0.600611508 0.704871655 -0.377388149 0.600611508 0.704871655 -0.377388149 0.600611508 0.704870701 -0.377387732 0.600612879 0.704870701 -0.377387732 0.600612879 0.704870701 -0.377387732 0.600612879 0.704872847 -0.501576245 0.501572967 0.704872847 -0.501576245 0.501572967 0.704872847 -0.501576245 0.501572967 0.704871476 -0.501576066 0.501575112 0.704871476 -0.501576066 0.501575112 0.704871476 -0.501576066 0.501575112 0.704872012 -0.600610137 0.377389759 0.704872012 -0.600610137 0.377389759 0.704872012 -0.600610137 0.377389759 0.704872549 -0.600609958 0.377388716 0.704872549 -0.600609958 0.377388716 0.704872549 -0.600609958 0.377388716 0.704871476 -0.669529438 0.234278753 0.704871476 -0.669529438 0.234278753 0.704871476 -0.669529438 0.234278753 0.704872072 -0.66952914 0.234277993 0.704872072 -0.66952914 0.234277993 0.704872072 -0.66952914 0.234277993 0.704871476 -0.704874873 0.0794203952 0.704871476 -0.704874873 0.0794203952 0.704871476 -0.704874873 0.0794203952 0.704871535 -0.704874814 0.0794203877 0.704871535 -0.704874814 0.0794203877 0.704871535 -0.704874814 0.0794203877 0.7071051 -0.707108498 0 0.7071051 -0.707108498 0 0.7071051 -0.707108498 0 0.7071051 -0.707108498 0 0.7071051 -0.707108498 0 0.7071051 -0.707108498 0 0.705396473 -0.705399811 -0.0694767684 0.705396473 -0.705399811 -0.0694767684 0.705396473 -0.705399811 -0.0694767684 0.705397069 -0.6782915 -0.205756381 0.705397069 -0.6782915 -0.205756381 0.705397069 -0.6782915 -0.205756381 0.705396771 -0.705399513 -0.0694760084 0.705396771 -0.705399513 -0.0694760084 0.705396771 -0.705399513 -0.0694760084 0.705396235 -0.625117004 -0.334133148 0.705396235 -0.625117004 -0.334133148 0.705396235 -0.625117004 -0.334133148 0.705396414 -0.678291678 -0.205757737 0.705396414 -0.678291678 -0.205757737 0.705396414 -0.678291678 -0.205757737 0.705397367 -0.625117064 -0.334130466 0.705397367 -0.625117064 -0.334130466 0.705397367 -0.625117064 -0.334130466 0.705396771 -0.547919929 -0.449665755 0.705396771 -0.547919929 -0.449665755 0.705396771 -0.547919929 -0.449665755 0.705397487 -0.54791826 -0.44966647 0.705397487 -0.54791826 -0.44966647 0.705397487 -0.54791826 -0.44966647 0.707105339 -0.500001013 -0.500001013 0.707105339 -0.500001013 -0.500001013 0.707105339 -0.500001013 -0.500001013 0.707105339 -0.500001013 -0.500001013 0.707105339 -0.500001013 -0.500001013 0.707105339 -0.500001013 -0.500001013 0.705396771 -0.449666858 -0.547918916 0.705396771 -0.449666858 -0.547918916 0.705396771 -0.449666858 -0.547918916 0.705395579 -0.334132671 -0.625117958 0.705395579 -0.334132671 -0.625117958 0.705395579 -0.334132671 -0.625117958 0.705395758 -0.449665904 -0.547921002 0.705395758 -0.449665904 -0.547921002 0.705395758 -0.449665904 -0.547921002 0.705395877 -0.205757782 -0.678292334 0.705395877 -0.205757782 -0.678292334 0.705395877 -0.205757782 -0.678292334 0.705395877 -0.334133029 -0.625117421 0.705395877 -0.334133029 -0.625117421 0.705395877 -0.334133029 -0.625117421 0.705395818 -0.0694747418 -0.705400646 0.705395818 -0.0694747418 -0.705400646 0.705395818 -0.0694747418 -0.705400646 0.705395937 -0.205757886 -0.678292215 0.705395937 -0.205757886 -0.678292215 0.705395937 -0.205757886 -0.678292215 0.705396473 -0.0694760382 -0.705399811 0.705396473 -0.0694760382 -0.705399811 0.705396473 -0.0694760382 -0.705399811 0.7071051 0 -0.707108438 0.7071051 0 -0.707108438 0.7071051 0 -0.707108438 0.7071051 0 -0.707108438 0.7071051 0 -0.707108438 0.7071051 0 -0.707108438 0.704514623 -0.0855461806 0.704514623 0.704514623 -0.0855461806 0.704514623 0.704514623 -0.0855461806 0.704514623 0.704513669 -0.0855443254 0.704515934 0.704513669 -0.0855443254 0.704515934 0.704513669 -0.0855443254 0.704515934 0.70451802 -0.251662791 0.663566172 0.70451802 -0.251662791 0.663566172 0.70451802 -0.251662791 0.663566172 0.704513609 -0.251656145 0.663573444 0.704513609 -0.251656145 0.663573444 0.704513609 -0.251656145 0.663573444 0.704515994 -0.403148025 0.584062397 0.704515994 -0.403148025 0.584062397 0.704515994 -0.403148025 0.584062397 0.704517603 -0.403149694 0.584059238 0.704517603 -0.403149694 0.584059238 0.704517603 -0.403149694 0.584059238 0.704514325 -0.53120935 0.470612705 0.704514325 -0.53120935 0.470612705 0.704514325 -0.53120935 0.470612705 0.704515696 -0.531210124 0.470609635 0.704515696 -0.531210124 0.470609635 0.704515696 -0.531210124 0.470609635 0.704517305 -0.628397882 0.329805046 0.704517305 -0.628397882 0.329805046 0.704517305 -0.628397882 0.329805046 0.704514742 -0.628397822 0.329810858 0.704514742 -0.628397822 0.329810858 0.704514742 -0.628397822 0.329810858 0.704515278 -0.689065695 0.169843212 0.704515278 -0.689065695 0.169843212 0.704515278 -0.689065695 0.169843212 0.704516768 -0.68906498 0.169839978 0.704516768 -0.68906498 0.169839978 0.704516768 -0.68906498 0.169839978 0.704515517 -0.709688604 0 0.704515517 -0.709688604 0 0.704515517 -0.709688604 0 0.704515517 -0.709688485 0 0.704515517 -0.709688485 0 0.704515517 -0.709688485 0 0.704516053 -0.689065278 -0.169841364 0.704516053 -0.689065278 -0.169841364 0.704516053 -0.689065278 -0.169841364 0.704516053 -0.689065278 -0.169841409 0.704516053 -0.689065278 -0.169841409 0.704516053 -0.689065278 -0.169841409 0.704515219 -0.628399014 -0.32980746 0.704515219 -0.628399014 -0.32980746 0.704515219 -0.628399014 -0.32980746 0.704515755 -0.62839812 -0.329808116 0.704515755 -0.62839812 -0.329808116 0.704515755 -0.62839812 -0.329808116 0.704514742 -0.531210542 -0.470610678 0.704514742 -0.531210542 -0.470610678 0.704514742 -0.531210542 -0.470610678 0.704515398 -0.531209111 -0.470611185 0.704515398 -0.531209111 -0.470611185 0.704515398 -0.531209111 -0.470611185 0.70451659 -0.403147727 -0.58406198 0.70451659 -0.403147727 -0.58406198 0.70451659 -0.403147727 -0.58406198 0.704514861 -0.403151184 -0.584061444 0.704514861 -0.403151184 -0.584061444 0.704514861 -0.403151184 -0.584061444 0.704516351 -0.251657218 -0.663570046 0.704516351 -0.251657218 -0.663570046 0.704516351 -0.251657218 -0.663570046 0.704516709 -0.0855439529 -0.704512894 0.704516709 -0.0855439529 -0.704512894 0.704516709 -0.0855439529 -0.704512894 0.704516292 -0.251657635 -0.663570166 0.704516292 -0.251657635 -0.663570166 0.704516292 -0.251657635 -0.663570166 0.704516351 -0.0855432749 -0.704513371 0.704516351 -0.0855432749 -0.704513371 0.704516351 -0.0855432749 -0.704513371 0.704514623 -0.0855461806 0.704514623 0.704514623 -0.0855461806 0.704514623 0.704514623 -0.0855461806 0.704514623 0.704513669 -0.0855443254 0.704515934 0.704513669 -0.0855443254 0.704515934 0.704513669 -0.0855443254 0.704515934 0.70451802 -0.251662791 0.663566172 0.70451802 -0.251662791 0.663566172 0.70451802 -0.251662791 0.663566172 0.704513609 -0.251656145 0.663573444 0.704513609 -0.251656145 0.663573444 0.704513609 -0.251656145 0.663573444 0.704515994 -0.403148025 0.584062397 0.704515994 -0.403148025 0.584062397 0.704515994 -0.403148025 0.584062397 0.704517603 -0.403149694 0.584059238 0.704517603 -0.403149694 0.584059238 0.704517603 -0.403149694 0.584059238 0.704514325 -0.53120935 0.470612705 0.704514325 -0.53120935 0.470612705 0.704514325 -0.53120935 0.470612705 0.704515696 -0.531210124 0.470609635 0.704515696 -0.531210124 0.470609635 0.704515696 -0.531210124 0.470609635 0.704517305 -0.628397882 0.329805046 0.704517305 -0.628397882 0.329805046 0.704517305 -0.628397882 0.329805046 0.704514742 -0.628397822 0.329810858 0.704514742 -0.628397822 0.329810858 0.704514742 -0.628397822 0.329810858 0.704514503 -0.68906641 0.169843391 0.704514503 -0.68906641 0.169843391 0.704514503 -0.68906641 0.169843391 0.704516709 -0.689065397 0.169838697 0.704516709 -0.689065397 0.169838697 0.704516709 -0.689065397 0.169838697 0.704514802 -0.709689319 0 0.704514802 -0.709689319 0 0.704514802 -0.709689319 0 0.704514802 -0.709689319 0 0.704514802 -0.709689319 0 0.704514802 -0.709689319 0 0.704516053 -0.689065278 -0.169841364 0.704516053 -0.689065278 -0.169841364 0.704516053 -0.689065278 -0.169841364 0.704515457 -0.689066291 -0.169840276 0.704515457 -0.689066291 -0.169840276 0.704515457 -0.689066291 -0.169840276 0.704515219 -0.628399014 -0.32980746 0.704515219 -0.628399014 -0.32980746 0.704515219 -0.628399014 -0.32980746 0.704515755 -0.62839812 -0.329808116 0.704515755 -0.62839812 -0.329808116 0.704515755 -0.62839812 -0.329808116 0.704514742 -0.531210542 -0.470610678 0.704514742 -0.531210542 -0.470610678 0.704514742 -0.531210542 -0.470610678 0.704515398 -0.531209111 -0.470611185 0.704515398 -0.531209111 -0.470611185 0.704515398 -0.531209111 -0.470611185 0.70451659 -0.403147727 -0.58406198 0.70451659 -0.403147727 -0.58406198 0.70451659 -0.403147727 -0.58406198 0.704514861 -0.403151184 -0.584061444 0.704514861 -0.403151184 -0.584061444 0.704514861 -0.403151184 -0.584061444 0.704516351 -0.251657218 -0.663570046 0.704516351 -0.251657218 -0.663570046 0.704516351 -0.251657218 -0.663570046 0.704516709 -0.0855439529 -0.704512894 0.704516709 -0.0855439529 -0.704512894 0.704516709 -0.0855439529 -0.704512894 0.704516292 -0.251657635 -0.663570166 0.704516292 -0.251657635 -0.663570166 0.704516292 -0.251657635 -0.663570166 0.704516351 -0.0855432749 -0.704513371 0.704516351 -0.0855432749 -0.704513371 0.704516351 -0.0855432749 -0.704513371 0 0 1 0 0 1 0 0 1 0 0 1 0 0 1 0 0 1 0 0 1 0 0 1 0 0 1 0 0 1 0 0 1 0 0 1 0 0 1 0 0 1 0 0 1 0 0 1 0 0 1 0 0 1 0 0 1 0 0 1 0 0 1 0 0 1 0 0 1 0 0 1 0 0 1 0 0 1 0 0 1 0 0 1 0 0 1 0 0 1 0 0 1 0 0 1 0 0 1 0 0 1 0 0 1 0 0 1 0 0 1 0 0 1 0 0 1 0 0 1 0 0 1 0 0 1 0 0 1 0 0 1 0 0 1 0 0 1 0 0 1 0 0 1 0 0 1 0 0 1 0 0 1 0 0 1 0 0 1 0 0 1 0 0 1 0 0 1 0 0 1 0 0 1 0 0 1 0 0 1 0 0 1 0 0 1 0 0 1 0 0 1 0 0 1 0 0 1 0 0 1 0 0 1 0 0 1 0 0 1 0 0 1 0 0 1 0 0 1 0 0 1 0 0 1 0 0 1 0 0 1 0 0 1 0 0 1 0 0 1 0 0 1 0 0 1 0 0 1 0 0 1 0 0 1 0 0 1 0 0 1 0 0 1 0 0 1 0 0 1 0 0 1 0 0 1 0 0 1 0 0 1 0 0 1 0 0 1 0 0 1 0 0 1 0 0 1 0 0 1 0 0 1 0 0 1 0 0 1 0 0 1 0 0 1 0 0 1 0 0 1 0 0 1 0 0 1 0 0 1 0 0 1 0 0 1 0 0 1 0 0 1 0 0 1 0 0 1 0 0 1 0 0 1 0 0 1 0 0 1 0 0 1 0 0 1 0 0 1 0 0 1 0 0 1 0 0 1 0 0 1 0 0 1 0 0 1 0 0 1 0 0 1 0 0 1 0 0 1 0 0 1 0 0 1 0 0 1 0 0 1 0 0 1 0 0 1 0 0 1 0 0 1 0 0 1 0 0 1 0 0 1 0 0 1 0 0 1 0 0 1 0 0 1 0 0 1 0 0 1 0 0 1 0 0 1 0 0 1 0 0 1 0 0 1 0 0 1 0 0 1 0 0 1 0 0 1 0 0 1 0 0 1 0 0 1 0 0 1 0 0 1 0 0 1 0 0 1 0 0 1 0 0 1 0 0 1 0 0 1 0 0 1 0 0 1 0 0 1 0 0 1 0 0 1 0 0 1 0 0 1 0 0 1 0 0 1 0 0 1 0 0 1 0 0 1 0 0 1 0 0 1 0 0 1 0 0 1 0 0 1 0 0 1 0 0 1 0 0 1 0 0 1 0 0 1 0 0 1 0 0 1 0 0 1 0 0 1 0 0 1 0 0 1 0 0 1 0 0 1 0 0 1 0 0 1 0 0 1 0 0 1 0 0 1 0 0 1 0 0 1 0 0 1 0 0 1 0 0 1 0 0 1 0 0 1 0 0 1 0 0 1 0 0 1 0 0 1 0 0 1 0 0 1 0 0 1 0 0 1 0 0 1 0 0 1 0 0 1 0 0 1 0 0 1 0 0 1 0 0 1 0 0 1 0 0 1 0 0 1 0 0 1 0 0 1 0 0 1 0 0 1 0 0 1 0 0 1 0 0 1 0 0 1 0 0 1 0 0 1 -0.0453589 0.998970687 0 -0.0453589 0.998970687 0 -0.0453589 0.998970687 0 -0.0453589 0.998970687 0 -0.0453589 0.998970687 0 -0.0453589 0.998970687 0 -0.207482114 0.978238761 0 -0.207482114 0.978238761 0 -0.207482114 0.978238761 0 -0.207482114 0.978238761 0 -0.207482114 0.978238761 0 -0.207482114 0.978238761 0 -0.384068638 0.923304558 0 -0.384068638 0.923304558 0 -0.384068638 0.923304558 0 -0.384068638 0.923304558 0 -0.384068638 0.923304558 0 -0.384068638 0.923304558 0 -0.555867314 0.831270993 0 -0.555867314 0.831270993 0 -0.555867314 0.831270993 0 -0.555867314 0.831270993 0 -0.555867314 0.831270993 0 -0.555867314 0.831270993 0 -0.711321235 0.702867091 0 -0.711321235 0.702867091 0 -0.711321235 0.702867091 0 -0.711321235 0.702867091 0 -0.711321235 0.702867091 0 -0.711321235 0.702867091 0 -0.843208432 0.537586808 0 -0.843208432 0.537586808 0 -0.843208432 0.537586808 0 -0.937226295 0.348721802 0 -0.937226295 0.348721802 0 -0.937226295 0.348721802 0 -0.843208432 0.537586808 0 -0.843208432 0.537586808 0 -0.843208432 0.537586808 0 -0.937226295 0.348721802 0 -0.937226295 0.348721802 0 -0.937226295 0.348721802 0 -0.987209499 0.159428313 0 -0.987209499 0.159428313 0 -0.987209499 0.159428313 0 -0.987209499 0.159428313 0 -0.987209499 0.159428313 0 -0.987209499 0.159428313 0 -0.99963665 0.0269538406 0 -0.99963665 0.0269538406 0 -0.99963665 0.0269538406 0 -0.99963665 0.0269538406 0 -0.99963665 0.0269538406 0 -0.99963665 0.0269538406 0 -1 0 0 -1 0 0 -1 0 0 -1 0 0 -1 0 0 -1 0 0 -1 -0 0 -1 -0 0 -1 -0 0 -1 -0 0 -1 -0 0 -1 -0 0 -1 0 0 -1 0 0 -1 0 0 -1 0 0 -1 0 0 -1 0 0 -1 -0 0 -1 -0 0 -1 -0 0 -1 -0 0 -1 -0 0 -1 -0 0 -1 0 -0 -1 0 -0 -1 0 -0 -1 0 -0 -1 0 -0 -1 0 -0 -1 0 -0 -1 0 -0 -1 0 -0 -1 0 -0 -1 0 -0 -1 0 -0 -1 0 -0 -1 0 -0 -1 0 -0 -1 0 -0 -1 0 -0 -1 0 -0 -1 0 -0 -1 0 -0 -1 0 -0 -1 0 -0 -1 0 -0 -1 0 -0 -1 0 0 -1 0 0 -1 0 0 -1 0 0 -1 0 0 -1 0 0 -1 0 0 -1 0 0 -1 0 0 -1 0 0 -1 0 0 -1 0 0 -1 0 0 -1 0 0 -1 0 0 -1 0 0 -1 0 0 -1 0 0 -1 0 0 -1 0 0 -1 0 0 -1 0 0 -1 0 0 -1 0 0 -1 0 0 -1 0 0 -1 0 0 -1 0 0 -1 0 0 -1 0 0 -1 0 -0 -1 0 -0 -1 0 -0 -1 0 -0 -1 0 -0 -1 0 -0 -1 0 -0 -1 0 -0 -1 0 -0 -1 0 -0 -1 0 -0 -1 0 -0 -1 0 -0 -1 0 -0 -1 0 -0 -1 0 -0 -1 0 -0 -1 0 -0 -1 0 -0 -1 0 -0 -1 0 -0 -1 -0 -0 -1 -0 -0 -1 -0 -0 -1 0 -0 -1 0 -0 -1 0 -0 -1 0 -0 -1 0 -0 -1 0 -0 -0.998970687 -0.0453589 0 -0.998970687 -0.0453589 0 -0.998970687 -0.0453589 0 -0.998970687 -0.0453589 0 -0.998970687 -0.0453589 0 -0.998970687 -0.0453589 0 -0.978238761 -0.207482114 0 -0.978238761 -0.207482114 0 -0.978238761 -0.207482114 0 -0.978238761 -0.207482114 0 -0.978238761 -0.207482114 0 -0.978238761 -0.207482114 0 -0.923304558 -0.384068638 0 -0.923304558 -0.384068638 0 -0.923304558 -0.384068638 0 -0.923304558 -0.384068638 0 -0.923304558 -0.384068638 0 -0.923304558 -0.384068638 0 -0.831270993 -0.555867314 0 -0.831270993 -0.555867314 0 -0.831270993 -0.555867314 0 -0.831270993 -0.555867314 0 -0.831270993 -0.555867314 0 -0.831270993 -0.555867314 0 -0.702867091 -0.711321235 0 -0.702867091 -0.711321235 0 -0.702867091 -0.711321235 0 -0.702867091 -0.711321235 0 -0.702867091 -0.711321235 0 -0.702867091 -0.711321235 0 -0.537586808 -0.843208432 0 -0.537586808 -0.843208432 0 -0.537586808 -0.843208432 0 -0.537586808 -0.843208432 0 -0.537586808 -0.843208432 0 -0.537586808 -0.843208432 0 -0.348721802 -0.937226295 0 -0.348721802 -0.937226295 0 -0.348721802 -0.937226295 0 -0.348721802 -0.937226295 0 -0.348721802 -0.937226295 0 -0.348721802 -0.937226295 0 -0.159428313 -0.987209499 0 -0.159428313 -0.987209499 0 -0.159428313 -0.987209499 0 -0.159428313 -0.987209499 0 -0.159428313 -0.987209499 0 -0.159428313 -0.987209499 0 -0.0269538406 -0.99963665 0 -0.0269538406 -0.99963665 0 -0.0269538406 -0.99963665 0 -0.0269538406 -0.99963665 0 -0.0269538406 -0.99963665 0 -0.0269538406 -0.99963665 0 -0 -1 0 -0 -1 0 -0 -1 0 0 -1 0 0 -1 0 0 -1 0 -0 -1 0 -0 -1 0 -0 -1 0 0 -1 0 0 -1 0 0 -1 0 -0 -1 0 -0 -1 0 -0 -1 0 0 -1 0 0 -1 0 0 -1 0 -0 -1 0 -0 -1 0 -0 -1 0 0 -1 0 0 -1 0 0 -1 0 0 -1 0 0 -1 0 0 -1 0 0 -1 0 0 -1 0 0 -1 0 0 -1 0 0 -1 0 0 -1 0 0 -1 0 0 -1 0 0 -1 0 0 -1 0 0 -1 0 0 -1 0 0 -1 0 0 -1 0 0 -1 0 0 -1 0 0 -1 0 0 -1 0 0 -1 0 0 -1 0 0 -1 0 0 -1 0 0 -1 0 0 -1 0 0 -1 0 0 -1 0 0 -1 0 0 -1 0 0 -1 0 0 -1 0 0 -1 0 0 -1 0 0 -1 0 0 -1 0 0 -1 0 0 -1 0 0 -1 0 0 -1 0 0 -1 0 0 -1 0 0 -1 0 0 -1 0 0 -1 0 0 -1 0 0 -1 0 0 -1 0 0 -1 0 0 -1 0 0 -1 0 0 -1 0 0 -1 0 -0 -1 0 -0 -1 0 -0 -1 0 -0 -1 0 -0 -1 0 -0 -1 0 0 -1 0 0 -1 0 0 -1 0 0 -1 0 0 -1 0 0 -1 0 0.0453589 -0.998970687 0 0.0453589 -0.998970687 0 0.0453589 -0.998970687 0 0.0453589 -0.998970687 0 0.0453589 -0.998970687 0 0.0453589 -0.998970687 0 0.207482114 -0.978238761 0 0.207482114 -0.978238761 0 0.207482114 -0.978238761 0 0.207482114 -0.978238761 0 0.207482114 -0.978238761 0 0.207482114 -0.978238761 0 0.384068638 -0.923304558 0 0.384068638 -0.923304558 0 0.384068638 -0.923304558 0 0.384068638 -0.923304558 0 0.384068638 -0.923304558 0 0.384068638 -0.923304558 0 0.555867314 -0.831270993 0 0.555867314 -0.831270993 0 0.555867314 -0.831270993 0 0.555867314 -0.831270993 0 0.555867314 -0.831270993 0 0.555867314 -0.831270993 0 0.711321235 -0.702867091 0 0.711321235 -0.702867091 0 0.711321235 -0.702867091 0 0.711321235 -0.702867091 0 0.711321235 -0.702867091 0 0.711321235 -0.702867091 0 0.843208432 -0.537586808 0 0.843208432 -0.537586808 0 0.843208432 -0.537586808 0 0.843208432 -0.537586808 0 0.843208432 -0.537586808 0 0.843208432 -0.537586808 0 0.937226295 -0.348721802 0 0.937226295 -0.348721802 0 0.937226295 -0.348721802 0 0.937226295 -0.348721802 0 0.937226295 -0.348721802 0 0.937226295 -0.348721802 0 0.987209499 -0.159428313 0 0.987209499 -0.159428313 0 0.987209499 -0.159428313 0 0.987209499 -0.159428313 0 0.987209499 -0.159428313 0 0.987209499 -0.159428313 0 0.99963665 -0.0269538406 0 0.99963665 -0.0269538406 0 0.99963665 -0.0269538406 0 0.99963665 -0.0269538406 0 0.99963665 -0.0269538406 0 0.99963665 -0.0269538406 0 1 0 0 1 0 0 1 0 0 1 0 0 1 0 0 1 0 0 1 0 0 1 0 0 1 0 0 1 0 0 1 0 0 1 0 0 1 0 0 1 0 0 1 0 0 1 0 0 1 0 0 1 0 0 1 0 -0 1 0 -0 1 0 -0 1 -0 0 1 -0 0 1 -0 0 1 0 0 1 0 0 1 0 0 1 0 0 1 0 0 1 0 0 1 -0 0 1 -0 0 1 -0 0 1 0 0 1 0 0 1 0 0 1 -0 0 1 -0 0 1 -0 0 1 0 0 1 0 0 1 0 0 1 0 0 1 0 0 1 0 0 1 0 0 1 0 0 1 0 0 1 -0 0 1 -0 0 1 -0 0 1 -0 0 1 -0 0 1 -0 0 1 0 0 1 0 0 1 0 0 1 0 0 1 0 0 1 0 0 1 -0 0 1 -0 0 1 -0 0 1 0 -0 1 0 -0 1 0 -0 1 0 0 1 0 0 1 0 0 1 0 -0 1 0 -0 1 0 -0 1 0 -0 1 0 -0 1 0 -0 1 0 -0 1 0 -0 1 0 -0 1 0 -0 1 0 -0 1 0 -0 1 0 0 1 0 0 1 0 0 1 0 0 1 0 0 1 0 0 1 0 0 1 0 0 1 0 0 1 0 0 1 0 0 1 0 0 1 0 0 1 0 0 1 0 0 1 0 0 1 0 0 1 0 0 1 0 0 1 0 0 1 0 0 1 0 -0 1 0 -0 1 0 -0 1 0 -0 1 0 -0 1 0 -0 1 0 -0 1 0 -0 1 0 -0 1 0 -0 1 0 -0 1 0 -0 1 0 -0 1 0 -0 1 0 -0 1 0 -0 1 0 -0 1 0 -0 1 0 -0 1 0 -0 1 0 -0 1 0 -0 1 0 -0 1 0 -0 1 0 -0 1 0 -0 1 0 -0 1 0 -0 1 0 -0 1 0 -0 1 0 -0 1 0 -0 1 0 -0 1 0 0 1 0 0 1 0 0 1 0 0 1 0 0 1 0 0 1 0 0 1 0 0 1 0 0 1 0 0 1 0 0 1 0 0 1 0 0 1 0 0 1 0 0 1 0 0 1 0 0 1 0 0 1 0 0 1 0 0 1 0 0 1 0 0 1 0 0 1 0 0 1 0 0 1 0 0 1 0 0 1 0 -0 1 0 -0 1 0 -0 1 0 0 1 0 0 1 0 0 1 0 0 1 0 0 1 0 0 1 0 -0 1 0 -0 1 0 -0 1 0 -0 1 0 -0 1 0 -0 1 0 -0 1 0 -0 1 0 -0 1 0 -0 1 0 -0 1 0 -0 1 0 -0 1 0 -0 1 0 -0 1 0 -0 1 0 -0 1 0 -0 1 0 -0 1 0 -0 1 0 -0 1 -0 0 1 -0 0 1 -0 0 1 -0 0 1 -0 0 1 -0 0 1 -0 0 1 -0 0 1 -0 0 1 -0 0 1 -0 0 1 -0 0 1 -0 0 1 -0 0 1 -0 0 1 -0 0 1 -0 0 1 -0 0 1 -0 0 1 -0 0 1 -0 0 1 0 0 1 0 0 1 0 0 1 0 -0 1 0 -0 1 0 -0 1 0 -0 1 0 -0 1 0 -0 1 0 0 1 0 0 1 0 0 1 0 -0 1 0 -0 1 0 -0 1 -0 -0 1 -0 -0 1 -0 -0 1 0 0 1 0 0 1 0 0 1 0 -0 1 0 -0 1 0 -0 1 0 0 1 0 0 1 0 0 1 0 -0 1 0 -0 1 0 -0 1 0 -0 1 0 -0 1 0 -0 1 0 -0 1 0 -0 1 0 -0 1 0 -0 1 0 -0 1 0 -0 1 0 -0 1 0 -0 1 0 -0 1 0 -0 1 0 -0 1 0 -0 1 0 -0 1 0 -0 1 0 -0 1 0 -0 1 0 -0 1 0 -0 1 0 -0 1 0 -0 1 0 -0 1 0 -0 1 0 -0 1 0 -0 1 0 -0 1 0 -0 1 0 -0 1 0 -0 1 0 -0 1 0 -0 1 0 0 1 0 0 1 0 0 1 -0 0 1 -0 0 1 -0 0 0.998970687 0.0453589 0 0.998970687 0.0453589 0 0.998970687 0.0453589 0 0.998970687 0.0453589 -0 0.998970687 0.0453589 -0 0.998970687 0.0453589 -0 0.978238761 0.207482114 0 0.978238761 0.207482114 0 0.978238761 0.207482114 0 0.978238761 0.207482114 -0 0.978238761 0.207482114 -0 0.978238761 0.207482114 -0 0.923304558 0.384068638 0 0.923304558 0.384068638 0 0.923304558 0.384068638 0 0.923304558 0.384068638 -0 0.923304558 0.384068638 -0 0.923304558 0.384068638 -0 0.831270993 0.555867314 0 0.831270993 0.555867314 0 0.831270993 0.555867314 0 0.831270993 0.555867314 -0 0.831270993 0.555867314 -0 0.831270993 0.555867314 -0 0.702867091 0.711321235 0 0.702867091 0.711321235 0 0.702867091 0.711321235 0 0.702867091 0.711321235 -0 0.702867091 0.711321235 -0 0.702867091 0.711321235 -0 0.537586808 0.843208432 0 0.537586808 0.843208432 0 0.537586808 0.843208432 0 0.537586808 0.843208432 -0 0.537586808 0.843208432 -0 0.537586808 0.843208432 -0 0.348721802 0.937226295 0 0.348721802 0.937226295 0 0.348721802 0.937226295 0 0.348721802 0.937226295 -0 0.348721802 0.937226295 -0 0.348721802 0.937226295 -0 0.159428313 0.987209499 0 0.159428313 0.987209499 0 0.159428313 0.987209499 0 0.159428313 0.987209499 -0 0.159428313 0.987209499 -0 0.159428313 0.987209499 -0 0.0269538406 0.99963665 0 0.0269538406 0.99963665 0 0.0269538406 0.99963665 0 0.0269538406 0.99963665 -0 0.0269538406 0.99963665 -0 0.0269538406 0.99963665 -0 0 1 0 0 1 0 0 1 0 0 1 0 0 1 0 0 1 0 1 0 0 1 0 0 1 0 0 1 0 0 1 0 0 1 0 0 1 0 0 1 0 0 1 0 0 1 0 0 1 0 0 1 0 0 1 0 0 1 0 0 1 0 0 1 0 0 1 0 0 1 0 0 1 0 0 1 0 0 1 0 0 1 0 0 1 0 0 1 0 0 1 0 0 1 0 0 1 0 0 1 0 0 1 0 0 1 0 0 1 0 -0 1 0 -0 1 0 -0 1 0 0 1 0 0 1 0 0 1 0 0 1 0 0 1 0 0 1 0 0 1 0 0 1 0 0 1 0 0 1 0 0 1 0 0 1 0 0 1 0 0 1 0 0 1 0 0 1 0 0 1 0 0 1 0 0 1 0 0 1 0 0 1 0 0 1 0 0 1 0 0 1 0 0 1 0 0 1 0 0 1 0 0 1 0 0 1 0 0 1 0 0 1 0 0 1 0 0 1 0 0 1 0 0 1 0 0 1 0 0 1 0 0 1 0 0 1 0 0 1 0 0 1 0 0 1 0 0 1 0 0 1 0 0 1 0 0 1 0 0 1 0 0 1 0 0 1 0 0 1 0 0 1 0 0 1 0 0 1 0 0 1 0 0 1 0 0 1 0 0 1 0 0 1 0 0 1 0 0 1 0 0 1 0 0 1 0 0 1 0 0 1 0 0 1 0 0 1 0 0 1 0 0 1 0 0 1 0 -0 1 0 -0 1 0 -0 1 0 0 1 0 0 1 0 0 1 0 0 1 0 0 1 0 0 1 0 0 1 0 0 1 0 0 1 0 0 1 0 0 1 0 0 1 0 0 1 0 0 1 0 0 1 0 0 1 0 0 1 0 0 1 0 0 1 0 0 1 0 0 1 0 0 1 0 0 1 0 0 1 0 0 1 0 0 1 0 0 1 0 0 1 0 0 1 0 0 1 0 0 1 0 0 1 0 0 1 0 0 1 0 0 1 0 0 1 0 0 1 0 0 1 0 0 -0.00149288739 -0.993711114 -0.111964442 -0.00149288739 -0.993711114 -0.111964442 -0.00149288739 -0.993711114 -0.111964442 -0.0268514026 -0.99583745 -0.0871016532 -0.0268514026 -0.99583745 -0.0871016532 -0.0268514026 -0.99583745 -0.0871016532 0.0413132049 -0.943077147 -0.329998314 0.0413132049 -0.943077147 -0.329998314 0.0413132049 -0.943077147 -0.329998314 -0.0943840295 -0.842945755 -0.529654622 -0.0943840295 -0.842945755 -0.529654622 -0.0943840295 -0.842945755 -0.529654622 -0.00735761924 -0.958559513 -0.284797341 -0.00735761924 -0.958559513 -0.284797341 -0.00735761924 -0.958559513 -0.284797341 0.0291220397 -0.963332534 -0.266725212 0.0291220397 -0.963332534 -0.266725212 0.0291220397 -0.963332534 -0.266725212 -0.0369896963 -0.994398892 -0.0990082175 -0.0369896963 -0.994398892 -0.0990082175 -0.0369896963 -0.994398892 -0.0990082175 -0.0362221152 -0.963025749 -0.266963273 -0.0362221152 -0.963025749 -0.266963273 -0.0362221152 -0.963025749 -0.266963273 -0.0398255251 -0.964550674 -0.260875195 -0.0398255251 -0.964550674 -0.260875195 -0.0398255251 -0.964550674 -0.260875195 -0.164119482 -0.697518766 -0.697518706 -0.164119482 -0.697518766 -0.697518706 -0.164119482 -0.697518766 -0.697518706 0.0239491034 -0.531877041 -0.846482873 0.0239491034 -0.531877041 -0.846482873 0.0239491034 -0.531877041 -0.846482873 0.00585959665 -0.644140661 -0.764884591 0.00585959665 -0.644140661 -0.764884591 0.00585959665 -0.644140661 -0.764884591 -0.051826559 -0.855665028 -0.51492846 -0.051826559 -0.855665028 -0.51492846 -0.051826559 -0.855665028 -0.51492846 -0.0970244333 -0.872532129 -0.478825569 -0.0970244333 -0.872532129 -0.478825569 -0.0970244333 -0.872532129 -0.478825569 0.0296438131 -0.330135077 -0.943468153 0.0296438131 -0.330135077 -0.943468153 0.0296438131 -0.330135077 -0.943468153 -0.0156947915 -0.423802882 -0.905618429 -0.0156947915 -0.423802882 -0.905618429 -0.0156947915 -0.423802882 -0.905618429 0.0154858939 -0.424201459 -0.905435383 0.0154858939 -0.424201459 -0.905435383 0.0154858939 -0.424201459 -0.905435383 -0.109256439 -0.552733719 -0.826164961 -0.109256439 -0.552733719 -0.826164961 -0.109256439 -0.552733719 -0.826164961 -0.0233268328 -0.367735654 -0.92963773 -0.0233268328 -0.367735654 -0.92963773 -0.0233268328 -0.367735654 -0.92963773 0.00147995062 -0.111964449 -0.993711174 0.00147995062 -0.111964449 -0.993711174 0.00147995062 -0.111964449 -0.993711174 -0.00522281649 -0.103139549 -0.994653225 -0.00522281649 -0.103139549 -0.994653225 -0.00522281649 -0.103139549 -0.994653225 0.0240317937 -0.267860413 -0.963157952 0.0240317937 -0.267860413 -0.963157952 0.0240317937 -0.267860413 -0.963157952 -0.00514994701 -0.285462826 -0.95837599 -0.00514994701 -0.285462826 -0.95837599 -0.00514994701 -0.285462826 -0.95837599 -0.262088746 -0.74791342 -0.609864593 -0.262088746 -0.74791342 -0.609864593 -0.262088746 -0.74791342 -0.609864593 -0.0495119728 -0.579691827 -0.813330173 -0.0495119728 -0.579691827 -0.813330173 -0.0495119728 -0.579691827 -0.813330173 -0.061768312 -0.588040709 -0.806469321 -0.061768312 -0.588040709 -0.806469321 -0.061768312 -0.588040709 -0.806469321 -0.196212277 -0.559924126 -0.804975688 -0.196212277 -0.559924126 -0.804975688 -0.196212277 -0.559924126 -0.804975688 -0.146490917 -0.588951886 -0.794780552 -0.146490917 -0.588951886 -0.794780552 -0.146490917 -0.588951886 -0.794780552 -0.356954634 -0.732606411 -0.579544008 -0.356954634 -0.732606411 -0.579544008 -0.356954634 -0.732606411 -0.579544008 -0.352539599 -0.731759727 -0.583303988 -0.352539599 -0.731759727 -0.583303988 -0.352539599 -0.731759727 -0.583303988 -0.26471439 -0.549460292 -0.792476892 -0.26471439 -0.549460292 -0.792476892 -0.26471439 -0.549460292 -0.792476892 -0.197788462 -0.557357252 -0.80636996 -0.197788462 -0.557357252 -0.80636996 -0.197788462 -0.557357252 -0.80636996 -0.42217651 -0.670411229 -0.610176802 -0.42217651 -0.670411229 -0.610176802 -0.42217651 -0.670411229 -0.610176802 -0.508824825 -0.635695457 -0.5805071 -0.508824825 -0.635695457 -0.5805071 -0.508824825 -0.635695457 -0.5805071 -0.50847429 -0.635700226 -0.580808997 -0.50847429 -0.635700226 -0.580808997 -0.50847429 -0.635700226 -0.580808997 -0.313693881 -0.498142183 -0.808362961 -0.313693881 -0.498142183 -0.808362961 -0.313693881 -0.498142183 -0.808362961 -0.381255507 -0.476317912 -0.792316616 -0.381255507 -0.476317912 -0.792316616 -0.381255507 -0.476317912 -0.792316616 -0.312817544 -0.497998297 -0.808790982 -0.312817544 -0.497998297 -0.808790982 -0.312817544 -0.497998297 -0.808790982 -0.561493158 -0.558952093 -0.610162079 -0.561493158 -0.558952093 -0.610162079 -0.561493158 -0.558952093 -0.610162079 -0.41765976 -0.415769577 -0.807896018 -0.41765976 -0.415769577 -0.807896018 -0.41765976 -0.415769577 -0.807896018 -0.633964956 -0.511358321 -0.580173314 -0.633964956 -0.511358321 -0.580173314 -0.633964956 -0.511358321 -0.580173314 -0.634356797 -0.50278914 -0.587192059 -0.634356797 -0.50278914 -0.587192059 -0.634356797 -0.50278914 -0.587192059 -0.671355844 -0.422588557 -0.608851612 -0.671355844 -0.422588557 -0.608851612 -0.671355844 -0.422588557 -0.608851612 -0.727799714 -0.365179837 -0.580474973 -0.727799714 -0.365179837 -0.580474973 -0.727799714 -0.365179837 -0.580474973 -0.500337899 -0.314940482 -0.806519985 -0.500337899 -0.314940482 -0.806519985 -0.500337899 -0.314940482 -0.806519985 -0.478147417 -0.378978014 -0.792307198 -0.478147417 -0.378978014 -0.792307198 -0.478147417 -0.378978014 -0.792307198 -0.417799175 -0.413456708 -0.809010148 -0.417799175 -0.413456708 -0.809010148 -0.417799175 -0.413456708 -0.809010148 -0.725903749 -0.352600813 -0.590539098 -0.725903749 -0.352600813 -0.590539098 -0.725903749 -0.352600813 -0.590539098 -0.74766916 -0.265980959 -0.608477533 -0.74766916 -0.265980959 -0.608477533 -0.74766916 -0.265980959 -0.608477533 -0.770212352 -0.233981565 -0.593317389 -0.770212352 -0.233981565 -0.593317389 -0.770212352 -0.233981565 -0.593317389 -0.499512643 -0.307979345 -0.809713483 -0.499512643 -0.307979345 -0.809713483 -0.499512643 -0.307979345 -0.809713483 -0.548695147 -0.266523391 -0.792400777 -0.548695147 -0.266523391 -0.792400777 -0.548695147 -0.266523391 -0.792400777 -0.55928266 -0.198963106 -0.80474627 -0.55928266 -0.198963106 -0.80474627 -0.55928266 -0.198963106 -0.80474627 -0.997000754 -0.045269452 -0.0627701804 -0.997000754 -0.045269452 -0.0627701804 -0.997000754 -0.045269452 -0.0627701804 -0.993690073 -0.00667634094 -0.111962065 -0.993690073 -0.00667634094 -0.111962065 -0.993690073 -0.00667634094 -0.111962065 -0.769596696 -0.194276363 -0.60825783 -0.769596696 -0.194276363 -0.60825783 -0.769596696 -0.194276363 -0.60825783 -0.943454683 0.0301190112 -0.330130368 -0.943454683 0.0301190112 -0.330130368 -0.943454683 0.0301190112 -0.330130368 -0.95965296 -0.010904965 -0.280975789 -0.95965296 -0.010904965 -0.280975789 -0.95965296 -0.010904965 -0.280975789 -0.963692963 0.0108829811 -0.266790926 -0.963692963 0.0108829811 -0.266790926 -0.963692963 0.0108829811 -0.266790926 -0.929065466 -0.0334411785 -0.368400604 -0.929065466 -0.0334411785 -0.368400604 -0.929065466 -0.0334411785 -0.368400604 -0.69607389 -0.175960988 -0.696073771 -0.69607389 -0.175960988 -0.696073771 -0.69607389 -0.175960988 -0.696073771 -0.846445322 0.0257320274 -0.531853437 -0.846445322 0.0257320274 -0.531853437 -0.846445322 0.0257320274 -0.531853437 -0.905439734 -0.0177440979 -0.424103767 -0.905439734 -0.0177440979 -0.424103767 -0.905439734 -0.0177440979 -0.424103767 -0.763530612 0.00239432603 -0.645767152 -0.763530612 0.00239432603 -0.645767152 -0.763530612 0.00239432603 -0.645767152 -0.905611336 0.00804146007 -0.42403236 -0.905611336 0.00804146007 -0.42403236 -0.905611336 0.00804146007 -0.42403236 -0.111571908 -0.0836761966 -0.990227282 -0.111571908 -0.0836761966 -0.990227282 -0.111571908 -0.0836761966 -0.990227282 -0.159406275 -0.00351833319 -0.987206757 -0.159406275 -0.00351833319 -0.987206757 -0.159406275 -0.00351833319 -0.987206757 -0.512278795 -0.0204007365 -0.858576834 -0.512278795 -0.0204007365 -0.858576834 -0.512278795 -0.0204007365 -0.858576834 -0.111393809 0.0839328691 -0.990225613 -0.111393809 0.0839328691 -0.990225613 -0.111393809 0.0839328691 -0.990225613 -0.264388204 -0.0105173923 -0.964359045 -0.264388204 -0.0105173923 -0.964359045 -0.264388204 -0.0105173923 -0.964359045 -0.329931229 0.0459591299 -0.942885518 -0.329931229 0.0459591299 -0.942885518 -0.329931229 0.0459591299 -0.942885518 -0.52924031 -0.102265604 -0.842286468 -0.52924031 -0.102265604 -0.842286468 -0.52924031 -0.102265604 -0.842286468 -0.306080461 0.0177810211 -0.951839507 -0.306080461 0.0177810211 -0.951839507 -0.306080461 0.0177810211 -0.951839507 -0.510433912 -0.0426025875 -0.85886091 -0.510433912 -0.0426025875 -0.85886091 -0.510433912 -0.0426025875 -0.85886091 -0.465220213 -0.0955562145 -0.880022228 -0.465220213 -0.0955562145 -0.880022228 -0.465220213 -0.0955562145 -0.880022228 -0.0965331048 -0.9577353 -0.270969361 -0.0965331048 -0.9577353 -0.270969361 -0.0965331048 -0.9577353 -0.270969361 -0.158885986 -0.983851314 -0.0824122503 -0.158885986 -0.983851314 -0.0824122503 -0.158885986 -0.983851314 -0.0824122503 -0.134615123 -0.983788252 -0.118488178 -0.134615123 -0.983788252 -0.118488178 -0.134615123 -0.983788252 -0.118488178 -0.125633836 -0.965388954 -0.228561312 -0.125633836 -0.965388954 -0.228561312 -0.125633836 -0.965388954 -0.228561312 -0.155578598 -0.947247446 -0.280209899 -0.155578598 -0.947247446 -0.280209899 -0.155578598 -0.947247446 -0.280209899 -0.141262844 -0.916835606 -0.373439908 -0.141262844 -0.916835606 -0.373439908 -0.141262844 -0.916835606 -0.373439908 -0.247673407 -0.885251403 -0.393684924 -0.247673407 -0.885251403 -0.393684924 -0.247673407 -0.885251403 -0.393684924 -0.0737037957 -0.900787652 -0.427959651 -0.0737037957 -0.900787652 -0.427959651 -0.0737037957 -0.900787652 -0.427959651 -0.0979963019 -0.896590173 -0.431882769 -0.0979963019 -0.896590173 -0.431882769 -0.0979963019 -0.896590173 -0.431882769 0.0219432302 -0.868527353 -0.495155394 0.0219432302 -0.868527353 -0.495155394 0.0219432302 -0.868527353 -0.495155394 -0.0331480913 -0.881298125 -0.471396625 -0.0331480913 -0.881298125 -0.471396625 -0.0331480913 -0.881298125 -0.471396625 -0.116260529 -0.754739165 -0.645640969 -0.116260529 -0.754739165 -0.645640969 -0.116260529 -0.754739165 -0.645640969 0.0684949532 -0.821015 -0.566782832 0.0684949532 -0.821015 -0.566782832 0.0684949532 -0.821015 -0.566782832 -0.250561714 -0.959187567 -0.131064937 -0.250561714 -0.959187567 -0.131064937 -0.250561714 -0.959187567 -0.131064937 -0.253193647 -0.888234377 -0.383317977 -0.253193647 -0.888234377 -0.383317977 -0.253193647 -0.888234377 -0.383317977 -0.230602011 -0.920703948 -0.314844131 -0.230602011 -0.920703948 -0.314844131 -0.230602011 -0.920703948 -0.314844131 -0.26423645 -0.956286311 -0.12528187 -0.26423645 -0.956286311 -0.12528187 -0.26423645 -0.956286311 -0.12528187 -0.348718196 -0.93721664 -0.00454014912 -0.348718196 -0.93721664 -0.00454014912 -0.348718196 -0.93721664 -0.00454014912 -0.216927439 -0.776678324 -0.591365695 -0.216927439 -0.776678324 -0.591365695 -0.216927439 -0.776678324 -0.591365695 -0.148206413 -0.774577498 -0.614869595 -0.148206413 -0.774577498 -0.614869595 -0.148206413 -0.774577498 -0.614869595 -0.129196241 -0.814356923 -0.565801263 -0.129196241 -0.814356923 -0.565801263 -0.129196241 -0.814356923 -0.565801263 -0.128799662 -0.8764714 -0.463905662 -0.128799662 -0.8764714 -0.463905662 -0.128799662 -0.8764714 -0.463905662 -0.191582188 -0.770184457 -0.608368397 -0.191582188 -0.770184457 -0.608368397 -0.191582188 -0.770184457 -0.608368397 -0.227481842 -0.865239382 -0.446780473 -0.227481842 -0.865239382 -0.446780473 -0.227481842 -0.865239382 -0.446780473 -0.332380444 -0.912789762 -0.237356484 -0.332380444 -0.912789762 -0.237356484 -0.332380444 -0.912789762 -0.237356484 -0.31924507 -0.87671721 -0.359790921 -0.31924507 -0.87671721 -0.359790921 -0.31924507 -0.87671721 -0.359790921 -0.418177426 -0.899742007 -0.124867827 -0.418177426 -0.899742007 -0.124867827 -0.418177426 -0.899742007 -0.124867827 -0.387093037 -0.794462264 -0.467962325 -0.387093037 -0.794462264 -0.467962325 -0.387093037 -0.794462264 -0.467962325 -0.330234885 -0.870217323 -0.36560449 -0.330234885 -0.870217323 -0.36560449 -0.330234885 -0.870217323 -0.36560449 -0.484377623 -0.794481456 -0.36630249 -0.484377623 -0.794481456 -0.36630249 -0.484377623 -0.794481456 -0.36630249 -0.437249094 -0.888913333 -0.136551574 -0.437249094 -0.888913333 -0.136551574 -0.437249094 -0.888913333 -0.136551574 -0.427491248 -0.869075894 -0.248913959 -0.427491248 -0.869075894 -0.248913959 -0.427491248 -0.869075894 -0.248913959 -0.537585795 -0.843206763 -0.00195667078 -0.537585795 -0.843206763 -0.00195667078 -0.537585795 -0.843206763 -0.00195667078 -0.461804271 -0.878246546 -0.124176353 -0.461804271 -0.878246546 -0.124176353 -0.461804271 -0.878246546 -0.124176353 -0.600123644 -0.790144145 -0.124595217 -0.600123644 -0.790144145 -0.124595217 -0.600123644 -0.790144145 -0.124595217 -0.52074784 -0.819747031 -0.238404125 -0.52074784 -0.819747031 -0.238404125 -0.52074784 -0.819747031 -0.238404125 -0.500392437 -0.78770411 -0.359346181 -0.500392437 -0.78770411 -0.359346181 -0.500392437 -0.78770411 -0.359346181 -0.512415946 -0.776670873 -0.366349936 -0.512415946 -0.776670873 -0.366349936 -0.512415946 -0.776670873 -0.366349936 -0.551815748 -0.689886212 -0.468568444 -0.551815748 -0.689886212 -0.468568444 -0.551815748 -0.689886212 -0.468568444 -0.618390977 -0.773889899 -0.136700779 -0.618390977 -0.773889899 -0.136700779 -0.618390977 -0.773889899 -0.136700779 -0.604658306 -0.756704092 -0.248570353 -0.604658306 -0.756704092 -0.248570353 -0.604658306 -0.756704092 -0.248570353 -0.645614564 -0.670345426 -0.36581251 -0.645614564 -0.670345426 -0.36581251 -0.645614564 -0.670345426 -0.36581251 -0.702866554 -0.711320639 -0.00129245105 -0.702866554 -0.711320639 -0.00129245105 -0.702866554 -0.711320639 -0.00129245105 -0.638001144 -0.759920061 -0.124403253 -0.638001144 -0.759920061 -0.124403253 -0.638001144 -0.759920061 -0.124403253 -0.0216479395 -0.121079251 -0.992406785 -0.0216479395 -0.121079251 -0.992406785 -0.0216479395 -0.121079251 -0.992406785 -0.0582803525 -0.366111785 -0.928744078 -0.0582803525 -0.366111785 -0.928744078 -0.0582803525 -0.366111785 -0.928744078 -0.0613948517 -0.370854616 -0.926659346 -0.0613948517 -0.370854616 -0.926659346 -0.0613948517 -0.370854616 -0.926659346 -0.0255368762 -0.266178519 -0.963585436 -0.0255368762 -0.266178519 -0.963585436 -0.0255368762 -0.266178519 -0.963585436 -0.753931522 -0.645102739 -0.124216713 -0.753931522 -0.645102739 -0.124216713 -0.753931522 -0.645102739 -0.124216713 -0.657702327 -0.662016213 -0.359391153 -0.657702327 -0.662016213 -0.359391153 -0.657702327 -0.662016213 -0.359391153 -0.684485078 -0.6889745 -0.238315701 -0.684485078 -0.6889745 -0.238315701 -0.684485078 -0.6889745 -0.238315701 -0.0864427239 -0.357694387 -0.92982924 -0.0864427239 -0.357694387 -0.92982924 -0.0864427239 -0.357694387 -0.92982924 -0.0381032676 -0.358383894 -0.932796419 -0.0381032676 -0.358383894 -0.932796419 -0.0381032676 -0.358383894 -0.932796419 -0.143864289 -0.405406773 -0.902745008 -0.143864289 -0.405406773 -0.902745008 -0.143864289 -0.405406773 -0.902745008 -0.0183359329 -0.0765238926 -0.996899128 -0.0183359329 -0.0765238926 -0.996899128 -0.0183359329 -0.0765238926 -0.996899128 -0.114112139 -0.111755989 -0.987162054 -0.114112139 -0.111755989 -0.987162054 -0.114112139 -0.111755989 -0.987162054 -0.0484286211 -0.200421944 -0.978511989 -0.0484286211 -0.200421944 -0.978511989 -0.0484286211 -0.200421944 -0.978511989 0.0510184579 -0.154897898 -0.98661226 0.0510184579 -0.154897898 -0.98661226 0.0510184579 -0.154897898 -0.98661226 -0.831163704 -0.55579561 -0.0160651486 -0.831163704 -0.55579561 -0.0160651486 -0.831163704 -0.55579561 -0.0160651486 -0.688883543 -0.555655837 -0.465495497 -0.688883543 -0.555655837 -0.465495497 -0.688883543 -0.555655837 -0.465495497 -0.666468203 -0.649887145 -0.365331113 -0.666468203 -0.649887145 -0.365331113 -0.666468203 -0.649887145 -0.365331113 -0.774078548 -0.517160118 -0.365168035 -0.774078548 -0.517160118 -0.365168035 -0.774078548 -0.517160118 -0.365168035 -0.77829963 -0.614534557 -0.128829315 -0.77829963 -0.614534557 -0.128829315 -0.77829963 -0.614534557 -0.128829315 -0.769004822 -0.624619961 -0.135946482 -0.769004822 -0.624619961 -0.135946482 -0.769004822 -0.624619961 -0.135946482 -0.751462579 -0.610371411 -0.250500888 -0.751462579 -0.610371411 -0.250500888 -0.751462579 -0.610371411 -0.250500888 -0.189758435 -0.298612177 -0.935319424 -0.189758435 -0.298612177 -0.935319424 -0.189758435 -0.298612177 -0.935319424 -0.0400990136 -0.117259987 -0.992291391 -0.0400990136 -0.117259987 -0.992291391 -0.0400990136 -0.117259987 -0.992291391 -0.0904363394 -0.264459461 -0.960147083 -0.0904363394 -0.264459461 -0.960147083 -0.0904363394 -0.264459461 -0.960147083 -0.869914532 -0.476603359 -0.126877755 -0.869914532 -0.476603359 -0.126877755 -0.869914532 -0.476603359 -0.126877755 -0.779757023 -0.511176884 -0.361492991 -0.779757023 -0.511176884 -0.361492991 -0.779757023 -0.511176884 -0.361492991 -0.813477576 -0.533282697 -0.232085675 -0.813477576 -0.533282697 -0.232085675 -0.813477576 -0.533282697 -0.232085675 -0.0324604213 -0.0695071742 -0.997053206 -0.0324604213 -0.0695071742 -0.997053206 -0.0324604213 -0.0695071742 -0.997053206 0.00337263942 -0.152951643 -0.988227904 0.00337263942 -0.152951643 -0.988227904 0.00337263942 -0.152951643 -0.988227904 -0.118380301 -0.093035616 -0.988600254 -0.118380301 -0.093035616 -0.988600254 -0.118380301 -0.093035616 -0.988600254 -0.156315431 -0.331327647 -0.930476964 -0.156315431 -0.331327647 -0.930476964 -0.156315431 -0.331327647 -0.930476964 -0.0893277228 -0.189339891 -0.977839947 -0.0893277228 -0.189339891 -0.977839947 -0.0893277228 -0.189339891 -0.977839947 -0.120686531 -0.336845994 -0.933793128 -0.120686531 -0.336845994 -0.933793128 -0.120686531 -0.336845994 -0.933793128 -0.231758758 -0.368954569 -0.900089145 -0.231758758 -0.368954569 -0.900089145 -0.231758758 -0.368954569 -0.900089145 -0.923211575 -0.384030014 -0.0141871199 -0.923211575 -0.384030014 -0.0141871199 -0.923211575 -0.384030014 -0.0141871199 -0.879401267 -0.456646144 -0.134639531 -0.879401267 -0.456646144 -0.134639531 -0.879401267 -0.456646144 -0.134639531 -0.884485185 -0.448427826 -0.128834784 -0.884485185 -0.448427826 -0.128834784 -0.884485185 -0.448427826 -0.128834784 -0.785929382 -0.498471141 -0.365843564 -0.785929382 -0.498471141 -0.365843564 -0.785929382 -0.498471141 -0.365843564 -0.858796835 -0.445946842 -0.25218907 -0.858796835 -0.445946842 -0.25218907 -0.858796835 -0.445946842 -0.25218907 -0.865681052 -0.344625503 -0.363083571 -0.865681052 -0.344625503 -0.363083571 -0.865681052 -0.344625503 -0.363083571 -0.792208195 -0.397497386 -0.463035643 -0.792208195 -0.397497386 -0.463035643 -0.792208195 -0.397497386 -0.463035643 -0.0658442229 -0.105347782 -0.992253244 -0.0658442229 -0.105347782 -0.992253244 -0.0658442229 -0.105347782 -0.992253244 -0.249540061 -0.25453195 -0.934314311 -0.249540061 -0.25453195 -0.934314311 -0.249540061 -0.25453195 -0.934314311 -0.147297964 -0.23567012 -0.960605443 -0.147297964 -0.23567012 -0.960605443 -0.147297964 -0.23567012 -0.960605443 -0.904361784 -0.357411683 -0.233209684 -0.904361784 -0.357411683 -0.233209684 -0.904361784 -0.357411683 -0.233209684 -0.947345376 -0.294312149 -0.126162961 -0.947345376 -0.294312149 -0.126162961 -0.947345376 -0.294312149 -0.126162961 -0.94878304 -0.288948268 -0.127748206 -0.94878304 -0.288948268 -0.127748206 -0.94878304 -0.288948268 -0.127748206 -0.977919161 -0.207414329 -0.0255650561 -0.977919161 -0.207414329 -0.0255650561 -0.977919161 -0.207414329 -0.0255650561 -0.949617922 -0.286538959 -0.12696889 -0.949617922 -0.286538959 -0.12696889 -0.949617922 -0.286538959 -0.12696889 -0.863856435 -0.262429565 -0.42997992 -0.863856435 -0.262429565 -0.42997992 -0.863856435 -0.262429565 -0.42997992 -0.861240745 -0.351341695 -0.367183179 -0.861240745 -0.351341695 -0.367183179 -0.861240745 -0.351341695 -0.367183179 -0.876143694 -0.346259683 -0.335375011 -0.876143694 -0.346259683 -0.335375011 -0.876143694 -0.346259683 -0.335375011 -0.920178831 -0.280236989 -0.273382694 -0.920178831 -0.280236989 -0.273382694 -0.920178831 -0.280236989 -0.273382694 -0.0479336455 -0.059702564 -0.99706465 -0.0479336455 -0.059702564 -0.99706465 -0.0479336455 -0.059702564 -0.99706465 -0.0335730612 -0.146990433 -0.988568008 -0.0335730612 -0.146990433 -0.988568008 -0.0335730612 -0.146990433 -0.988568008 -0.136856794 -0.0645049289 -0.988488436 -0.136856794 -0.0645049289 -0.988488436 -0.136856794 -0.0645049289 -0.988488436 -0.229219511 -0.285604328 -0.930531323 -0.229219511 -0.285604328 -0.930531323 -0.229219511 -0.285604328 -0.930531323 -0.131183952 -0.1634534 -0.977790296 -0.131183952 -0.1634534 -0.977790296 -0.131183952 -0.1634534 -0.977790296 -0.194403082 -0.298558801 -0.934382141 -0.194403082 -0.298558801 -0.934382141 -0.194403082 -0.298558801 -0.934382141 -0.309667587 -0.306448996 -0.900108337 -0.309667587 -0.306448996 -0.900108337 -0.309667587 -0.306448996 -0.900108337 -0.950229347 -0.211693913 -0.228582114 -0.950229347 -0.211693913 -0.228582114 -0.950229347 -0.211693913 -0.228582114 -0.982545793 -0.129487455 -0.133554146 -0.982545793 -0.129487455 -0.133554146 -0.982545793 -0.129487455 -0.133554146 -0.909928024 -0.189459831 -0.368966073 -0.909928024 -0.189459831 -0.368966073 -0.909928024 -0.189459831 -0.368966073 -0.921376824 -0.205266103 -0.330046207 -0.921376824 -0.205266103 -0.330046207 -0.921376824 -0.205266103 -0.330046207 -0.0885186344 -0.0871458501 -0.992255032 -0.0885186344 -0.0871458501 -0.992255032 -0.0885186344 -0.0871458501 -0.992255032 -0.302069515 -0.191584572 -0.933835745 -0.302069515 -0.191584572 -0.933835745 -0.302069515 -0.191584572 -0.933835745 -0.198096648 -0.19502449 -0.960584819 -0.198096648 -0.19502449 -0.960584819 -0.198096648 -0.19502449 -0.960584819 -0.982851565 -0.124106251 -0.136383429 -0.982851565 -0.124106251 -0.136383429 -0.982851565 -0.124106251 -0.136383429 -0.961820006 -0.0607548952 -0.266854107 -0.961820006 -0.0607548952 -0.266854107 -0.961820006 -0.0607548952 -0.266854107 -0.987501025 -0.0877987146 -0.130893216 -0.987501025 -0.0877987146 -0.130893216 -0.987501025 -0.0877987146 -0.130893216 -0.0659449473 -0.134137958 -0.988766015 -0.0659449473 -0.134137958 -0.988766015 -0.0659449473 -0.134137958 -0.988766015 -0.060702648 -0.0466351882 -0.997065902 -0.060702648 -0.0466351882 -0.997065902 -0.060702648 -0.0466351882 -0.997065902 -0.289235294 -0.224615872 -0.930532455 -0.289235294 -0.224615872 -0.930532455 -0.289235294 -0.224615872 -0.930532455 -0.165581584 -0.128588229 -0.977776945 -0.165581584 -0.128588229 -0.977776945 -0.165581584 -0.128588229 -0.977776945 -0.148902327 -0.0316487588 -0.988345265 -0.148902327 -0.0316487588 -0.988345265 -0.148902327 -0.0316487588 -0.988345265 -0.255183309 -0.246067286 -0.935057342 -0.255183309 -0.246067286 -0.935057342 -0.255183309 -0.246067286 -0.935057342 -0.369965583 -0.228105843 -0.900607169 -0.369965583 -0.228105843 -0.900607169 -0.369965583 -0.228105843 -0.900607169 -0.106273994 -0.0641819388 -0.992263317 -0.106273994 -0.0641819388 -0.992263317 -0.106273994 -0.0641819388 -0.992263317 -0.238181844 -0.143844903 -0.960509241 -0.238181844 -0.143844903 -0.960509241 -0.238181844 -0.143844903 -0.960509241 -0.340212435 -0.116326898 -0.933125675 -0.340212435 -0.116326898 -0.933125675 -0.340212435 -0.116326898 -0.933125675 -0.558326483 -0.196043432 -0.806125641 -0.558326483 -0.196043432 -0.806125641 -0.558326483 -0.196043432 -0.806125641 -0.598195553 -0.15100798 -0.786993444 -0.598195553 -0.15100798 -0.786993444 -0.598195553 -0.15100798 -0.786993444 -0.0934313983 -0.113698959 -0.989112318 -0.0934313983 -0.113698959 -0.989112318 -0.0934313983 -0.113698959 -0.989112318 -0.0701260343 -0.0305981245 -0.997068763 -0.0701260343 -0.0305981245 -0.997068763 -0.0701260343 -0.0305981245 -0.997068763 -0.333738983 -0.151063085 -0.930482805 -0.333738983 -0.151063085 -0.930482805 -0.333738983 -0.151063085 -0.930482805 -0.191061333 -0.0864816979 -0.977760971 -0.191061333 -0.0864816979 -0.977760971 -0.191061333 -0.0864816979 -0.977760971 -0.154831022 0.004021117 -0.987932801 -0.154831022 0.004021117 -0.987932801 -0.154831022 0.004021117 -0.987932801 -0.344832957 -0.140445665 -0.928097606 -0.344832957 -0.140445665 -0.928097606 -0.344832957 -0.140445665 -0.928097606 -0.442218333 -0.146409452 -0.884877026 -0.442218333 -0.146409452 -0.884877026 -0.442218333 -0.146409452 -0.884877026 -0.421434551 -0.0412666686 -0.905919373 -0.421434551 -0.0412666686 -0.905919373 -0.421434551 -0.0412666686 -0.905919373 -0.451183707 -0.0726629198 -0.889468014 -0.451183707 -0.0726629198 -0.889468014 -0.451183707 -0.0726629198 -0.889468014 -0.612334549 -0.10015393 -0.784229338 -0.612334549 -0.10015393 -0.784229338 -0.612334549 -0.10015393 -0.784229338 -0.602694392 -0.11192508 -0.790083766 -0.602694392 -0.11192508 -0.790083766 -0.602694392 -0.11192508 -0.790083766 -0.531275392 0.122937843 -0.838231921 -0.531275392 0.122937843 -0.838231921 -0.531275392 0.122937843 -0.838231921 -0.131130874 -0.0223088022 -0.99111402 -0.131130874 -0.0223088022 -0.99111402 -0.131130874 -0.0223088022 -0.99111402 -0.328191012 -0.116658404 -0.937380075 -0.328191012 -0.116658404 -0.937380075 -0.328191012 -0.116658404 -0.937380075 -0.131112993 -0.0230011884 -0.99110055 -0.131112993 -0.0230011884 -0.99110055 -0.131112993 -0.0230011884 -0.99110055 -0.327973187 -0.0553496033 -0.943064153 -0.327973187 -0.0553496033 -0.943064153 -0.327973187 -0.0553496033 -0.943064153 -0.103304379 -0.0386827029 -0.993897259 -0.103304379 -0.0386827029 -0.993897259 -0.103304379 -0.0386827029 -0.993897259 -0.262643129 -0.0352969505 -0.964247227 -0.262643129 -0.0352969505 -0.964247227 -0.262643129 -0.0352969505 -0.964247227 -0.909946144 -0.157208338 -0.383775443 -0.909946144 -0.157208338 -0.383775443 -0.909946144 -0.157208338 -0.383775443 -0.911534905 -0.152059153 -0.382076204 -0.911534905 -0.152059153 -0.382076204 -0.911534905 -0.152059153 -0.382076204 -0.783883393 -0.157258004 -0.600663662 -0.783883393 -0.157258004 -0.600663662 -0.783883393 -0.157258004 -0.600663662 -0.771286607 -0.0937029049 -0.629552841 -0.771286607 -0.0937029049 -0.629552841 -0.771286607 -0.0937029049 -0.629552841 -0.765870452 -0.10582386 -0.634226918 -0.765870452 -0.10582386 -0.634226918 -0.765870452 -0.10582386 -0.634226918 -0.91329813 -0.0953597575 -0.395970851 -0.91329813 -0.0953597575 -0.395970851 -0.91329813 -0.0953597575 -0.395970851 -0.923601031 -0.0778141767 -0.375374496 -0.923601031 -0.0778141767 -0.375374496 -0.923601031 -0.0778141767 -0.375374496 -0.90805608 -0.124589853 -0.39988929 -0.90805608 -0.124589853 -0.39988929 -0.90805608 -0.124589853 -0.39988929 -0.78283596 -0.00356717338 -0.622217953 -0.78283596 -0.00356717338 -0.622217953 -0.78283596 -0.00356717338 -0.622217953 -0.925868332 -0.0867475048 -0.367753446 -0.925868332 -0.0867475048 -0.367753446 -0.925868332 -0.0867475048 -0.367753446 -0.784327567 -0.0339243338 -0.619418561 -0.784327567 -0.0339243338 -0.619418561 -0.784327567 -0.0339243338 -0.619418561 -0.881737828 -0.0339105166 -0.470519453 -0.881737828 -0.0339105166 -0.470519453 -0.881737828 -0.0339105166 -0.470519453 -0.111964576 -0 -0.993712246 -0.111964576 -0 -0.993712246 -0.111964576 -0 -0.993712246 -0.111964576 0 -0.993712246 -0.111964576 0 -0.993712246 -0.111964576 0 -0.993712246 -0.330280244 -0 -0.943882883 -0.330280244 -0 -0.943882883 -0.330280244 -0 -0.943882883 -0.330280244 0 -0.943882883 -0.330280244 0 -0.943882883 -0.330280244 0 -0.943882883 -0.532029629 -0 -0.846725702 -0.532029629 -0 -0.846725702 -0.532029629 -0 -0.846725702 -0.532029629 0 -0.846725702 -0.532029629 0 -0.846725702 -0.532029629 0 -0.846725702 -0.707106769 -0 -0.707106769 -0.707106769 -0 -0.707106769 -0.707106769 -0 -0.707106769 -0.846725702 -0 -0.532029629 -0.846725702 -0 -0.532029629 -0.846725702 -0 -0.532029629 -0.707106769 0 -0.707106769 -0.707106769 0 -0.707106769 -0.707106769 0 -0.707106769 -0.846725702 -0 -0.532029629 -0.846725702 -0 -0.532029629 -0.846725702 -0 -0.532029629 -0.943882883 -0 -0.330280244 -0.943882883 -0 -0.330280244 -0.943882883 -0 -0.330280244 -0.943882883 0 -0.330280244 -0.943882883 0 -0.330280244 -0.943882883 0 -0.330280244 -0.993712246 -0 -0.111964576 -0.993712246 -0 -0.111964576 -0.993712246 -0 -0.111964576 -0.993712246 0 -0.111964576 -0.993712246 0 -0.111964576 -0.993712246 0 -0.111964576 0 -0.111964576 -0.993712246 0 -0.111964576 -0.993712246 0 -0.111964576 -0.993712246 0 -0.111964576 -0.993712246 0 -0.111964576 -0.993712246 0 -0.111964576 -0.993712246 0 -0.330280244 -0.943882883 0 -0.330280244 -0.943882883 0 -0.330280244 -0.943882883 0 -0.330280244 -0.943882883 0 -0.330280244 -0.943882883 0 -0.330280244 -0.943882883 0 -0.532029629 -0.846725702 0 -0.532029629 -0.846725702 0 -0.532029629 -0.846725702 0 -0.532029629 -0.846725702 0 -0.532029629 -0.846725702 0 -0.532029629 -0.846725702 0 -0.846725702 -0.532029629 0 -0.846725702 -0.532029629 0 -0.846725702 -0.532029629 0 -0.707106769 -0.707106769 0 -0.707106769 -0.707106769 0 -0.707106769 -0.707106769 0 -0.707106769 -0.707106769 0 -0.707106769 -0.707106769 0 -0.707106769 -0.707106769 0 -0.846725702 -0.532029629 0 -0.846725702 -0.532029629 0 -0.846725702 -0.532029629 0 -0.943882883 -0.330280244 0 -0.943882883 -0.330280244 0 -0.943882883 -0.330280244 0 -0.943882883 -0.330280244 0 -0.943882883 -0.330280244 0 -0.943882883 -0.330280244 0 -0.993712246 -0.111964576 0 -0.993712246 -0.111964576 0 -0.993712246 -0.111964576 0 -0.993712246 -0.111964576 0 -0.993712246 -0.111964576 0 -0.993712246 -0.111964576 -0.993711114 0.00149288739 -0.111964442 -0.993711114 0.00149288739 -0.111964442 -0.993711114 0.00149288739 -0.111964442 -0.99583745 0.0268514026 -0.0871016532 -0.99583745 0.0268514026 -0.0871016532 -0.99583745 0.0268514026 -0.0871016532 -0.842945755 0.0943840295 -0.529654622 -0.842945755 0.0943840295 -0.529654622 -0.842945755 0.0943840295 -0.529654622 -0.943077147 -0.0413132049 -0.329998314 -0.943077147 -0.0413132049 -0.329998314 -0.943077147 -0.0413132049 -0.329998314 -0.958559513 0.00735761924 -0.284797341 -0.958559513 0.00735761924 -0.284797341 -0.958559513 0.00735761924 -0.284797341 -0.963332534 -0.0291220397 -0.266725212 -0.963332534 -0.0291220397 -0.266725212 -0.963332534 -0.0291220397 -0.266725212 -0.994398892 0.0369896963 -0.0990082175 -0.994398892 0.0369896963 -0.0990082175 -0.994398892 0.0369896963 -0.0990082175 -0.963025749 0.0362221152 -0.266963273 -0.963025749 0.0362221152 -0.266963273 -0.963025749 0.0362221152 -0.266963273 -0.964550674 0.0398255251 -0.260875195 -0.964550674 0.0398255251 -0.260875195 -0.964550674 0.0398255251 -0.260875195 -0.531877041 -0.0239491034 -0.846482873 -0.531877041 -0.0239491034 -0.846482873 -0.531877041 -0.0239491034 -0.846482873 -0.697518766 0.164119482 -0.697518706 -0.697518766 0.164119482 -0.697518706 -0.697518766 0.164119482 -0.697518706 -0.855665028 0.051826559 -0.51492846 -0.855665028 0.051826559 -0.51492846 -0.855665028 0.051826559 -0.51492846 -0.872532129 0.0970244333 -0.478825569 -0.872532129 0.0970244333 -0.478825569 -0.872532129 0.0970244333 -0.478825569 -0.644140661 -0.00585959665 -0.764884591 -0.644140661 -0.00585959665 -0.764884591 -0.644140661 -0.00585959665 -0.764884591 -0.330135077 -0.0296438131 -0.943468153 -0.330135077 -0.0296438131 -0.943468153 -0.330135077 -0.0296438131 -0.943468153 -0.423802882 0.0156947915 -0.905618429 -0.423802882 0.0156947915 -0.905618429 -0.423802882 0.0156947915 -0.905618429 -0.424201459 -0.0154858939 -0.905435383 -0.424201459 -0.0154858939 -0.905435383 -0.424201459 -0.0154858939 -0.905435383 -0.552733719 0.109256439 -0.826164961 -0.552733719 0.109256439 -0.826164961 -0.552733719 0.109256439 -0.826164961 -0.367735654 0.0233268328 -0.92963773 -0.367735654 0.0233268328 -0.92963773 -0.367735654 0.0233268328 -0.92963773 -0.111964449 -0.00147995062 -0.993711174 -0.111964449 -0.00147995062 -0.993711174 -0.111964449 -0.00147995062 -0.993711174 -0.103139549 0.00522281649 -0.994653225 -0.103139549 0.00522281649 -0.994653225 -0.103139549 0.00522281649 -0.994653225 -0.267860413 -0.0240317937 -0.963157952 -0.267860413 -0.0240317937 -0.963157952 -0.267860413 -0.0240317937 -0.963157952 -0.285462826 0.00514994701 -0.95837599 -0.285462826 0.00514994701 -0.95837599 -0.285462826 0.00514994701 -0.95837599 -0.74791342 0.262088746 -0.609864593 -0.74791342 0.262088746 -0.609864593 -0.74791342 0.262088746 -0.609864593 -0.579691827 0.0495119728 -0.813330173 -0.579691827 0.0495119728 -0.813330173 -0.579691827 0.0495119728 -0.813330173 -0.588040709 0.061768312 -0.806469321 -0.588040709 0.061768312 -0.806469321 -0.588040709 0.061768312 -0.806469321 -0.559924126 0.196212277 -0.804975688 -0.559924126 0.196212277 -0.804975688 -0.559924126 0.196212277 -0.804975688 -0.588951886 0.146490917 -0.794780552 -0.588951886 0.146490917 -0.794780552 -0.588951886 0.146490917 -0.794780552 -0.732606411 0.356954634 -0.579544008 -0.732606411 0.356954634 -0.579544008 -0.732606411 0.356954634 -0.579544008 -0.731759727 0.352539599 -0.583303988 -0.731759727 0.352539599 -0.583303988 -0.731759727 0.352539599 -0.583303988 -0.549460292 0.26471439 -0.792476892 -0.549460292 0.26471439 -0.792476892 -0.549460292 0.26471439 -0.792476892 -0.557357252 0.197788462 -0.80636996 -0.557357252 0.197788462 -0.80636996 -0.557357252 0.197788462 -0.80636996 -0.670411229 0.42217651 -0.610176802 -0.670411229 0.42217651 -0.610176802 -0.670411229 0.42217651 -0.610176802 -0.635695457 0.508824825 -0.5805071 -0.635695457 0.508824825 -0.5805071 -0.635695457 0.508824825 -0.5805071 -0.635700226 0.50847429 -0.580808997 -0.635700226 0.50847429 -0.580808997 -0.635700226 0.50847429 -0.580808997 -0.497998297 0.312817544 -0.808790982 -0.497998297 0.312817544 -0.808790982 -0.497998297 0.312817544 -0.808790982 -0.498142183 0.313693881 -0.808362961 -0.498142183 0.313693881 -0.808362961 -0.498142183 0.313693881 -0.808362961 -0.476317912 0.381255507 -0.792316616 -0.476317912 0.381255507 -0.792316616 -0.476317912 0.381255507 -0.792316616 -0.558952093 0.561493158 -0.610162079 -0.558952093 0.561493158 -0.610162079 -0.558952093 0.561493158 -0.610162079 -0.415769577 0.41765976 -0.807896018 -0.415769577 0.41765976 -0.807896018 -0.415769577 0.41765976 -0.807896018 -0.511358321 0.633964956 -0.580173314 -0.511358321 0.633964956 -0.580173314 -0.511358321 0.633964956 -0.580173314 -0.50278914 0.634356797 -0.587192059 -0.50278914 0.634356797 -0.587192059 -0.50278914 0.634356797 -0.587192059 -0.422588557 0.671355844 -0.608851612 -0.422588557 0.671355844 -0.608851612 -0.422588557 0.671355844 -0.608851612 -0.365179837 0.727799714 -0.580474973 -0.365179837 0.727799714 -0.580474973 -0.365179837 0.727799714 -0.580474973 -0.314940482 0.500337899 -0.806519985 -0.314940482 0.500337899 -0.806519985 -0.314940482 0.500337899 -0.806519985 -0.378978014 0.478147417 -0.792307198 -0.378978014 0.478147417 -0.792307198 -0.378978014 0.478147417 -0.792307198 -0.413456708 0.417799175 -0.809010148 -0.413456708 0.417799175 -0.809010148 -0.413456708 0.417799175 -0.809010148 -0.352600813 0.725903749 -0.590539098 -0.352600813 0.725903749 -0.590539098 -0.352600813 0.725903749 -0.590539098 -0.265980959 0.74766916 -0.608477533 -0.265980959 0.74766916 -0.608477533 -0.265980959 0.74766916 -0.608477533 -0.233981565 0.770212352 -0.593317389 -0.233981565 0.770212352 -0.593317389 -0.233981565 0.770212352 -0.593317389 -0.307979345 0.499512643 -0.809713483 -0.307979345 0.499512643 -0.809713483 -0.307979345 0.499512643 -0.809713483 -0.266523391 0.548695147 -0.792400777 -0.266523391 0.548695147 -0.792400777 -0.266523391 0.548695147 -0.792400777 -0.198963106 0.55928266 -0.80474627 -0.198963106 0.55928266 -0.80474627 -0.198963106 0.55928266 -0.80474627 -0.045269452 0.997000754 -0.0627701804 -0.045269452 0.997000754 -0.0627701804 -0.045269452 0.997000754 -0.0627701804 -0.00667634094 0.993690073 -0.111962065 -0.00667634094 0.993690073 -0.111962065 -0.00667634094 0.993690073 -0.111962065 -0.194276363 0.769596696 -0.60825783 -0.194276363 0.769596696 -0.60825783 -0.194276363 0.769596696 -0.60825783 0.0301190112 0.943454683 -0.330130368 0.0301190112 0.943454683 -0.330130368 0.0301190112 0.943454683 -0.330130368 -0.010904965 0.95965296 -0.280975789 -0.010904965 0.95965296 -0.280975789 -0.010904965 0.95965296 -0.280975789 0.0108829811 0.963692963 -0.266790926 0.0108829811 0.963692963 -0.266790926 0.0108829811 0.963692963 -0.266790926 -0.0334411785 0.929065466 -0.368400604 -0.0334411785 0.929065466 -0.368400604 -0.0334411785 0.929065466 -0.368400604 -0.175960988 0.69607389 -0.696073771 -0.175960988 0.69607389 -0.696073771 -0.175960988 0.69607389 -0.696073771 0.0257320274 0.846445322 -0.531853437 0.0257320274 0.846445322 -0.531853437 0.0257320274 0.846445322 -0.531853437 0.00239432603 0.763530612 -0.645767152 0.00239432603 0.763530612 -0.645767152 0.00239432603 0.763530612 -0.645767152 0.00804146007 0.905611336 -0.42403236 0.00804146007 0.905611336 -0.42403236 0.00804146007 0.905611336 -0.42403236 -0.0177440979 0.905439734 -0.424103767 -0.0177440979 0.905439734 -0.424103767 -0.0177440979 0.905439734 -0.424103767 -0.0836761966 0.111571908 -0.990227282 -0.0836761966 0.111571908 -0.990227282 -0.0836761966 0.111571908 -0.990227282 -0.00351833319 0.159406275 -0.987206757 -0.00351833319 0.159406275 -0.987206757 -0.00351833319 0.159406275 -0.987206757 -0.0204007365 0.512278795 -0.858576834 -0.0204007365 0.512278795 -0.858576834 -0.0204007365 0.512278795 -0.858576834 0.0839328691 0.111393809 -0.990225613 0.0839328691 0.111393809 -0.990225613 0.0839328691 0.111393809 -0.990225613 -0.0105173923 0.264388204 -0.964359045 -0.0105173923 0.264388204 -0.964359045 -0.0105173923 0.264388204 -0.964359045 0.0459591299 0.329931229 -0.942885518 0.0459591299 0.329931229 -0.942885518 0.0459591299 0.329931229 -0.942885518 -0.102265604 0.52924031 -0.842286468 -0.102265604 0.52924031 -0.842286468 -0.102265604 0.52924031 -0.842286468 0.0177810211 0.306080461 -0.951839507 0.0177810211 0.306080461 -0.951839507 0.0177810211 0.306080461 -0.951839507 -0.0426025875 0.510433912 -0.85886091 -0.0426025875 0.510433912 -0.85886091 -0.0426025875 0.510433912 -0.85886091 -0.0955562145 0.465220213 -0.880022228 -0.0955562145 0.465220213 -0.880022228 -0.0955562145 0.465220213 -0.880022228 -0.9577353 0.0965331048 -0.270969361 -0.9577353 0.0965331048 -0.270969361 -0.9577353 0.0965331048 -0.270969361 -0.983851314 0.158885986 -0.0824122503 -0.983851314 0.158885986 -0.0824122503 -0.983851314 0.158885986 -0.0824122503 -0.983788252 0.134615123 -0.118488178 -0.983788252 0.134615123 -0.118488178 -0.983788252 0.134615123 -0.118488178 -0.965388954 0.125633836 -0.228561312 -0.965388954 0.125633836 -0.228561312 -0.965388954 0.125633836 -0.228561312 -0.947247446 0.155578598 -0.280209899 -0.947247446 0.155578598 -0.280209899 -0.947247446 0.155578598 -0.280209899 -0.885251403 0.247673407 -0.393684924 -0.885251403 0.247673407 -0.393684924 -0.885251403 0.247673407 -0.393684924 -0.916835606 0.141262844 -0.373439908 -0.916835606 0.141262844 -0.373439908 -0.916835606 0.141262844 -0.373439908 -0.896590173 0.0979963019 -0.431882769 -0.896590173 0.0979963019 -0.431882769 -0.896590173 0.0979963019 -0.431882769 -0.900787652 0.0737037957 -0.427959651 -0.900787652 0.0737037957 -0.427959651 -0.900787652 0.0737037957 -0.427959651 -0.868527353 -0.0219432302 -0.495155394 -0.868527353 -0.0219432302 -0.495155394 -0.868527353 -0.0219432302 -0.495155394 -0.754739165 0.116260529 -0.645640969 -0.754739165 0.116260529 -0.645640969 -0.754739165 0.116260529 -0.645640969 -0.881298125 0.0331480913 -0.471396625 -0.881298125 0.0331480913 -0.471396625 -0.881298125 0.0331480913 -0.471396625 -0.821015 -0.0684949532 -0.566782832 -0.821015 -0.0684949532 -0.566782832 -0.821015 -0.0684949532 -0.566782832 -0.959187567 0.250561714 -0.131064937 -0.959187567 0.250561714 -0.131064937 -0.959187567 0.250561714 -0.131064937 -0.888234377 0.253193647 -0.383317977 -0.888234377 0.253193647 -0.383317977 -0.888234377 0.253193647 -0.383317977 -0.920703948 0.230602011 -0.314844131 -0.920703948 0.230602011 -0.314844131 -0.920703948 0.230602011 -0.314844131 -0.956286311 0.26423645 -0.12528187 -0.956286311 0.26423645 -0.12528187 -0.956286311 0.26423645 -0.12528187 -0.93721664 0.348718196 -0.00454014912 -0.93721664 0.348718196 -0.00454014912 -0.93721664 0.348718196 -0.00454014912 -0.776678324 0.216927439 -0.591365695 -0.776678324 0.216927439 -0.591365695 -0.776678324 0.216927439 -0.591365695 -0.814356923 0.129196241 -0.565801263 -0.814356923 0.129196241 -0.565801263 -0.814356923 0.129196241 -0.565801263 -0.774577498 0.148206413 -0.614869595 -0.774577498 0.148206413 -0.614869595 -0.774577498 0.148206413 -0.614869595 -0.8764714 0.128799662 -0.463905662 -0.8764714 0.128799662 -0.463905662 -0.8764714 0.128799662 -0.463905662 -0.770184457 0.191582188 -0.608368397 -0.770184457 0.191582188 -0.608368397 -0.770184457 0.191582188 -0.608368397 -0.865239382 0.227481842 -0.446780473 -0.865239382 0.227481842 -0.446780473 -0.865239382 0.227481842 -0.446780473 -0.912789762 0.332380444 -0.237356484 -0.912789762 0.332380444 -0.237356484 -0.912789762 0.332380444 -0.237356484 -0.87671721 0.31924507 -0.359790921 -0.87671721 0.31924507 -0.359790921 -0.87671721 0.31924507 -0.359790921 -0.899742007 0.418177426 -0.124867827 -0.899742007 0.418177426 -0.124867827 -0.899742007 0.418177426 -0.124867827 -0.794462264 0.387093037 -0.467962325 -0.794462264 0.387093037 -0.467962325 -0.794462264 0.387093037 -0.467962325 -0.870217323 0.330234885 -0.36560449 -0.870217323 0.330234885 -0.36560449 -0.870217323 0.330234885 -0.36560449 -0.794481456 0.484377623 -0.36630249 -0.794481456 0.484377623 -0.36630249 -0.794481456 0.484377623 -0.36630249 -0.888913333 0.437249094 -0.136551574 -0.888913333 0.437249094 -0.136551574 -0.888913333 0.437249094 -0.136551574 -0.869075894 0.427491248 -0.248913959 -0.869075894 0.427491248 -0.248913959 -0.869075894 0.427491248 -0.248913959 -0.843206763 0.537585795 -0.00195667078 -0.843206763 0.537585795 -0.00195667078 -0.843206763 0.537585795 -0.00195667078 -0.878246546 0.461804271 -0.124176353 -0.878246546 0.461804271 -0.124176353 -0.878246546 0.461804271 -0.124176353 -0.790144145 0.600123644 -0.124595217 -0.790144145 0.600123644 -0.124595217 -0.790144145 0.600123644 -0.124595217 -0.819747031 0.52074784 -0.238404125 -0.819747031 0.52074784 -0.238404125 -0.819747031 0.52074784 -0.238404125 -0.78770411 0.500392437 -0.359346181 -0.78770411 0.500392437 -0.359346181 -0.78770411 0.500392437 -0.359346181 -0.776670873 0.512415946 -0.366349936 -0.776670873 0.512415946 -0.366349936 -0.776670873 0.512415946 -0.366349936 -0.689886212 0.551815748 -0.468568444 -0.689886212 0.551815748 -0.468568444 -0.689886212 0.551815748 -0.468568444 -0.670345426 0.645614564 -0.36581251 -0.670345426 0.645614564 -0.36581251 -0.670345426 0.645614564 -0.36581251 -0.756704092 0.604658306 -0.248570353 -0.756704092 0.604658306 -0.248570353 -0.756704092 0.604658306 -0.248570353 -0.773889899 0.618390977 -0.136700779 -0.773889899 0.618390977 -0.136700779 -0.773889899 0.618390977 -0.136700779 -0.711320639 0.702866554 -0.00129245105 -0.711320639 0.702866554 -0.00129245105 -0.711320639 0.702866554 -0.00129245105 -0.759920061 0.638001144 -0.124403253 -0.759920061 0.638001144 -0.124403253 -0.759920061 0.638001144 -0.124403253 -0.121079251 0.0216479395 -0.992406785 -0.121079251 0.0216479395 -0.992406785 -0.121079251 0.0216479395 -0.992406785 -0.366111785 0.0582803525 -0.928744078 -0.366111785 0.0582803525 -0.928744078 -0.366111785 0.0582803525 -0.928744078 -0.370854616 0.0613948517 -0.926659346 -0.370854616 0.0613948517 -0.926659346 -0.370854616 0.0613948517 -0.926659346 -0.266178519 0.0255368762 -0.963585436 -0.266178519 0.0255368762 -0.963585436 -0.266178519 0.0255368762 -0.963585436 -0.645102739 0.753931522 -0.124216713 -0.645102739 0.753931522 -0.124216713 -0.645102739 0.753931522 -0.124216713 -0.662016213 0.657702327 -0.359391153 -0.662016213 0.657702327 -0.359391153 -0.662016213 0.657702327 -0.359391153 -0.6889745 0.684485078 -0.238315701 -0.6889745 0.684485078 -0.238315701 -0.6889745 0.684485078 -0.238315701 -0.357694387 0.0864427239 -0.92982924 -0.357694387 0.0864427239 -0.92982924 -0.357694387 0.0864427239 -0.92982924 -0.405406773 0.143864289 -0.902745008 -0.405406773 0.143864289 -0.902745008 -0.405406773 0.143864289 -0.902745008 -0.358383894 0.0381032676 -0.932796419 -0.358383894 0.0381032676 -0.932796419 -0.358383894 0.0381032676 -0.932796419 -0.0765238926 0.0183359329 -0.996899128 -0.0765238926 0.0183359329 -0.996899128 -0.0765238926 0.0183359329 -0.996899128 -0.111755989 0.114112139 -0.987162054 -0.111755989 0.114112139 -0.987162054 -0.111755989 0.114112139 -0.987162054 -0.200421944 0.0484286211 -0.978511989 -0.200421944 0.0484286211 -0.978511989 -0.200421944 0.0484286211 -0.978511989 -0.154897898 -0.0510184579 -0.98661226 -0.154897898 -0.0510184579 -0.98661226 -0.154897898 -0.0510184579 -0.98661226 -0.55579561 0.831163704 -0.0160651486 -0.55579561 0.831163704 -0.0160651486 -0.55579561 0.831163704 -0.0160651486 -0.555655837 0.688883543 -0.465495497 -0.555655837 0.688883543 -0.465495497 -0.555655837 0.688883543 -0.465495497 -0.649887145 0.666468203 -0.365331113 -0.649887145 0.666468203 -0.365331113 -0.649887145 0.666468203 -0.365331113 -0.614534557 0.77829963 -0.128829315 -0.614534557 0.77829963 -0.128829315 -0.614534557 0.77829963 -0.128829315 -0.624619961 0.769004822 -0.135946482 -0.624619961 0.769004822 -0.135946482 -0.624619961 0.769004822 -0.135946482 -0.517160118 0.774078548 -0.365168035 -0.517160118 0.774078548 -0.365168035 -0.517160118 0.774078548 -0.365168035 -0.610371411 0.751462579 -0.250500888 -0.610371411 0.751462579 -0.250500888 -0.610371411 0.751462579 -0.250500888 -0.117259987 0.0400990136 -0.992291391 -0.117259987 0.0400990136 -0.992291391 -0.117259987 0.0400990136 -0.992291391 -0.298612177 0.189758435 -0.935319424 -0.298612177 0.189758435 -0.935319424 -0.298612177 0.189758435 -0.935319424 -0.264459461 0.0904363394 -0.960147083 -0.264459461 0.0904363394 -0.960147083 -0.264459461 0.0904363394 -0.960147083 -0.533282697 0.813477576 -0.232085675 -0.533282697 0.813477576 -0.232085675 -0.533282697 0.813477576 -0.232085675 -0.511176884 0.779757023 -0.361492991 -0.511176884 0.779757023 -0.361492991 -0.511176884 0.779757023 -0.361492991 -0.476603359 0.869914532 -0.126877755 -0.476603359 0.869914532 -0.126877755 -0.476603359 0.869914532 -0.126877755 -0.0695071742 0.0324604213 -0.997053206 -0.0695071742 0.0324604213 -0.997053206 -0.0695071742 0.0324604213 -0.997053206 -0.152951643 -0.00337263942 -0.988227904 -0.152951643 -0.00337263942 -0.988227904 -0.152951643 -0.00337263942 -0.988227904 -0.093035616 0.118380301 -0.988600254 -0.093035616 0.118380301 -0.988600254 -0.093035616 0.118380301 -0.988600254 -0.331327647 0.156315431 -0.930476964 -0.331327647 0.156315431 -0.930476964 -0.331327647 0.156315431 -0.930476964 -0.189339891 0.0893277228 -0.977839947 -0.189339891 0.0893277228 -0.977839947 -0.189339891 0.0893277228 -0.977839947 -0.368954569 0.231758758 -0.900089145 -0.368954569 0.231758758 -0.900089145 -0.368954569 0.231758758 -0.900089145 -0.336845994 0.120686531 -0.933793128 -0.336845994 0.120686531 -0.933793128 -0.336845994 0.120686531 -0.933793128 -0.384030014 0.923211575 -0.0141871199 -0.384030014 0.923211575 -0.0141871199 -0.384030014 0.923211575 -0.0141871199 -0.448427826 0.884485185 -0.128834784 -0.448427826 0.884485185 -0.128834784 -0.448427826 0.884485185 -0.128834784 -0.456646144 0.879401267 -0.134639531 -0.456646144 0.879401267 -0.134639531 -0.456646144 0.879401267 -0.134639531 -0.397497386 0.792208195 -0.463035643 -0.397497386 0.792208195 -0.463035643 -0.397497386 0.792208195 -0.463035643 -0.498471141 0.785929382 -0.365843564 -0.498471141 0.785929382 -0.365843564 -0.498471141 0.785929382 -0.365843564 -0.344625503 0.865681052 -0.363083571 -0.344625503 0.865681052 -0.363083571 -0.344625503 0.865681052 -0.363083571 -0.445946842 0.858796835 -0.25218907 -0.445946842 0.858796835 -0.25218907 -0.445946842 0.858796835 -0.25218907 -0.105347782 0.0658442229 -0.992253244 -0.105347782 0.0658442229 -0.992253244 -0.105347782 0.0658442229 -0.992253244 -0.25453195 0.249540061 -0.934314311 -0.25453195 0.249540061 -0.934314311 -0.25453195 0.249540061 -0.934314311 -0.23567012 0.147297964 -0.960605443 -0.23567012 0.147297964 -0.960605443 -0.23567012 0.147297964 -0.960605443 -0.357411683 0.904361784 -0.233209684 -0.357411683 0.904361784 -0.233209684 -0.357411683 0.904361784 -0.233209684 -0.294312149 0.947345376 -0.126162961 -0.294312149 0.947345376 -0.126162961 -0.294312149 0.947345376 -0.126162961 -0.288948268 0.94878304 -0.127748206 -0.288948268 0.94878304 -0.127748206 -0.288948268 0.94878304 -0.127748206 -0.207414329 0.977919161 -0.0255650561 -0.207414329 0.977919161 -0.0255650561 -0.207414329 0.977919161 -0.0255650561 -0.286538959 0.949617922 -0.12696889 -0.286538959 0.949617922 -0.12696889 -0.286538959 0.949617922 -0.12696889 -0.262429565 0.863856435 -0.42997992 -0.262429565 0.863856435 -0.42997992 -0.262429565 0.863856435 -0.42997992 -0.351341695 0.861240745 -0.367183179 -0.351341695 0.861240745 -0.367183179 -0.351341695 0.861240745 -0.367183179 -0.346259683 0.876143694 -0.335375011 -0.346259683 0.876143694 -0.335375011 -0.346259683 0.876143694 -0.335375011 -0.280236989 0.920178831 -0.273382694 -0.280236989 0.920178831 -0.273382694 -0.280236989 0.920178831 -0.273382694 -0.059702564 0.0479336455 -0.99706465 -0.059702564 0.0479336455 -0.99706465 -0.059702564 0.0479336455 -0.99706465 -0.146990433 0.0335730612 -0.988568008 -0.146990433 0.0335730612 -0.988568008 -0.146990433 0.0335730612 -0.988568008 -0.285604328 0.229219511 -0.930531323 -0.285604328 0.229219511 -0.930531323 -0.285604328 0.229219511 -0.930531323 -0.0645049289 0.136856794 -0.988488436 -0.0645049289 0.136856794 -0.988488436 -0.0645049289 0.136856794 -0.988488436 -0.1634534 0.131183952 -0.977790296 -0.1634534 0.131183952 -0.977790296 -0.1634534 0.131183952 -0.977790296 -0.298558801 0.194403082 -0.934382141 -0.298558801 0.194403082 -0.934382141 -0.298558801 0.194403082 -0.934382141 -0.306448996 0.309667587 -0.900108337 -0.306448996 0.309667587 -0.900108337 -0.306448996 0.309667587 -0.900108337 -0.211693913 0.950229347 -0.228582114 -0.211693913 0.950229347 -0.228582114 -0.211693913 0.950229347 -0.228582114 -0.189459831 0.909928024 -0.368966073 -0.189459831 0.909928024 -0.368966073 -0.189459831 0.909928024 -0.368966073 -0.205266103 0.921376824 -0.330046207 -0.205266103 0.921376824 -0.330046207 -0.205266103 0.921376824 -0.330046207 -0.129487455 0.982545793 -0.133554146 -0.129487455 0.982545793 -0.133554146 -0.129487455 0.982545793 -0.133554146 -0.0871458501 0.0885186344 -0.992255032 -0.0871458501 0.0885186344 -0.992255032 -0.0871458501 0.0885186344 -0.992255032 -0.191584572 0.302069515 -0.933835745 -0.191584572 0.302069515 -0.933835745 -0.191584572 0.302069515 -0.933835745 -0.19502449 0.198096648 -0.960584819 -0.19502449 0.198096648 -0.960584819 -0.19502449 0.198096648 -0.960584819 -0.124106251 0.982851565 -0.136383429 -0.124106251 0.982851565 -0.136383429 -0.124106251 0.982851565 -0.136383429 -0.0607548952 0.961820006 -0.266854107 -0.0607548952 0.961820006 -0.266854107 -0.0607548952 0.961820006 -0.266854107 -0.0877987146 0.987501025 -0.130893216 -0.0877987146 0.987501025 -0.130893216 -0.0877987146 0.987501025 -0.130893216 -0.134137958 0.0659449473 -0.988766015 -0.134137958 0.0659449473 -0.988766015 -0.134137958 0.0659449473 -0.988766015 -0.0466351882 0.060702648 -0.997065902 -0.0466351882 0.060702648 -0.997065902 -0.0466351882 0.060702648 -0.997065902 -0.224615872 0.289235294 -0.930532455 -0.224615872 0.289235294 -0.930532455 -0.224615872 0.289235294 -0.930532455 -0.128588229 0.165581584 -0.977776945 -0.128588229 0.165581584 -0.977776945 -0.128588229 0.165581584 -0.977776945 -0.0316487588 0.148902327 -0.988345265 -0.0316487588 0.148902327 -0.988345265 -0.0316487588 0.148902327 -0.988345265 -0.246067286 0.255183309 -0.935057342 -0.246067286 0.255183309 -0.935057342 -0.246067286 0.255183309 -0.935057342 -0.228105843 0.369965583 -0.900607169 -0.228105843 0.369965583 -0.900607169 -0.228105843 0.369965583 -0.900607169 -0.0641819388 0.106273994 -0.992263317 -0.0641819388 0.106273994 -0.992263317 -0.0641819388 0.106273994 -0.992263317 -0.143844903 0.238181844 -0.960509241 -0.143844903 0.238181844 -0.960509241 -0.143844903 0.238181844 -0.960509241 -0.116326898 0.340212435 -0.933125675 -0.116326898 0.340212435 -0.933125675 -0.116326898 0.340212435 -0.933125675 -0.196043432 0.558326483 -0.806125641 -0.196043432 0.558326483 -0.806125641 -0.196043432 0.558326483 -0.806125641 -0.15100798 0.598195553 -0.786993444 -0.15100798 0.598195553 -0.786993444 -0.15100798 0.598195553 -0.786993444 -0.113698959 0.0934313983 -0.989112318 -0.113698959 0.0934313983 -0.989112318 -0.113698959 0.0934313983 -0.989112318 -0.0305981245 0.0701260343 -0.997068763 -0.0305981245 0.0701260343 -0.997068763 -0.0305981245 0.0701260343 -0.997068763 -0.151063085 0.333738983 -0.930482805 -0.151063085 0.333738983 -0.930482805 -0.151063085 0.333738983 -0.930482805 -0.0864816979 0.191061333 -0.977760971 -0.0864816979 0.191061333 -0.977760971 -0.0864816979 0.191061333 -0.977760971 0.004021117 0.154831022 -0.987932801 0.004021117 0.154831022 -0.987932801 0.004021117 0.154831022 -0.987932801 -0.140445665 0.344832957 -0.928097606 -0.140445665 0.344832957 -0.928097606 -0.140445665 0.344832957 -0.928097606 -0.146409452 0.442218333 -0.884877026 -0.146409452 0.442218333 -0.884877026 -0.146409452 0.442218333 -0.884877026 -0.11192508 0.602694392 -0.790083766 -0.11192508 0.602694392 -0.790083766 -0.11192508 0.602694392 -0.790083766 -0.0412666686 0.421434551 -0.905919373 -0.0412666686 0.421434551 -0.905919373 -0.0412666686 0.421434551 -0.905919373 -0.0726629198 0.451183707 -0.889468014 -0.0726629198 0.451183707 -0.889468014 -0.0726629198 0.451183707 -0.889468014 -0.10015393 0.612334549 -0.784229338 -0.10015393 0.612334549 -0.784229338 -0.10015393 0.612334549 -0.784229338 0.122937843 0.531275392 -0.838231921 0.122937843 0.531275392 -0.838231921 0.122937843 0.531275392 -0.838231921 -0.0223088022 0.131130874 -0.99111402 -0.0223088022 0.131130874 -0.99111402 -0.0223088022 0.131130874 -0.99111402 -0.116658404 0.328191012 -0.937380075 -0.116658404 0.328191012 -0.937380075 -0.116658404 0.328191012 -0.937380075 -0.0230011884 0.131112993 -0.99110055 -0.0230011884 0.131112993 -0.99110055 -0.0230011884 0.131112993 -0.99110055 -0.0553496033 0.327973187 -0.943064153 -0.0553496033 0.327973187 -0.943064153 -0.0553496033 0.327973187 -0.943064153 -0.0386827029 0.103304379 -0.993897259 -0.0386827029 0.103304379 -0.993897259 -0.0386827029 0.103304379 -0.993897259 -0.0352969505 0.262643129 -0.964247227 -0.0352969505 0.262643129 -0.964247227 -0.0352969505 0.262643129 -0.964247227 -0.157208338 0.909946144 -0.383775443 -0.157208338 0.909946144 -0.383775443 -0.157208338 0.909946144 -0.383775443 -0.152059153 0.911534905 -0.382076204 -0.152059153 0.911534905 -0.382076204 -0.152059153 0.911534905 -0.382076204 -0.157258004 0.783883393 -0.600663662 -0.157258004 0.783883393 -0.600663662 -0.157258004 0.783883393 -0.600663662 -0.0937029049 0.771286607 -0.629552841 -0.0937029049 0.771286607 -0.629552841 -0.0937029049 0.771286607 -0.629552841 -0.10582386 0.765870452 -0.634226918 -0.10582386 0.765870452 -0.634226918 -0.10582386 0.765870452 -0.634226918 -0.0953597575 0.91329813 -0.395970851 -0.0953597575 0.91329813 -0.395970851 -0.0953597575 0.91329813 -0.395970851 -0.0778141767 0.923601031 -0.375374496 -0.0778141767 0.923601031 -0.375374496 -0.0778141767 0.923601031 -0.375374496 -0.124589853 0.90805608 -0.39988929 -0.124589853 0.90805608 -0.39988929 -0.124589853 0.90805608 -0.39988929 -0.00356717338 0.78283596 -0.622217953 -0.00356717338 0.78283596 -0.622217953 -0.00356717338 0.78283596 -0.622217953 -0.0867475048 0.925868332 -0.367753446 -0.0867475048 0.925868332 -0.367753446 -0.0867475048 0.925868332 -0.367753446 -0.0339243338 0.784327567 -0.619418561 -0.0339243338 0.784327567 -0.619418561 -0.0339243338 0.784327567 -0.619418561 -0.0339105166 0.881737828 -0.470519453 -0.0339105166 0.881737828 -0.470519453 -0.0339105166 0.881737828 -0.470519453 0.993711114 -0.00149288739 -0.111964442 0.993711114 -0.00149288739 -0.111964442 0.993711114 -0.00149288739 -0.111964442 0.99583745 -0.0268514026 -0.0871016532 0.99583745 -0.0268514026 -0.0871016532 0.99583745 -0.0268514026 -0.0871016532 0.943077147 0.0413132049 -0.329998314 0.943077147 0.0413132049 -0.329998314 0.943077147 0.0413132049 -0.329998314 0.842945755 -0.0943840295 -0.529654622 0.842945755 -0.0943840295 -0.529654622 0.842945755 -0.0943840295 -0.529654622 0.958559513 -0.00735761924 -0.284797341 0.958559513 -0.00735761924 -0.284797341 0.958559513 -0.00735761924 -0.284797341 0.963332534 0.0291220397 -0.266725212 0.963332534 0.0291220397 -0.266725212 0.963332534 0.0291220397 -0.266725212 0.994398892 -0.0369896963 -0.0990082175 0.994398892 -0.0369896963 -0.0990082175 0.994398892 -0.0369896963 -0.0990082175 0.964550674 -0.0398255251 -0.260875195 0.964550674 -0.0398255251 -0.260875195 0.964550674 -0.0398255251 -0.260875195 0.963025749 -0.0362221152 -0.266963273 0.963025749 -0.0362221152 -0.266963273 0.963025749 -0.0362221152 -0.266963273 0.697518766 -0.164119482 -0.697518706 0.697518766 -0.164119482 -0.697518706 0.697518766 -0.164119482 -0.697518706 0.531877041 0.0239491034 -0.846482873 0.531877041 0.0239491034 -0.846482873 0.531877041 0.0239491034 -0.846482873 0.872532129 -0.0970244333 -0.478825569 0.872532129 -0.0970244333 -0.478825569 0.872532129 -0.0970244333 -0.478825569 0.644140661 0.00585959665 -0.764884591 0.644140661 0.00585959665 -0.764884591 0.644140661 0.00585959665 -0.764884591 0.855665028 -0.051826559 -0.51492846 0.855665028 -0.051826559 -0.51492846 0.855665028 -0.051826559 -0.51492846 0.330135077 0.0296438131 -0.943468153 0.330135077 0.0296438131 -0.943468153 0.330135077 0.0296438131 -0.943468153 0.423802882 -0.0156947915 -0.905618429 0.423802882 -0.0156947915 -0.905618429 0.423802882 -0.0156947915 -0.905618429 0.424201459 0.0154858939 -0.905435383 0.424201459 0.0154858939 -0.905435383 0.424201459 0.0154858939 -0.905435383 0.552733719 -0.109256439 -0.826164961 0.552733719 -0.109256439 -0.826164961 0.552733719 -0.109256439 -0.826164961 0.367735654 -0.0233268328 -0.92963773 0.367735654 -0.0233268328 -0.92963773 0.367735654 -0.0233268328 -0.92963773 0.103139549 -0.00522281649 -0.994653225 0.103139549 -0.00522281649 -0.994653225 0.103139549 -0.00522281649 -0.994653225 0.111964449 0.00147995062 -0.993711174 0.111964449 0.00147995062 -0.993711174 0.111964449 0.00147995062 -0.993711174 0.285462826 -0.00514994701 -0.95837599 0.285462826 -0.00514994701 -0.95837599 0.285462826 -0.00514994701 -0.95837599 0.267860413 0.0240317937 -0.963157952 0.267860413 0.0240317937 -0.963157952 0.267860413 0.0240317937 -0.963157952 0.74791342 -0.262088746 -0.609864593 0.74791342 -0.262088746 -0.609864593 0.74791342 -0.262088746 -0.609864593 0.579691827 -0.0495119728 -0.813330173 0.579691827 -0.0495119728 -0.813330173 0.579691827 -0.0495119728 -0.813330173 0.588040709 -0.061768312 -0.806469321 0.588040709 -0.061768312 -0.806469321 0.588040709 -0.061768312 -0.806469321 0.559924126 -0.196212277 -0.804975688 0.559924126 -0.196212277 -0.804975688 0.559924126 -0.196212277 -0.804975688 0.588951886 -0.146490917 -0.794780552 0.588951886 -0.146490917 -0.794780552 0.588951886 -0.146490917 -0.794780552 0.732606411 -0.356954634 -0.579544008 0.732606411 -0.356954634 -0.579544008 0.732606411 -0.356954634 -0.579544008 0.731759727 -0.352539599 -0.583303988 0.731759727 -0.352539599 -0.583303988 0.731759727 -0.352539599 -0.583303988 0.549460292 -0.26471439 -0.792476892 0.549460292 -0.26471439 -0.792476892 0.549460292 -0.26471439 -0.792476892 0.557357252 -0.197788462 -0.80636996 0.557357252 -0.197788462 -0.80636996 0.557357252 -0.197788462 -0.80636996 0.670411229 -0.42217651 -0.610176802 0.670411229 -0.42217651 -0.610176802 0.670411229 -0.42217651 -0.610176802 0.635700226 -0.50847429 -0.580808997 0.635700226 -0.50847429 -0.580808997 0.635700226 -0.50847429 -0.580808997 0.635695457 -0.508824825 -0.5805071 0.635695457 -0.508824825 -0.5805071 0.635695457 -0.508824825 -0.5805071 0.497998297 -0.312817544 -0.808790982 0.497998297 -0.312817544 -0.808790982 0.497998297 -0.312817544 -0.808790982 0.498142183 -0.313693881 -0.808362961 0.498142183 -0.313693881 -0.808362961 0.498142183 -0.313693881 -0.808362961 0.476317912 -0.381255507 -0.792316616 0.476317912 -0.381255507 -0.792316616 0.476317912 -0.381255507 -0.792316616 0.558952093 -0.561493158 -0.610162079 0.558952093 -0.561493158 -0.610162079 0.558952093 -0.561493158 -0.610162079 0.415769577 -0.41765976 -0.807896018 0.415769577 -0.41765976 -0.807896018 0.415769577 -0.41765976 -0.807896018 0.511358321 -0.633964956 -0.580173314 0.511358321 -0.633964956 -0.580173314 0.511358321 -0.633964956 -0.580173314 0.50278914 -0.634356797 -0.587192059 0.50278914 -0.634356797 -0.587192059 0.50278914 -0.634356797 -0.587192059 0.422588557 -0.671355844 -0.608851612 0.422588557 -0.671355844 -0.608851612 0.422588557 -0.671355844 -0.608851612 0.365179837 -0.727799714 -0.580474973 0.365179837 -0.727799714 -0.580474973 0.365179837 -0.727799714 -0.580474973 0.378978014 -0.478147417 -0.792307198 0.378978014 -0.478147417 -0.792307198 0.378978014 -0.478147417 -0.792307198 0.314940482 -0.500337899 -0.806519985 0.314940482 -0.500337899 -0.806519985 0.314940482 -0.500337899 -0.806519985 0.413456708 -0.417799175 -0.809010148 0.413456708 -0.417799175 -0.809010148 0.413456708 -0.417799175 -0.809010148 0.352600813 -0.725903749 -0.590539098 0.352600813 -0.725903749 -0.590539098 0.352600813 -0.725903749 -0.590539098 0.265980959 -0.74766916 -0.608477533 0.265980959 -0.74766916 -0.608477533 0.265980959 -0.74766916 -0.608477533 0.233981565 -0.770212352 -0.593317389 0.233981565 -0.770212352 -0.593317389 0.233981565 -0.770212352 -0.593317389 0.307979345 -0.499512643 -0.809713483 0.307979345 -0.499512643 -0.809713483 0.307979345 -0.499512643 -0.809713483 0.266523391 -0.548695147 -0.792400777 0.266523391 -0.548695147 -0.792400777 0.266523391 -0.548695147 -0.792400777 0.198963106 -0.55928266 -0.80474627 0.198963106 -0.55928266 -0.80474627 0.198963106 -0.55928266 -0.80474627 0.00667634094 -0.993690073 -0.111962065 0.00667634094 -0.993690073 -0.111962065 0.00667634094 -0.993690073 -0.111962065 0.045269452 -0.997000754 -0.0627701804 0.045269452 -0.997000754 -0.0627701804 0.045269452 -0.997000754 -0.0627701804 0.194276363 -0.769596696 -0.60825783 0.194276363 -0.769596696 -0.60825783 0.194276363 -0.769596696 -0.60825783 -0.0301190112 -0.943454683 -0.330130368 -0.0301190112 -0.943454683 -0.330130368 -0.0301190112 -0.943454683 -0.330130368 0.010904965 -0.95965296 -0.280975789 0.010904965 -0.95965296 -0.280975789 0.010904965 -0.95965296 -0.280975789 0.0334411785 -0.929065466 -0.368400604 0.0334411785 -0.929065466 -0.368400604 0.0334411785 -0.929065466 -0.368400604 -0.0108829811 -0.963692963 -0.266790926 -0.0108829811 -0.963692963 -0.266790926 -0.0108829811 -0.963692963 -0.266790926 -0.0257320274 -0.846445322 -0.531853437 -0.0257320274 -0.846445322 -0.531853437 -0.0257320274 -0.846445322 -0.531853437 0.175960988 -0.69607389 -0.696073771 0.175960988 -0.69607389 -0.696073771 0.175960988 -0.69607389 -0.696073771 0.0177440979 -0.905439734 -0.424103767 0.0177440979 -0.905439734 -0.424103767 0.0177440979 -0.905439734 -0.424103767 -0.00239432603 -0.763530612 -0.645767152 -0.00239432603 -0.763530612 -0.645767152 -0.00239432603 -0.763530612 -0.645767152 -0.00804146007 -0.905611336 -0.42403236 -0.00804146007 -0.905611336 -0.42403236 -0.00804146007 -0.905611336 -0.42403236 0.0836761966 -0.111571908 -0.990227282 0.0836761966 -0.111571908 -0.990227282 0.0836761966 -0.111571908 -0.990227282 0.00351833319 -0.159406275 -0.987206757 0.00351833319 -0.159406275 -0.987206757 0.00351833319 -0.159406275 -0.987206757 0.0204007365 -0.512278795 -0.858576834 0.0204007365 -0.512278795 -0.858576834 0.0204007365 -0.512278795 -0.858576834 -0.0839328691 -0.111393809 -0.990225613 -0.0839328691 -0.111393809 -0.990225613 -0.0839328691 -0.111393809 -0.990225613 0.0105173923 -0.264388204 -0.964359045 0.0105173923 -0.264388204 -0.964359045 0.0105173923 -0.264388204 -0.964359045 0.102265604 -0.52924031 -0.842286468 0.102265604 -0.52924031 -0.842286468 0.102265604 -0.52924031 -0.842286468 -0.0459591299 -0.329931229 -0.942885518 -0.0459591299 -0.329931229 -0.942885518 -0.0459591299 -0.329931229 -0.942885518 0.0426025875 -0.510433912 -0.85886091 0.0426025875 -0.510433912 -0.85886091 0.0426025875 -0.510433912 -0.85886091 0.0955562145 -0.465220213 -0.880022228 0.0955562145 -0.465220213 -0.880022228 0.0955562145 -0.465220213 -0.880022228 -0.0177810211 -0.306080461 -0.951839507 -0.0177810211 -0.306080461 -0.951839507 -0.0177810211 -0.306080461 -0.951839507 0.9577353 -0.0965331048 -0.270969361 0.9577353 -0.0965331048 -0.270969361 0.9577353 -0.0965331048 -0.270969361 0.983851314 -0.158885986 -0.0824122503 0.983851314 -0.158885986 -0.0824122503 0.983851314 -0.158885986 -0.0824122503 0.983788252 -0.134615123 -0.118488178 0.983788252 -0.134615123 -0.118488178 0.983788252 -0.134615123 -0.118488178 0.965388954 -0.125633836 -0.228561312 0.965388954 -0.125633836 -0.228561312 0.965388954 -0.125633836 -0.228561312 0.947247446 -0.155578598 -0.280209899 0.947247446 -0.155578598 -0.280209899 0.947247446 -0.155578598 -0.280209899 0.885251403 -0.247673407 -0.393684924 0.885251403 -0.247673407 -0.393684924 0.885251403 -0.247673407 -0.393684924 0.916835606 -0.141262844 -0.373439908 0.916835606 -0.141262844 -0.373439908 0.916835606 -0.141262844 -0.373439908 0.896590173 -0.0979963019 -0.431882769 0.896590173 -0.0979963019 -0.431882769 0.896590173 -0.0979963019 -0.431882769 0.900787652 -0.0737037957 -0.427959651 0.900787652 -0.0737037957 -0.427959651 0.900787652 -0.0737037957 -0.427959651 0.868527353 0.0219432302 -0.495155394 0.868527353 0.0219432302 -0.495155394 0.868527353 0.0219432302 -0.495155394 0.821015 0.0684949532 -0.566782832 0.821015 0.0684949532 -0.566782832 0.821015 0.0684949532 -0.566782832 0.881298125 -0.0331480913 -0.471396625 0.881298125 -0.0331480913 -0.471396625 0.881298125 -0.0331480913 -0.471396625 0.754739165 -0.116260529 -0.645640969 0.754739165 -0.116260529 -0.645640969 0.754739165 -0.116260529 -0.645640969 0.888234377 -0.253193647 -0.383317977 0.888234377 -0.253193647 -0.383317977 0.888234377 -0.253193647 -0.383317977 0.959187567 -0.250561714 -0.131064937 0.959187567 -0.250561714 -0.131064937 0.959187567 -0.250561714 -0.131064937 0.920703948 -0.230602011 -0.314844131 0.920703948 -0.230602011 -0.314844131 0.920703948 -0.230602011 -0.314844131 0.956286311 -0.26423645 -0.12528187 0.956286311 -0.26423645 -0.12528187 0.956286311 -0.26423645 -0.12528187 0.93721664 -0.348718196 -0.00454014912 0.93721664 -0.348718196 -0.00454014912 0.93721664 -0.348718196 -0.00454014912 0.776678324 -0.216927439 -0.591365695 0.776678324 -0.216927439 -0.591365695 0.776678324 -0.216927439 -0.591365695 0.814356923 -0.129196241 -0.565801263 0.814356923 -0.129196241 -0.565801263 0.814356923 -0.129196241 -0.565801263 0.774577498 -0.148206413 -0.614869595 0.774577498 -0.148206413 -0.614869595 0.774577498 -0.148206413 -0.614869595 0.8764714 -0.128799662 -0.463905662 0.8764714 -0.128799662 -0.463905662 0.8764714 -0.128799662 -0.463905662 0.865239382 -0.227481842 -0.446780473 0.865239382 -0.227481842 -0.446780473 0.865239382 -0.227481842 -0.446780473 0.770184457 -0.191582188 -0.608368397 0.770184457 -0.191582188 -0.608368397 0.770184457 -0.191582188 -0.608368397 0.912789762 -0.332380444 -0.237356484 0.912789762 -0.332380444 -0.237356484 0.912789762 -0.332380444 -0.237356484 0.87671721 -0.31924507 -0.359790921 0.87671721 -0.31924507 -0.359790921 0.87671721 -0.31924507 -0.359790921 0.899742007 -0.418177426 -0.124867827 0.899742007 -0.418177426 -0.124867827 0.899742007 -0.418177426 -0.124867827 0.870217323 -0.330234885 -0.36560449 0.870217323 -0.330234885 -0.36560449 0.870217323 -0.330234885 -0.36560449 0.794462264 -0.387093037 -0.467962325 0.794462264 -0.387093037 -0.467962325 0.794462264 -0.387093037 -0.467962325 0.794481456 -0.484377623 -0.36630249 0.794481456 -0.484377623 -0.36630249 0.794481456 -0.484377623 -0.36630249 0.888913333 -0.437249094 -0.136551574 0.888913333 -0.437249094 -0.136551574 0.888913333 -0.437249094 -0.136551574 0.869075894 -0.427491248 -0.248913959 0.869075894 -0.427491248 -0.248913959 0.869075894 -0.427491248 -0.248913959 0.878246546 -0.461804271 -0.124176353 0.878246546 -0.461804271 -0.124176353 0.878246546 -0.461804271 -0.124176353 0.843206763 -0.537585795 -0.00195667078 0.843206763 -0.537585795 -0.00195667078 0.843206763 -0.537585795 -0.00195667078 0.790144145 -0.600123644 -0.124595217 0.790144145 -0.600123644 -0.124595217 0.790144145 -0.600123644 -0.124595217 0.819747031 -0.52074784 -0.238404125 0.819747031 -0.52074784 -0.238404125 0.819747031 -0.52074784 -0.238404125 0.78770411 -0.500392437 -0.359346181 0.78770411 -0.500392437 -0.359346181 0.78770411 -0.500392437 -0.359346181 0.689886212 -0.551815748 -0.468568444 0.689886212 -0.551815748 -0.468568444 0.689886212 -0.551815748 -0.468568444 0.776670873 -0.512415946 -0.366349936 0.776670873 -0.512415946 -0.366349936 0.776670873 -0.512415946 -0.366349936 0.773889899 -0.618390977 -0.136700779 0.773889899 -0.618390977 -0.136700779 0.773889899 -0.618390977 -0.136700779 0.670345426 -0.645614564 -0.36581251 0.670345426 -0.645614564 -0.36581251 0.670345426 -0.645614564 -0.36581251 0.756704092 -0.604658306 -0.248570353 0.756704092 -0.604658306 -0.248570353 0.756704092 -0.604658306 -0.248570353 0.711320639 -0.702866554 -0.00129245105 0.711320639 -0.702866554 -0.00129245105 0.711320639 -0.702866554 -0.00129245105 0.759920061 -0.638001144 -0.124403253 0.759920061 -0.638001144 -0.124403253 0.759920061 -0.638001144 -0.124403253 0.366111785 -0.0582803525 -0.928744078 0.366111785 -0.0582803525 -0.928744078 0.366111785 -0.0582803525 -0.928744078 0.370854616 -0.0613948517 -0.926659346 0.370854616 -0.0613948517 -0.926659346 0.370854616 -0.0613948517 -0.926659346 0.121079251 -0.0216479395 -0.992406785 0.121079251 -0.0216479395 -0.992406785 0.121079251 -0.0216479395 -0.992406785 0.266178519 -0.0255368762 -0.963585436 0.266178519 -0.0255368762 -0.963585436 0.266178519 -0.0255368762 -0.963585436 0.662016213 -0.657702327 -0.359391153 0.662016213 -0.657702327 -0.359391153 0.662016213 -0.657702327 -0.359391153 0.645102739 -0.753931522 -0.124216713 0.645102739 -0.753931522 -0.124216713 0.645102739 -0.753931522 -0.124216713 0.6889745 -0.684485078 -0.238315701 0.6889745 -0.684485078 -0.238315701 0.6889745 -0.684485078 -0.238315701 0.357694387 -0.0864427239 -0.92982924 0.357694387 -0.0864427239 -0.92982924 0.357694387 -0.0864427239 -0.92982924 0.358383894 -0.0381032676 -0.932796419 0.358383894 -0.0381032676 -0.932796419 0.358383894 -0.0381032676 -0.932796419 0.405406773 -0.143864289 -0.902745008 0.405406773 -0.143864289 -0.902745008 0.405406773 -0.143864289 -0.902745008 0.0765238926 -0.0183359329 -0.996899128 0.0765238926 -0.0183359329 -0.996899128 0.0765238926 -0.0183359329 -0.996899128 0.111755989 -0.114112139 -0.987162054 0.111755989 -0.114112139 -0.987162054 0.111755989 -0.114112139 -0.987162054 0.154897898 0.0510184579 -0.98661226 0.154897898 0.0510184579 -0.98661226 0.154897898 0.0510184579 -0.98661226 0.200421944 -0.0484286211 -0.978511989 0.200421944 -0.0484286211 -0.978511989 0.200421944 -0.0484286211 -0.978511989 0.55579561 -0.831163704 -0.0160651486 0.55579561 -0.831163704 -0.0160651486 0.55579561 -0.831163704 -0.0160651486 0.649887145 -0.666468203 -0.365331113 0.649887145 -0.666468203 -0.365331113 0.649887145 -0.666468203 -0.365331113 0.555655837 -0.688883543 -0.465495497 0.555655837 -0.688883543 -0.465495497 0.555655837 -0.688883543 -0.465495497 0.614534557 -0.77829963 -0.128829315 0.614534557 -0.77829963 -0.128829315 0.614534557 -0.77829963 -0.128829315 0.624619961 -0.769004822 -0.135946482 0.624619961 -0.769004822 -0.135946482 0.624619961 -0.769004822 -0.135946482 0.610371411 -0.751462579 -0.250500888 0.610371411 -0.751462579 -0.250500888 0.610371411 -0.751462579 -0.250500888 0.517160118 -0.774078548 -0.365168035 0.517160118 -0.774078548 -0.365168035 0.517160118 -0.774078548 -0.365168035 0.117259987 -0.0400990136 -0.992291391 0.117259987 -0.0400990136 -0.992291391 0.117259987 -0.0400990136 -0.992291391 0.298612177 -0.189758435 -0.935319424 0.298612177 -0.189758435 -0.935319424 0.298612177 -0.189758435 -0.935319424 0.264459461 -0.0904363394 -0.960147083 0.264459461 -0.0904363394 -0.960147083 0.264459461 -0.0904363394 -0.960147083 0.476603359 -0.869914532 -0.126877755 0.476603359 -0.869914532 -0.126877755 0.476603359 -0.869914532 -0.126877755 0.533282697 -0.813477576 -0.232085675 0.533282697 -0.813477576 -0.232085675 0.533282697 -0.813477576 -0.232085675 0.511176884 -0.779757023 -0.361492991 0.511176884 -0.779757023 -0.361492991 0.511176884 -0.779757023 -0.361492991 0.0695071742 -0.0324604213 -0.997053206 0.0695071742 -0.0324604213 -0.997053206 0.0695071742 -0.0324604213 -0.997053206 0.152951643 0.00337263942 -0.988227904 0.152951643 0.00337263942 -0.988227904 0.152951643 0.00337263942 -0.988227904 0.331327647 -0.156315431 -0.930476964 0.331327647 -0.156315431 -0.930476964 0.331327647 -0.156315431 -0.930476964 0.093035616 -0.118380301 -0.988600254 0.093035616 -0.118380301 -0.988600254 0.093035616 -0.118380301 -0.988600254 0.189339891 -0.0893277228 -0.977839947 0.189339891 -0.0893277228 -0.977839947 0.189339891 -0.0893277228 -0.977839947 0.368954569 -0.231758758 -0.900089145 0.368954569 -0.231758758 -0.900089145 0.368954569 -0.231758758 -0.900089145 0.336845994 -0.120686531 -0.933793128 0.336845994 -0.120686531 -0.933793128 0.336845994 -0.120686531 -0.933793128 0.384030014 -0.923211575 -0.0141871199 0.384030014 -0.923211575 -0.0141871199 0.384030014 -0.923211575 -0.0141871199 0.448427826 -0.884485185 -0.128834784 0.448427826 -0.884485185 -0.128834784 0.448427826 -0.884485185 -0.128834784 0.456646144 -0.879401267 -0.134639531 0.456646144 -0.879401267 -0.134639531 0.456646144 -0.879401267 -0.134639531 0.397497386 -0.792208195 -0.463035643 0.397497386 -0.792208195 -0.463035643 0.397497386 -0.792208195 -0.463035643 0.498471141 -0.785929382 -0.365843564 0.498471141 -0.785929382 -0.365843564 0.498471141 -0.785929382 -0.365843564 0.344625503 -0.865681052 -0.363083571 0.344625503 -0.865681052 -0.363083571 0.344625503 -0.865681052 -0.363083571 0.445946842 -0.858796835 -0.25218907 0.445946842 -0.858796835 -0.25218907 0.445946842 -0.858796835 -0.25218907 0.105347782 -0.0658442229 -0.992253244 0.105347782 -0.0658442229 -0.992253244 0.105347782 -0.0658442229 -0.992253244 0.25453195 -0.249540061 -0.934314311 0.25453195 -0.249540061 -0.934314311 0.25453195 -0.249540061 -0.934314311 0.23567012 -0.147297964 -0.960605443 0.23567012 -0.147297964 -0.960605443 0.23567012 -0.147297964 -0.960605443 0.357411683 -0.904361784 -0.233209684 0.357411683 -0.904361784 -0.233209684 0.357411683 -0.904361784 -0.233209684 0.294312149 -0.947345376 -0.126162961 0.294312149 -0.947345376 -0.126162961 0.294312149 -0.947345376 -0.126162961 0.288948268 -0.94878304 -0.127748206 0.288948268 -0.94878304 -0.127748206 0.288948268 -0.94878304 -0.127748206 0.207414329 -0.977919161 -0.0255650561 0.207414329 -0.977919161 -0.0255650561 0.207414329 -0.977919161 -0.0255650561 0.286538959 -0.949617922 -0.12696889 0.286538959 -0.949617922 -0.12696889 0.286538959 -0.949617922 -0.12696889 0.262429565 -0.863856435 -0.42997992 0.262429565 -0.863856435 -0.42997992 0.262429565 -0.863856435 -0.42997992 0.351341695 -0.861240745 -0.367183179 0.351341695 -0.861240745 -0.367183179 0.351341695 -0.861240745 -0.367183179 0.346259683 -0.876143694 -0.335375011 0.346259683 -0.876143694 -0.335375011 0.346259683 -0.876143694 -0.335375011 0.280236989 -0.920178831 -0.273382694 0.280236989 -0.920178831 -0.273382694 0.280236989 -0.920178831 -0.273382694 0.059702564 -0.0479336455 -0.99706465 0.059702564 -0.0479336455 -0.99706465 0.059702564 -0.0479336455 -0.99706465 0.146990433 -0.0335730612 -0.988568008 0.146990433 -0.0335730612 -0.988568008 0.146990433 -0.0335730612 -0.988568008 0.1634534 -0.131183952 -0.977790296 0.1634534 -0.131183952 -0.977790296 0.1634534 -0.131183952 -0.977790296 0.0645049289 -0.136856794 -0.988488436 0.0645049289 -0.136856794 -0.988488436 0.0645049289 -0.136856794 -0.988488436 0.285604328 -0.229219511 -0.930531323 0.285604328 -0.229219511 -0.930531323 0.285604328 -0.229219511 -0.930531323 0.298558801 -0.194403082 -0.934382141 0.298558801 -0.194403082 -0.934382141 0.298558801 -0.194403082 -0.934382141 0.306448996 -0.309667587 -0.900108337 0.306448996 -0.309667587 -0.900108337 0.306448996 -0.309667587 -0.900108337 0.205266103 -0.921376824 -0.330046207 0.205266103 -0.921376824 -0.330046207 0.205266103 -0.921376824 -0.330046207 0.189459831 -0.909928024 -0.368966073 0.189459831 -0.909928024 -0.368966073 0.189459831 -0.909928024 -0.368966073 0.129487455 -0.982545793 -0.133554146 0.129487455 -0.982545793 -0.133554146 0.129487455 -0.982545793 -0.133554146 0.211693913 -0.950229347 -0.228582114 0.211693913 -0.950229347 -0.228582114 0.211693913 -0.950229347 -0.228582114 0.19502449 -0.198096648 -0.960584819 0.19502449 -0.198096648 -0.960584819 0.19502449 -0.198096648 -0.960584819 0.0871458501 -0.0885186344 -0.992255032 0.0871458501 -0.0885186344 -0.992255032 0.0871458501 -0.0885186344 -0.992255032 0.191584572 -0.302069515 -0.933835745 0.191584572 -0.302069515 -0.933835745 0.191584572 -0.302069515 -0.933835745 0.0877987146 -0.987501025 -0.130893216 0.0877987146 -0.987501025 -0.130893216 0.0877987146 -0.987501025 -0.130893216 0.0607548952 -0.961820006 -0.266854107 0.0607548952 -0.961820006 -0.266854107 0.0607548952 -0.961820006 -0.266854107 0.124106251 -0.982851565 -0.136383429 0.124106251 -0.982851565 -0.136383429 0.124106251 -0.982851565 -0.136383429 0.0466351882 -0.060702648 -0.997065902 0.0466351882 -0.060702648 -0.997065902 0.0466351882 -0.060702648 -0.997065902 0.134137958 -0.0659449473 -0.988766015 0.134137958 -0.0659449473 -0.988766015 0.134137958 -0.0659449473 -0.988766015 0.224615872 -0.289235294 -0.930532455 0.224615872 -0.289235294 -0.930532455 0.224615872 -0.289235294 -0.930532455 0.0316487588 -0.148902327 -0.988345265 0.0316487588 -0.148902327 -0.988345265 0.0316487588 -0.148902327 -0.988345265 0.128588229 -0.165581584 -0.977776945 0.128588229 -0.165581584 -0.977776945 0.128588229 -0.165581584 -0.977776945 0.246067286 -0.255183309 -0.935057342 0.246067286 -0.255183309 -0.935057342 0.246067286 -0.255183309 -0.935057342 0.228105843 -0.369965583 -0.900607169 0.228105843 -0.369965583 -0.900607169 0.228105843 -0.369965583 -0.900607169 0.0641819388 -0.106273994 -0.992263317 0.0641819388 -0.106273994 -0.992263317 0.0641819388 -0.106273994 -0.992263317 0.143844903 -0.238181844 -0.960509241 0.143844903 -0.238181844 -0.960509241 0.143844903 -0.238181844 -0.960509241 0.116326898 -0.340212435 -0.933125675 0.116326898 -0.340212435 -0.933125675 0.116326898 -0.340212435 -0.933125675 0.196043432 -0.558326483 -0.806125641 0.196043432 -0.558326483 -0.806125641 0.196043432 -0.558326483 -0.806125641 0.15100798 -0.598195553 -0.786993444 0.15100798 -0.598195553 -0.786993444 0.15100798 -0.598195553 -0.786993444 0.0305981245 -0.0701260343 -0.997068763 0.0305981245 -0.0701260343 -0.997068763 0.0305981245 -0.0701260343 -0.997068763 0.113698959 -0.0934313983 -0.989112318 0.113698959 -0.0934313983 -0.989112318 0.113698959 -0.0934313983 -0.989112318 0.151063085 -0.333738983 -0.930482805 0.151063085 -0.333738983 -0.930482805 0.151063085 -0.333738983 -0.930482805 0.0864816979 -0.191061333 -0.977760971 0.0864816979 -0.191061333 -0.977760971 0.0864816979 -0.191061333 -0.977760971 -0.004021117 -0.154831022 -0.987932801 -0.004021117 -0.154831022 -0.987932801 -0.004021117 -0.154831022 -0.987932801 0.140445665 -0.344832957 -0.928097606 0.140445665 -0.344832957 -0.928097606 0.140445665 -0.344832957 -0.928097606 0.146409452 -0.442218333 -0.884877026 0.146409452 -0.442218333 -0.884877026 0.146409452 -0.442218333 -0.884877026 0.11192508 -0.602694392 -0.790083766 0.11192508 -0.602694392 -0.790083766 0.11192508 -0.602694392 -0.790083766 0.0412666686 -0.421434551 -0.905919373 0.0412666686 -0.421434551 -0.905919373 0.0412666686 -0.421434551 -0.905919373 0.10015393 -0.612334549 -0.784229338 0.10015393 -0.612334549 -0.784229338 0.10015393 -0.612334549 -0.784229338 0.0726629198 -0.451183707 -0.889468014 0.0726629198 -0.451183707 -0.889468014 0.0726629198 -0.451183707 -0.889468014 -0.122937843 -0.531275392 -0.838231921 -0.122937843 -0.531275392 -0.838231921 -0.122937843 -0.531275392 -0.838231921 0.0223088022 -0.131130874 -0.99111402 0.0223088022 -0.131130874 -0.99111402 0.0223088022 -0.131130874 -0.99111402 0.116658404 -0.328191012 -0.937380075 0.116658404 -0.328191012 -0.937380075 0.116658404 -0.328191012 -0.937380075 0.0553496033 -0.327973187 -0.943064153 0.0553496033 -0.327973187 -0.943064153 0.0553496033 -0.327973187 -0.943064153 0.0230011884 -0.131112993 -0.99110055 0.0230011884 -0.131112993 -0.99110055 0.0230011884 -0.131112993 -0.99110055 0.0386827029 -0.103304379 -0.993897259 0.0386827029 -0.103304379 -0.993897259 0.0386827029 -0.103304379 -0.993897259 0.0352969505 -0.262643129 -0.964247227 0.0352969505 -0.262643129 -0.964247227 0.0352969505 -0.262643129 -0.964247227 0.152059153 -0.911534905 -0.382076204 0.152059153 -0.911534905 -0.382076204 0.152059153 -0.911534905 -0.382076204 0.157208338 -0.909946144 -0.383775443 0.157208338 -0.909946144 -0.383775443 0.157208338 -0.909946144 -0.383775443 0.157258004 -0.783883393 -0.600663662 0.157258004 -0.783883393 -0.600663662 0.157258004 -0.783883393 -0.600663662 0.0937029049 -0.771286607 -0.629552841 0.0937029049 -0.771286607 -0.629552841 0.0937029049 -0.771286607 -0.629552841 0.10582386 -0.765870452 -0.634226918 0.10582386 -0.765870452 -0.634226918 0.10582386 -0.765870452 -0.634226918 0.0953597575 -0.91329813 -0.395970851 0.0953597575 -0.91329813 -0.395970851 0.0953597575 -0.91329813 -0.395970851 0.0778141767 -0.923601031 -0.375374496 0.0778141767 -0.923601031 -0.375374496 0.0778141767 -0.923601031 -0.375374496 0.124589853 -0.90805608 -0.39988929 0.124589853 -0.90805608 -0.39988929 0.124589853 -0.90805608 -0.39988929 0.00356717338 -0.78283596 -0.622217953 0.00356717338 -0.78283596 -0.622217953 0.00356717338 -0.78283596 -0.622217953 0.0867475048 -0.925868332 -0.367753446 0.0867475048 -0.925868332 -0.367753446 0.0867475048 -0.925868332 -0.367753446 0.0339243338 -0.784327567 -0.619418561 0.0339243338 -0.784327567 -0.619418561 0.0339243338 -0.784327567 -0.619418561 0.0339105166 -0.881737828 -0.470519453 0.0339105166 -0.881737828 -0.470519453 0.0339105166 -0.881737828 -0.470519453 0 0.111964576 -0.993712246 0 0.111964576 -0.993712246 0 0.111964576 -0.993712246 0 0.111964576 -0.993712246 0 0.111964576 -0.993712246 0 0.111964576 -0.993712246 0 0.330280244 -0.943882883 0 0.330280244 -0.943882883 0 0.330280244 -0.943882883 0 0.330280244 -0.943882883 0 0.330280244 -0.943882883 0 0.330280244 -0.943882883 0 0.532029629 -0.846725702 0 0.532029629 -0.846725702 0 0.532029629 -0.846725702 0 0.532029629 -0.846725702 0 0.532029629 -0.846725702 0 0.532029629 -0.846725702 0 0.707106769 -0.707106769 0 0.707106769 -0.707106769 0 0.707106769 -0.707106769 0 0.846725702 -0.532029629 0 0.846725702 -0.532029629 0 0.846725702 -0.532029629 0 0.707106769 -0.707106769 0 0.707106769 -0.707106769 0 0.707106769 -0.707106769 0 0.846725702 -0.532029629 0 0.846725702 -0.532029629 0 0.846725702 -0.532029629 0 0.943882883 -0.330280244 0 0.943882883 -0.330280244 0 0.943882883 -0.330280244 0 0.943882883 -0.330280244 0 0.943882883 -0.330280244 0 0.943882883 -0.330280244 0 0.993712246 -0.111964576 0 0.993712246 -0.111964576 0 0.993712246 -0.111964576 0 0.993712246 -0.111964576 0 0.993712246 -0.111964576 0 0.993712246 -0.111964576 0.111964576 0 -0.993712246 0.111964576 0 -0.993712246 0.111964576 0 -0.993712246 0.111964576 0 -0.993712246 0.111964576 0 -0.993712246 0.111964576 0 -0.993712246 0.330280244 0 -0.943882883 0.330280244 0 -0.943882883 0.330280244 0 -0.943882883 0.330280244 0 -0.943882883 0.330280244 0 -0.943882883 0.330280244 0 -0.943882883 0.532029629 0 -0.846725702 0.532029629 0 -0.846725702 0.532029629 0 -0.846725702 0.532029629 0 -0.846725702 0.532029629 0 -0.846725702 0.532029629 0 -0.846725702 0.846725702 0 -0.532029629 0.846725702 0 -0.532029629 0.846725702 0 -0.532029629 0.707106769 0 -0.707106769 0.707106769 0 -0.707106769 0.707106769 0 -0.707106769 0.707106769 0 -0.707106769 0.707106769 0 -0.707106769 0.707106769 0 -0.707106769 0.846725702 0 -0.532029629 0.846725702 0 -0.532029629 0.846725702 0 -0.532029629 0.943882883 0 -0.330280244 0.943882883 0 -0.330280244 0.943882883 0 -0.330280244 0.943882883 0 -0.330280244 0.943882883 0 -0.330280244 0.943882883 0 -0.330280244 0.993712246 0 -0.111964576 0.993712246 0 -0.111964576 0.993712246 0 -0.111964576 0.993712246 0 -0.111964576 0.993712246 0 -0.111964576 0.993712246 0 -0.111964576 0.00149288739 0.993711114 -0.111964442 0.00149288739 0.993711114 -0.111964442 0.00149288739 0.993711114 -0.111964442 0.0268514026 0.99583745 -0.0871016532 0.0268514026 0.99583745 -0.0871016532 0.0268514026 0.99583745 -0.0871016532 0.0943840295 0.842945755 -0.529654622 0.0943840295 0.842945755 -0.529654622 0.0943840295 0.842945755 -0.529654622 -0.0413132049 0.943077147 -0.329998314 -0.0413132049 0.943077147 -0.329998314 -0.0413132049 0.943077147 -0.329998314 0.00735761924 0.958559513 -0.284797341 0.00735761924 0.958559513 -0.284797341 0.00735761924 0.958559513 -0.284797341 -0.0291220397 0.963332534 -0.266725212 -0.0291220397 0.963332534 -0.266725212 -0.0291220397 0.963332534 -0.266725212 0.0369896963 0.994398892 -0.0990082175 0.0369896963 0.994398892 -0.0990082175 0.0369896963 0.994398892 -0.0990082175 0.0362221152 0.963025749 -0.266963273 0.0362221152 0.963025749 -0.266963273 0.0362221152 0.963025749 -0.266963273 0.0398255251 0.964550674 -0.260875195 0.0398255251 0.964550674 -0.260875195 0.0398255251 0.964550674 -0.260875195 -0.0239491034 0.531877041 -0.846482873 -0.0239491034 0.531877041 -0.846482873 -0.0239491034 0.531877041 -0.846482873 0.164119482 0.697518766 -0.697518706 0.164119482 0.697518766 -0.697518706 0.164119482 0.697518766 -0.697518706 0.051826559 0.855665028 -0.51492846 0.051826559 0.855665028 -0.51492846 0.051826559 0.855665028 -0.51492846 0.0970244333 0.872532129 -0.478825569 0.0970244333 0.872532129 -0.478825569 0.0970244333 0.872532129 -0.478825569 -0.00585959665 0.644140661 -0.764884591 -0.00585959665 0.644140661 -0.764884591 -0.00585959665 0.644140661 -0.764884591 -0.0296438131 0.330135077 -0.943468153 -0.0296438131 0.330135077 -0.943468153 -0.0296438131 0.330135077 -0.943468153 0.0156947915 0.423802882 -0.905618429 0.0156947915 0.423802882 -0.905618429 0.0156947915 0.423802882 -0.905618429 -0.0154858939 0.424201459 -0.905435383 -0.0154858939 0.424201459 -0.905435383 -0.0154858939 0.424201459 -0.905435383 0.109256439 0.552733719 -0.826164961 0.109256439 0.552733719 -0.826164961 0.109256439 0.552733719 -0.826164961 0.0233268328 0.367735654 -0.92963773 0.0233268328 0.367735654 -0.92963773 0.0233268328 0.367735654 -0.92963773 -0.00147995062 0.111964449 -0.993711174 -0.00147995062 0.111964449 -0.993711174 -0.00147995062 0.111964449 -0.993711174 0.00522281649 0.103139549 -0.994653225 0.00522281649 0.103139549 -0.994653225 0.00522281649 0.103139549 -0.994653225 -0.0240317937 0.267860413 -0.963157952 -0.0240317937 0.267860413 -0.963157952 -0.0240317937 0.267860413 -0.963157952 0.00514994701 0.285462826 -0.95837599 0.00514994701 0.285462826 -0.95837599 0.00514994701 0.285462826 -0.95837599 0.262088746 0.74791342 -0.609864593 0.262088746 0.74791342 -0.609864593 0.262088746 0.74791342 -0.609864593 0.0495119728 0.579691827 -0.813330173 0.0495119728 0.579691827 -0.813330173 0.0495119728 0.579691827 -0.813330173 0.061768312 0.588040709 -0.806469321 0.061768312 0.588040709 -0.806469321 0.061768312 0.588040709 -0.806469321 0.196212277 0.559924126 -0.804975688 0.196212277 0.559924126 -0.804975688 0.196212277 0.559924126 -0.804975688 0.146490917 0.588951886 -0.794780552 0.146490917 0.588951886 -0.794780552 0.146490917 0.588951886 -0.794780552 0.356954634 0.732606411 -0.579544008 0.356954634 0.732606411 -0.579544008 0.356954634 0.732606411 -0.579544008 0.352539599 0.731759727 -0.583303988 0.352539599 0.731759727 -0.583303988 0.352539599 0.731759727 -0.583303988 0.26471439 0.549460292 -0.792476892 0.26471439 0.549460292 -0.792476892 0.26471439 0.549460292 -0.792476892 0.197788462 0.557357252 -0.80636996 0.197788462 0.557357252 -0.80636996 0.197788462 0.557357252 -0.80636996 0.42217651 0.670411229 -0.610176802 0.42217651 0.670411229 -0.610176802 0.42217651 0.670411229 -0.610176802 0.508824825 0.635695457 -0.5805071 0.508824825 0.635695457 -0.5805071 0.508824825 0.635695457 -0.5805071 0.50847429 0.635700226 -0.580808997 0.50847429 0.635700226 -0.580808997 0.50847429 0.635700226 -0.580808997 0.312817544 0.497998297 -0.808790982 0.312817544 0.497998297 -0.808790982 0.312817544 0.497998297 -0.808790982 0.313693881 0.498142183 -0.808362961 0.313693881 0.498142183 -0.808362961 0.313693881 0.498142183 -0.808362961 0.381255507 0.476317912 -0.792316616 0.381255507 0.476317912 -0.792316616 0.381255507 0.476317912 -0.792316616 0.561493158 0.558952093 -0.610162079 0.561493158 0.558952093 -0.610162079 0.561493158 0.558952093 -0.610162079 0.41765976 0.415769577 -0.807896018 0.41765976 0.415769577 -0.807896018 0.41765976 0.415769577 -0.807896018 0.633964956 0.511358321 -0.580173314 0.633964956 0.511358321 -0.580173314 0.633964956 0.511358321 -0.580173314 0.634356797 0.50278914 -0.587192059 0.634356797 0.50278914 -0.587192059 0.634356797 0.50278914 -0.587192059 0.671355844 0.422588557 -0.608851612 0.671355844 0.422588557 -0.608851612 0.671355844 0.422588557 -0.608851612 0.727799714 0.365179837 -0.580474973 0.727799714 0.365179837 -0.580474973 0.727799714 0.365179837 -0.580474973 0.500337899 0.314940482 -0.806519985 0.500337899 0.314940482 -0.806519985 0.500337899 0.314940482 -0.806519985 0.478147417 0.378978014 -0.792307198 0.478147417 0.378978014 -0.792307198 0.478147417 0.378978014 -0.792307198 0.417799175 0.413456708 -0.809010148 0.417799175 0.413456708 -0.809010148 0.417799175 0.413456708 -0.809010148 0.725903749 0.352600813 -0.590539098 0.725903749 0.352600813 -0.590539098 0.725903749 0.352600813 -0.590539098 0.770212352 0.233981565 -0.593317389 0.770212352 0.233981565 -0.593317389 0.770212352 0.233981565 -0.593317389 0.74766916 0.265980959 -0.608477533 0.74766916 0.265980959 -0.608477533 0.74766916 0.265980959 -0.608477533 0.499512643 0.307979345 -0.809713483 0.499512643 0.307979345 -0.809713483 0.499512643 0.307979345 -0.809713483 0.548695147 0.266523391 -0.792400777 0.548695147 0.266523391 -0.792400777 0.548695147 0.266523391 -0.792400777 0.55928266 0.198963106 -0.80474627 0.55928266 0.198963106 -0.80474627 0.55928266 0.198963106 -0.80474627 0.997000754 0.045269452 -0.0627701804 0.997000754 0.045269452 -0.0627701804 0.997000754 0.045269452 -0.0627701804 0.993690073 0.00667634094 -0.111962065 0.993690073 0.00667634094 -0.111962065 0.993690073 0.00667634094 -0.111962065 0.769596696 0.194276363 -0.60825783 0.769596696 0.194276363 -0.60825783 0.769596696 0.194276363 -0.60825783 0.943454683 -0.0301190112 -0.330130368 0.943454683 -0.0301190112 -0.330130368 0.943454683 -0.0301190112 -0.330130368 0.963692963 -0.0108829811 -0.266790926 0.963692963 -0.0108829811 -0.266790926 0.963692963 -0.0108829811 -0.266790926 0.929065466 0.0334411785 -0.368400604 0.929065466 0.0334411785 -0.368400604 0.929065466 0.0334411785 -0.368400604 0.95965296 0.010904965 -0.280975789 0.95965296 0.010904965 -0.280975789 0.95965296 0.010904965 -0.280975789 0.846445322 -0.0257320274 -0.531853437 0.846445322 -0.0257320274 -0.531853437 0.846445322 -0.0257320274 -0.531853437 0.69607389 0.175960988 -0.696073771 0.69607389 0.175960988 -0.696073771 0.69607389 0.175960988 -0.696073771 0.905439734 0.0177440979 -0.424103767 0.905439734 0.0177440979 -0.424103767 0.905439734 0.0177440979 -0.424103767 0.763530612 -0.00239432603 -0.645767152 0.763530612 -0.00239432603 -0.645767152 0.763530612 -0.00239432603 -0.645767152 0.905611336 -0.00804146007 -0.42403236 0.905611336 -0.00804146007 -0.42403236 0.905611336 -0.00804146007 -0.42403236 0.111571908 0.0836761966 -0.990227282 0.111571908 0.0836761966 -0.990227282 0.111571908 0.0836761966 -0.990227282 0.159406275 0.00351833319 -0.987206757 0.159406275 0.00351833319 -0.987206757 0.159406275 0.00351833319 -0.987206757 0.512278795 0.0204007365 -0.858576834 0.512278795 0.0204007365 -0.858576834 0.512278795 0.0204007365 -0.858576834 0.111393809 -0.0839328691 -0.990225613 0.111393809 -0.0839328691 -0.990225613 0.111393809 -0.0839328691 -0.990225613 0.264388204 0.0105173923 -0.964359045 0.264388204 0.0105173923 -0.964359045 0.264388204 0.0105173923 -0.964359045 0.52924031 0.102265604 -0.842286468 0.52924031 0.102265604 -0.842286468 0.52924031 0.102265604 -0.842286468 0.329931229 -0.0459591299 -0.942885518 0.329931229 -0.0459591299 -0.942885518 0.329931229 -0.0459591299 -0.942885518 0.510433912 0.0426025875 -0.85886091 0.510433912 0.0426025875 -0.85886091 0.510433912 0.0426025875 -0.85886091 0.465220213 0.0955562145 -0.880022228 0.465220213 0.0955562145 -0.880022228 0.465220213 0.0955562145 -0.880022228 0.306080461 -0.0177810211 -0.951839507 0.306080461 -0.0177810211 -0.951839507 0.306080461 -0.0177810211 -0.951839507 0.0965331048 0.9577353 -0.270969361 0.0965331048 0.9577353 -0.270969361 0.0965331048 0.9577353 -0.270969361 0.158885986 0.983851314 -0.0824122503 0.158885986 0.983851314 -0.0824122503 0.158885986 0.983851314 -0.0824122503 0.134615123 0.983788252 -0.118488178 0.134615123 0.983788252 -0.118488178 0.134615123 0.983788252 -0.118488178 0.125633836 0.965388954 -0.228561312 0.125633836 0.965388954 -0.228561312 0.125633836 0.965388954 -0.228561312 0.155578598 0.947247446 -0.280209899 0.155578598 0.947247446 -0.280209899 0.155578598 0.947247446 -0.280209899 0.247673407 0.885251403 -0.393684924 0.247673407 0.885251403 -0.393684924 0.247673407 0.885251403 -0.393684924 0.141262844 0.916835606 -0.373439908 0.141262844 0.916835606 -0.373439908 0.141262844 0.916835606 -0.373439908 0.0979963019 0.896590173 -0.431882769 0.0979963019 0.896590173 -0.431882769 0.0979963019 0.896590173 -0.431882769 0.0737037957 0.900787652 -0.427959651 0.0737037957 0.900787652 -0.427959651 0.0737037957 0.900787652 -0.427959651 -0.0219432302 0.868527353 -0.495155394 -0.0219432302 0.868527353 -0.495155394 -0.0219432302 0.868527353 -0.495155394 0.116260529 0.754739165 -0.645640969 0.116260529 0.754739165 -0.645640969 0.116260529 0.754739165 -0.645640969 0.0331480913 0.881298125 -0.471396625 0.0331480913 0.881298125 -0.471396625 0.0331480913 0.881298125 -0.471396625 -0.0684949532 0.821015 -0.566782832 -0.0684949532 0.821015 -0.566782832 -0.0684949532 0.821015 -0.566782832 0.250561714 0.959187567 -0.131064937 0.250561714 0.959187567 -0.131064937 0.250561714 0.959187567 -0.131064937 0.253193647 0.888234377 -0.383317977 0.253193647 0.888234377 -0.383317977 0.253193647 0.888234377 -0.383317977 0.230602011 0.920703948 -0.314844131 0.230602011 0.920703948 -0.314844131 0.230602011 0.920703948 -0.314844131 0.26423645 0.956286311 -0.12528187 0.26423645 0.956286311 -0.12528187 0.26423645 0.956286311 -0.12528187 0.348718196 0.93721664 -0.00454014912 0.348718196 0.93721664 -0.00454014912 0.348718196 0.93721664 -0.00454014912 0.216927439 0.776678324 -0.591365695 0.216927439 0.776678324 -0.591365695 0.216927439 0.776678324 -0.591365695 0.129196241 0.814356923 -0.565801263 0.129196241 0.814356923 -0.565801263 0.129196241 0.814356923 -0.565801263 0.128799662 0.8764714 -0.463905662 0.128799662 0.8764714 -0.463905662 0.128799662 0.8764714 -0.463905662 0.148206413 0.774577498 -0.614869595 0.148206413 0.774577498 -0.614869595 0.148206413 0.774577498 -0.614869595 0.191582188 0.770184457 -0.608368397 0.191582188 0.770184457 -0.608368397 0.191582188 0.770184457 -0.608368397 0.227481842 0.865239382 -0.446780473 0.227481842 0.865239382 -0.446780473 0.227481842 0.865239382 -0.446780473 0.332380444 0.912789762 -0.237356484 0.332380444 0.912789762 -0.237356484 0.332380444 0.912789762 -0.237356484 0.31924507 0.87671721 -0.359790921 0.31924507 0.87671721 -0.359790921 0.31924507 0.87671721 -0.359790921 0.418177426 0.899742007 -0.124867827 0.418177426 0.899742007 -0.124867827 0.418177426 0.899742007 -0.124867827 0.387093037 0.794462264 -0.467962325 0.387093037 0.794462264 -0.467962325 0.387093037 0.794462264 -0.467962325 0.330234885 0.870217323 -0.36560449 0.330234885 0.870217323 -0.36560449 0.330234885 0.870217323 -0.36560449 0.484377623 0.794481456 -0.36630249 0.484377623 0.794481456 -0.36630249 0.484377623 0.794481456 -0.36630249 0.437249094 0.888913333 -0.136551574 0.437249094 0.888913333 -0.136551574 0.437249094 0.888913333 -0.136551574 0.427491248 0.869075894 -0.248913959 0.427491248 0.869075894 -0.248913959 0.427491248 0.869075894 -0.248913959 0.537585795 0.843206763 -0.00195667078 0.537585795 0.843206763 -0.00195667078 0.537585795 0.843206763 -0.00195667078 0.461804271 0.878246546 -0.124176353 0.461804271 0.878246546 -0.124176353 0.461804271 0.878246546 -0.124176353 0.600123644 0.790144145 -0.124595217 0.600123644 0.790144145 -0.124595217 0.600123644 0.790144145 -0.124595217 0.52074784 0.819747031 -0.238404125 0.52074784 0.819747031 -0.238404125 0.52074784 0.819747031 -0.238404125 0.500392437 0.78770411 -0.359346181 0.500392437 0.78770411 -0.359346181 0.500392437 0.78770411 -0.359346181 0.512415946 0.776670873 -0.366349936 0.512415946 0.776670873 -0.366349936 0.512415946 0.776670873 -0.366349936 0.551815748 0.689886212 -0.468568444 0.551815748 0.689886212 -0.468568444 0.551815748 0.689886212 -0.468568444 0.645614564 0.670345426 -0.36581251 0.645614564 0.670345426 -0.36581251 0.645614564 0.670345426 -0.36581251 0.604658306 0.756704092 -0.248570353 0.604658306 0.756704092 -0.248570353 0.604658306 0.756704092 -0.248570353 0.618390977 0.773889899 -0.136700779 0.618390977 0.773889899 -0.136700779 0.618390977 0.773889899 -0.136700779 0.702866554 0.711320639 -0.00129245105 0.702866554 0.711320639 -0.00129245105 0.702866554 0.711320639 -0.00129245105 0.638001144 0.759920061 -0.124403253 0.638001144 0.759920061 -0.124403253 0.638001144 0.759920061 -0.124403253 0.0216479395 0.121079251 -0.992406785 0.0216479395 0.121079251 -0.992406785 0.0216479395 0.121079251 -0.992406785 0.0582803525 0.366111785 -0.928744078 0.0582803525 0.366111785 -0.928744078 0.0582803525 0.366111785 -0.928744078 0.0613948517 0.370854616 -0.926659346 0.0613948517 0.370854616 -0.926659346 0.0613948517 0.370854616 -0.926659346 0.0255368762 0.266178519 -0.963585436 0.0255368762 0.266178519 -0.963585436 0.0255368762 0.266178519 -0.963585436 0.753931522 0.645102739 -0.124216713 0.753931522 0.645102739 -0.124216713 0.753931522 0.645102739 -0.124216713 0.657702327 0.662016213 -0.359391153 0.657702327 0.662016213 -0.359391153 0.657702327 0.662016213 -0.359391153 0.684485078 0.6889745 -0.238315701 0.684485078 0.6889745 -0.238315701 0.684485078 0.6889745 -0.238315701 0.0864427239 0.357694387 -0.92982924 0.0864427239 0.357694387 -0.92982924 0.0864427239 0.357694387 -0.92982924 0.143864289 0.405406773 -0.902745008 0.143864289 0.405406773 -0.902745008 0.143864289 0.405406773 -0.902745008 0.0381032676 0.358383894 -0.932796419 0.0381032676 0.358383894 -0.932796419 0.0381032676 0.358383894 -0.932796419 0.0183359329 0.0765238926 -0.996899128 0.0183359329 0.0765238926 -0.996899128 0.0183359329 0.0765238926 -0.996899128 0.114112139 0.111755989 -0.987162054 0.114112139 0.111755989 -0.987162054 0.114112139 0.111755989 -0.987162054 0.0484286211 0.200421944 -0.978511989 0.0484286211 0.200421944 -0.978511989 0.0484286211 0.200421944 -0.978511989 -0.0510184579 0.154897898 -0.98661226 -0.0510184579 0.154897898 -0.98661226 -0.0510184579 0.154897898 -0.98661226 0.831163704 0.55579561 -0.0160651486 0.831163704 0.55579561 -0.0160651486 0.831163704 0.55579561 -0.0160651486 0.688883543 0.555655837 -0.465495497 0.688883543 0.555655837 -0.465495497 0.688883543 0.555655837 -0.465495497 0.666468203 0.649887145 -0.365331113 0.666468203 0.649887145 -0.365331113 0.666468203 0.649887145 -0.365331113 0.77829963 0.614534557 -0.128829315 0.77829963 0.614534557 -0.128829315 0.77829963 0.614534557 -0.128829315 0.769004822 0.624619961 -0.135946482 0.769004822 0.624619961 -0.135946482 0.769004822 0.624619961 -0.135946482 0.774078548 0.517160118 -0.365168035 0.774078548 0.517160118 -0.365168035 0.774078548 0.517160118 -0.365168035 0.751462579 0.610371411 -0.250500888 0.751462579 0.610371411 -0.250500888 0.751462579 0.610371411 -0.250500888 0.0400990136 0.117259987 -0.992291391 0.0400990136 0.117259987 -0.992291391 0.0400990136 0.117259987 -0.992291391 0.189758435 0.298612177 -0.935319424 0.189758435 0.298612177 -0.935319424 0.189758435 0.298612177 -0.935319424 0.0904363394 0.264459461 -0.960147083 0.0904363394 0.264459461 -0.960147083 0.0904363394 0.264459461 -0.960147083 0.813477576 0.533282697 -0.232085675 0.813477576 0.533282697 -0.232085675 0.813477576 0.533282697 -0.232085675 0.779757023 0.511176884 -0.361492991 0.779757023 0.511176884 -0.361492991 0.779757023 0.511176884 -0.361492991 0.869914532 0.476603359 -0.126877755 0.869914532 0.476603359 -0.126877755 0.869914532 0.476603359 -0.126877755 0.0324604213 0.0695071742 -0.997053206 0.0324604213 0.0695071742 -0.997053206 0.0324604213 0.0695071742 -0.997053206 -0.00337263942 0.152951643 -0.988227904 -0.00337263942 0.152951643 -0.988227904 -0.00337263942 0.152951643 -0.988227904 0.118380301 0.093035616 -0.988600254 0.118380301 0.093035616 -0.988600254 0.118380301 0.093035616 -0.988600254 0.156315431 0.331327647 -0.930476964 0.156315431 0.331327647 -0.930476964 0.156315431 0.331327647 -0.930476964 0.0893277228 0.189339891 -0.977839947 0.0893277228 0.189339891 -0.977839947 0.0893277228 0.189339891 -0.977839947 0.231758758 0.368954569 -0.900089145 0.231758758 0.368954569 -0.900089145 0.231758758 0.368954569 -0.900089145 0.120686531 0.336845994 -0.933793128 0.120686531 0.336845994 -0.933793128 0.120686531 0.336845994 -0.933793128 0.923211575 0.384030014 -0.0141871199 0.923211575 0.384030014 -0.0141871199 0.923211575 0.384030014 -0.0141871199 0.884485185 0.448427826 -0.128834784 0.884485185 0.448427826 -0.128834784 0.884485185 0.448427826 -0.128834784 0.879401267 0.456646144 -0.134639531 0.879401267 0.456646144 -0.134639531 0.879401267 0.456646144 -0.134639531 0.792208195 0.397497386 -0.463035643 0.792208195 0.397497386 -0.463035643 0.792208195 0.397497386 -0.463035643 0.785929382 0.498471141 -0.365843564 0.785929382 0.498471141 -0.365843564 0.785929382 0.498471141 -0.365843564 0.865681052 0.344625503 -0.363083571 0.865681052 0.344625503 -0.363083571 0.865681052 0.344625503 -0.363083571 0.858796835 0.445946842 -0.25218907 0.858796835 0.445946842 -0.25218907 0.858796835 0.445946842 -0.25218907 0.0658442229 0.105347782 -0.992253244 0.0658442229 0.105347782 -0.992253244 0.0658442229 0.105347782 -0.992253244 0.249540061 0.25453195 -0.934314311 0.249540061 0.25453195 -0.934314311 0.249540061 0.25453195 -0.934314311 0.147297964 0.23567012 -0.960605443 0.147297964 0.23567012 -0.960605443 0.147297964 0.23567012 -0.960605443 0.904361784 0.357411683 -0.233209684 0.904361784 0.357411683 -0.233209684 0.904361784 0.357411683 -0.233209684 0.947345376 0.294312149 -0.126162961 0.947345376 0.294312149 -0.126162961 0.947345376 0.294312149 -0.126162961 0.94878304 0.288948268 -0.127748206 0.94878304 0.288948268 -0.127748206 0.94878304 0.288948268 -0.127748206 0.977919161 0.207414329 -0.0255650561 0.977919161 0.207414329 -0.0255650561 0.977919161 0.207414329 -0.0255650561 0.949617922 0.286538959 -0.12696889 0.949617922 0.286538959 -0.12696889 0.949617922 0.286538959 -0.12696889 0.863856435 0.262429565 -0.42997992 0.863856435 0.262429565 -0.42997992 0.863856435 0.262429565 -0.42997992 0.861240745 0.351341695 -0.367183179 0.861240745 0.351341695 -0.367183179 0.861240745 0.351341695 -0.367183179 0.876143694 0.346259683 -0.335375011 0.876143694 0.346259683 -0.335375011 0.876143694 0.346259683 -0.335375011 0.920178831 0.280236989 -0.273382694 0.920178831 0.280236989 -0.273382694 0.920178831 0.280236989 -0.273382694 0.0479336455 0.059702564 -0.99706465 0.0479336455 0.059702564 -0.99706465 0.0479336455 0.059702564 -0.99706465 0.0335730612 0.146990433 -0.988568008 0.0335730612 0.146990433 -0.988568008 0.0335730612 0.146990433 -0.988568008 0.229219511 0.285604328 -0.930531323 0.229219511 0.285604328 -0.930531323 0.229219511 0.285604328 -0.930531323 0.136856794 0.0645049289 -0.988488436 0.136856794 0.0645049289 -0.988488436 0.136856794 0.0645049289 -0.988488436 0.131183952 0.1634534 -0.977790296 0.131183952 0.1634534 -0.977790296 0.131183952 0.1634534 -0.977790296 0.194403082 0.298558801 -0.934382141 0.194403082 0.298558801 -0.934382141 0.194403082 0.298558801 -0.934382141 0.309667587 0.306448996 -0.900108337 0.309667587 0.306448996 -0.900108337 0.309667587 0.306448996 -0.900108337 0.950229347 0.211693913 -0.228582114 0.950229347 0.211693913 -0.228582114 0.950229347 0.211693913 -0.228582114 0.909928024 0.189459831 -0.368966073 0.909928024 0.189459831 -0.368966073 0.909928024 0.189459831 -0.368966073 0.921376824 0.205266103 -0.330046207 0.921376824 0.205266103 -0.330046207 0.921376824 0.205266103 -0.330046207 0.982545793 0.129487455 -0.133554146 0.982545793 0.129487455 -0.133554146 0.982545793 0.129487455 -0.133554146 0.0885186344 0.0871458501 -0.992255032 0.0885186344 0.0871458501 -0.992255032 0.0885186344 0.0871458501 -0.992255032 0.302069515 0.191584572 -0.933835745 0.302069515 0.191584572 -0.933835745 0.302069515 0.191584572 -0.933835745 0.198096648 0.19502449 -0.960584819 0.198096648 0.19502449 -0.960584819 0.198096648 0.19502449 -0.960584819 0.987501025 0.0877987146 -0.130893216 0.987501025 0.0877987146 -0.130893216 0.987501025 0.0877987146 -0.130893216 0.961820006 0.0607548952 -0.266854107 0.961820006 0.0607548952 -0.266854107 0.961820006 0.0607548952 -0.266854107 0.982851565 0.124106251 -0.136383429 0.982851565 0.124106251 -0.136383429 0.982851565 0.124106251 -0.136383429 0.0659449473 0.134137958 -0.988766015 0.0659449473 0.134137958 -0.988766015 0.0659449473 0.134137958 -0.988766015 0.060702648 0.0466351882 -0.997065902 0.060702648 0.0466351882 -0.997065902 0.060702648 0.0466351882 -0.997065902 0.289235294 0.224615872 -0.930532455 0.289235294 0.224615872 -0.930532455 0.289235294 0.224615872 -0.930532455 0.165581584 0.128588229 -0.977776945 0.165581584 0.128588229 -0.977776945 0.165581584 0.128588229 -0.977776945 0.148902327 0.0316487588 -0.988345265 0.148902327 0.0316487588 -0.988345265 0.148902327 0.0316487588 -0.988345265 0.255183309 0.246067286 -0.935057342 0.255183309 0.246067286 -0.935057342 0.255183309 0.246067286 -0.935057342 0.369965583 0.228105843 -0.900607169 0.369965583 0.228105843 -0.900607169 0.369965583 0.228105843 -0.900607169 0.106273994 0.0641819388 -0.992263317 0.106273994 0.0641819388 -0.992263317 0.106273994 0.0641819388 -0.992263317 0.238181844 0.143844903 -0.960509241 0.238181844 0.143844903 -0.960509241 0.238181844 0.143844903 -0.960509241 0.340212435 0.116326898 -0.933125675 0.340212435 0.116326898 -0.933125675 0.340212435 0.116326898 -0.933125675 0.558326483 0.196043432 -0.806125641 0.558326483 0.196043432 -0.806125641 0.558326483 0.196043432 -0.806125641 0.598195553 0.15100798 -0.786993444 0.598195553 0.15100798 -0.786993444 0.598195553 0.15100798 -0.786993444 0.0934313983 0.113698959 -0.989112318 0.0934313983 0.113698959 -0.989112318 0.0934313983 0.113698959 -0.989112318 0.0701260343 0.0305981245 -0.997068763 0.0701260343 0.0305981245 -0.997068763 0.0701260343 0.0305981245 -0.997068763 0.333738983 0.151063085 -0.930482805 0.333738983 0.151063085 -0.930482805 0.333738983 0.151063085 -0.930482805 0.191061333 0.0864816979 -0.977760971 0.191061333 0.0864816979 -0.977760971 0.191061333 0.0864816979 -0.977760971 0.154831022 -0.004021117 -0.987932801 0.154831022 -0.004021117 -0.987932801 0.154831022 -0.004021117 -0.987932801 0.344832957 0.140445665 -0.928097606 0.344832957 0.140445665 -0.928097606 0.344832957 0.140445665 -0.928097606 0.442218333 0.146409452 -0.884877026 0.442218333 0.146409452 -0.884877026 0.442218333 0.146409452 -0.884877026 0.602694392 0.11192508 -0.790083766 0.602694392 0.11192508 -0.790083766 0.602694392 0.11192508 -0.790083766 0.421434551 0.0412666686 -0.905919373 0.421434551 0.0412666686 -0.905919373 0.421434551 0.0412666686 -0.905919373 0.451183707 0.0726629198 -0.889468014 0.451183707 0.0726629198 -0.889468014 0.451183707 0.0726629198 -0.889468014 0.612334549 0.10015393 -0.784229338 0.612334549 0.10015393 -0.784229338 0.612334549 0.10015393 -0.784229338 0.531275392 -0.122937843 -0.838231921 0.531275392 -0.122937843 -0.838231921 0.531275392 -0.122937843 -0.838231921 0.131130874 0.0223088022 -0.99111402 0.131130874 0.0223088022 -0.99111402 0.131130874 0.0223088022 -0.99111402 0.328191012 0.116658404 -0.937380075 0.328191012 0.116658404 -0.937380075 0.328191012 0.116658404 -0.937380075 0.131112993 0.0230011884 -0.99110055 0.131112993 0.0230011884 -0.99110055 0.131112993 0.0230011884 -0.99110055 0.327973187 0.0553496033 -0.943064153 0.327973187 0.0553496033 -0.943064153 0.327973187 0.0553496033 -0.943064153 0.103304379 0.0386827029 -0.993897259 0.103304379 0.0386827029 -0.993897259 0.103304379 0.0386827029 -0.993897259 0.262643129 0.0352969505 -0.964247227 0.262643129 0.0352969505 -0.964247227 0.262643129 0.0352969505 -0.964247227 0.909946144 0.157208338 -0.383775443 0.909946144 0.157208338 -0.383775443 0.909946144 0.157208338 -0.383775443 0.783883393 0.157258004 -0.600663662 0.783883393 0.157258004 -0.600663662 0.783883393 0.157258004 -0.600663662 0.911534905 0.152059153 -0.382076204 0.911534905 0.152059153 -0.382076204 0.911534905 0.152059153 -0.382076204 0.771286607 0.0937029049 -0.629552841 0.771286607 0.0937029049 -0.629552841 0.771286607 0.0937029049 -0.629552841 0.765870452 0.10582386 -0.634226918 0.765870452 0.10582386 -0.634226918 0.765870452 0.10582386 -0.634226918 0.91329813 0.0953597575 -0.395970851 0.91329813 0.0953597575 -0.395970851 0.91329813 0.0953597575 -0.395970851 0.923601031 0.0778141767 -0.375374496 0.923601031 0.0778141767 -0.375374496 0.923601031 0.0778141767 -0.375374496 0.90805608 0.124589853 -0.39988929 0.90805608 0.124589853 -0.39988929 0.90805608 0.124589853 -0.39988929 0.78283596 0.00356717338 -0.622217953 0.78283596 0.00356717338 -0.622217953 0.78283596 0.00356717338 -0.622217953 0.925868332 0.0867475048 -0.367753446 0.925868332 0.0867475048 -0.367753446 0.925868332 0.0867475048 -0.367753446 0.784327567 0.0339243338 -0.619418561 0.784327567 0.0339243338 -0.619418561 0.784327567 0.0339243338 -0.619418561 0.881737828 0.0339105166 -0.470519453 0.881737828 0.0339105166 -0.470519453 0.881737828 0.0339105166 -0.470519453 1 0 0 1 0 0 1 0 0 1 0 0 1 0 0 1 0 0 1 0 0 1 0 0 1 0 0 1 0 -0 1 0 -0 1 0 -0 1 0 0 1 0 0 1 0 0 1 0 0 1 0 0 1 0 0 1 0 -0 1 0 -0 1 0 -0 1 0 0 1 0 0 1 0 0 1 0 0 1 0 0 1 0 0 1 0 -0 1 0 -0 1 0 -0 1 0 0 1 0 0 1 0 0 1 0 -0 1 0 -0 1 0 -0 1 0 0 1 0 0 1 0 0 1 0 0 1 0 0 1 0 0 1 0 0 1 0 0 1 0 0 1 0 0 1 0 0 1 0 0 1 0 -0 1 0 -0 1 0 -0 1 0 0 1 0 0 1 0 0 1 0 0 1 0 0 1 0 0 1 0 0 1 0 0 1 0 0 1 0 0 1 0 0 1 0 0 1 0 0 1 0 0 1 0 0 1 0 0 1 0 0 1 0 0 1 0 -0 1 0 -0 1 0 -0 1 0 0 1 0 0 1 0 0 1 0 -0 1 0 -0 1 0 -0 1 0 0 1 0 0 1 0 0 1 0 0 1 0 0 1 0 0 1 0 -0 1 0 -0 1 0 -0 1 0 0 1 0 0 1 0 0 1 0 0 1 0 0 1 0 0 1 0 0 1 0 0 1 0 0 1 0 0 1 0 0 1 0 0 1 0 0 1 0 0 1 0 0 1 0 0 1 0 0 1 0 0 1 0 0 1 0 0 1 0 0 1 0 0 1 0 0 1 0 0 1 0 0 1 0 0 1 0 0 1 0 0 1 0 0 1 0 0 1 0 0 1 0 0 1 0 0 1 0 0 1 0 0 1 0 0 1 0 0 1 0 0 1 0 0 1 0 0 1 0 0 1 0 0 1 0 0 1 0 0 1 0 0 1 0 0 1 0 0 1 0 0 1 0 0 1 0 0 1 0 0 1 0 0 1 0 0 1 0 0 1 0 0 1 0 0 1 0 0 1 0 0 1 0 0 1 0 0 1 0 0 1 0 0 1 0 0 1 0 -0 1 0 -0 1 0 -0 1 0 0 1 0 0 1 0 0 1 0 0 1 0 0 1 0 0 1 0 0 1 0 0 1 0 0 1 0 0 1 0 0 1 0 0 1 0 0 1 0 0 1 0 0 1 0 0 1 0 0 1 0 0 1 0 0 1 0 0 1 0 0 1 0 -0 1 0 -0 1 0 -0 1 0 0 1 0 0 1 0 0 1 0 0 1 0 0 1 0 0 1 0 -0 1 0 -0 1 0 -0 1 0 -0 1 0 -0 1 0 -0 1 0 -0 1 0 -0 1 0 -0 1 0 -0 1 0 -0 1 0 -0 1 0 0 1 0 0 1 0 0 1 0 0 1 0 0 1 0 0 1 0 0 1 0 0 1 0 0 1 0 0 1 0 0 1 0 0 1 0 0 1 0 0 1 0 0 1 0 0 1 0 0 1 0 0 1 0 0 1 0 0 1 0 0 1 0 0 1 0 0 1 0 0 1 0 0 1 0 0 1 0 0 1 0 0 1 0 0 1 0 0 1 0 0 1 0 0 1 0 0 1 0 -0 1 0 -0 1 0 -0 1 0 0 1 0 0 1 0 0 1 0 0 1 0 0 1 0 0 1 0 -0 1 0 -0 1 0 -0 1 0 0 1 0 0 1 0 0 1 0 0 1 0 0 1 0 0 1 0 0 1 0 0 1 0 0 1 0 0 1 0 0 1 0 0 1 0 -0 1 0 -0 1 0 -0 1 0 0 1 0 0 1 0 0 1 0 0 1 0 0 1 0 0 1 0 0 1 0 0 1 0 0 1 0 0 1 0 0 1 0 0 1 0 -0 1 0 -0 1 0 -0 1 0 0 1 0 0 1 0 0 1 0 0 1 0 0 1 0 0 1 0 0 1 0 0 1 0 0 1 0 0 1 0 0 1 0 0 -0 -0.634393871 -0.773009956 -0 -0.634393871 -0.773009956 -0 -0.634393871 -0.773009956 0 -0.634393871 -0.773009956 0 -0.634393871 -0.773009956 0 -0.634393871 -0.773009956 0 -0.471401095 -0.881918967 0 -0.471401095 -0.881918967 0 -0.471401095 -0.881918967 -0 -0.471401095 -0.881918967 -0 -0.471401095 -0.881918967 -0 -0.471401095 -0.881918967 0 -0.290285528 -0.956940114 0 -0.290285528 -0.956940114 0 -0.290285528 -0.956940114 -0 -0.290285528 -0.956940114 -0 -0.290285528 -0.956940114 -0 -0.290285528 -0.956940114 0 -0.0980096459 -0.995185494 0 -0.0980096459 -0.995185494 0 -0.0980096459 -0.995185494 -0 -0.0980096459 -0.995185494 -0 -0.0980096459 -0.995185494 -0 -0.0980096459 -0.995185494 -0 -0.707106769 -0.707106769 -0 -0.707106769 -0.707106769 -0 -0.707106769 -0.707106769 0 -0.707106769 -0.707106769 0 -0.707106769 -0.707106769 0 -0.707106769 -0.707106769 -0 -0.9951846 -0.09801846 -0 -0.9951846 -0.09801846 -0 -0.9951846 -0.09801846 0 -0.9951846 -0.09801846 0 -0.9951846 -0.09801846 0 -0.9951846 -0.09801846 0 -0.95694077 -0.290283293 0 -0.95694077 -0.290283293 0 -0.95694077 -0.290283293 0 -0.881924152 -0.47139141 0 -0.881924152 -0.47139141 0 -0.881924152 -0.47139141 -0 -0.95694077 -0.290283293 -0 -0.95694077 -0.290283293 -0 -0.95694077 -0.290283293 0 -0.881924152 -0.47139141 0 -0.881924152 -0.47139141 0 -0.881924152 -0.47139141 0 -0.773009956 -0.634393871 0 -0.773009956 -0.634393871 0 -0.773009956 -0.634393871 -0 -0.773009956 -0.634393871 -0 -0.773009956 -0.634393871 -0 -0.773009956 -0.634393871 0 -1 0 0 -1 0 0 -1 0 0 -1 0 0 -1 0 0 -1 0 0 -0.111950547 0.993713737 0 -0.111950547 0.993713737 0 -0.111950547 0.993713737 0 -0.111950547 0.993713737 0 -0.111950547 0.993713737 0 -0.111950547 0.993713737 0 -0.330285251 0.943881094 0 -0.330285251 0.943881094 0 -0.330285251 0.943881094 0 -0.330285251 0.943881094 0 -0.330285251 0.943881094 0 -0.330285251 0.943881094 0 -0.532037795 0.846720636 0 -0.532037795 0.846720636 0 -0.532037795 0.846720636 0 -0.707106769 0.707106769 0 -0.707106769 0.707106769 0 -0.707106769 0.707106769 0 -0.532037795 0.846720636 0 -0.532037795 0.846720636 0 -0.532037795 0.846720636 0 -0.707106769 0.707106769 0 -0.707106769 0.707106769 0 -0.707106769 0.707106769 0 -0.846719801 0.532039106 0 -0.846719801 0.532039106 0 -0.846719801 0.532039106 0 -0.846719801 0.532039106 0 -0.846719801 0.532039106 0 -0.846719801 0.532039106 0 -0.943884909 0.330274522 0 -0.943884909 0.330274522 0 -0.943884909 0.330274522 0 -0.943884909 0.330274522 0 -0.943884909 0.330274522 0 -0.943884909 0.330274522 0 -0.993711948 0.111966148 0 -0.993711948 0.111966148 0 -0.993711948 0.111966148 0 -0.993711948 0.111966148 0 -0.993711948 0.111966148 0 -0.993711948 0.111966148 0 -0 1 0 -0 1 0 -0 1 0 0 1 0 0 1 0 0 1 0 0.993711948 0.111966148 0 0.993711948 0.111966148 0 0.993711948 0.111966148 0 0.993711948 0.111966148 0 0.993711948 0.111966148 0 0.993711948 0.111966148 0 0.943884909 0.330274522 0 0.943884909 0.330274522 0 0.943884909 0.330274522 0 0.943884909 0.330274522 0 0.943884909 0.330274522 0 0.943884909 0.330274522 0 0.846719801 0.532039106 0 0.846719801 0.532039106 0 0.846719801 0.532039106 -0 0.707106769 0.707106769 -0 0.707106769 0.707106769 -0 0.707106769 0.707106769 0 0.846719801 0.532039106 0 0.846719801 0.532039106 0 0.846719801 0.532039106 0 0.707106769 0.707106769 0 0.707106769 0.707106769 0 0.707106769 0.707106769 0 0.532037795 0.846720636 0 0.532037795 0.846720636 0 0.532037795 0.846720636 0 0.532037795 0.846720636 0 0.532037795 0.846720636 0 0.532037795 0.846720636 0 0.330285251 0.943881094 0 0.330285251 0.943881094 0 0.330285251 0.943881094 0 0.330285251 0.943881094 0 0.330285251 0.943881094 0 0.330285251 0.943881094 0 0.111950547 0.993713737 0 0.111950547 0.993713737 0 0.111950547 0.993713737 0 0.111950547 0.993713737 0 0.111950547 0.993713737 0 0.111950547 0.993713737 0 1 0 0 1 0 0 1 0 0 1 0 0 1 0 0 1 0 0 0.111964568 -0.993712127 0 0.111964568 -0.993712127 0 0.111964568 -0.993712127 0 0.111964568 -0.993712127 0 0.111964568 -0.993712127 0 0.111964568 -0.993712127 0 0.330272615 -0.943885565 0 0.330272615 -0.943885565 0 0.330272615 -0.943885565 0 0.330272615 -0.943885565 0 0.330272615 -0.943885565 0 0.330272615 -0.943885565 0 0.532037795 -0.846720636 0 0.532037795 -0.846720636 0 0.532037795 -0.846720636 0 0.707106769 -0.707106769 0 0.707106769 -0.707106769 0 0.707106769 -0.707106769 0 0.532037795 -0.846720636 0 0.532037795 -0.846720636 0 0.532037795 -0.846720636 0 0.707106769 -0.707106769 0 0.707106769 -0.707106769 0 0.707106769 -0.707106769 0 0.846723795 -0.532032728 0 0.846723795 -0.532032728 0 0.846723795 -0.532032728 0 0.846723795 -0.532032728 0 0.846723795 -0.532032728 0 0.846723795 -0.532032728 0 0.943883359 -0.330278933 0 0.943883359 -0.330278933 0 0.943883359 -0.330278933 0 0.943883359 -0.330278933 0 0.943883359 -0.330278933 0 0.943883359 -0.330278933 0 0.993712127 -0.111964568 0 0.993712127 -0.111964568 0 0.993712127 -0.111964568 0 0.993712127 -0.111964568 0 0.993712127 -0.111964568 0 0.993712127 -0.111964568 0 0 -1 0 0 -1 0 0 -1 0 -0 -1 0 -0 -1 0 -0 -1 -0 -0.993712127 -0.111964568 -0 -0.993712127 -0.111964568 -0 -0.993712127 -0.111964568 0 -0.993712127 -0.111964568 0 -0.993712127 -0.111964568 0 -0.993712127 -0.111964568 0 -0.943883359 -0.330278933 0 -0.943883359 -0.330278933 0 -0.943883359 -0.330278933 -0 -0.943883359 -0.330278933 -0 -0.943883359 -0.330278933 -0 -0.943883359 -0.330278933 0 -0.84672457 -0.532031417 0 -0.84672457 -0.532031417 0 -0.84672457 -0.532031417 0 -0.707106769 -0.707106769 0 -0.707106769 -0.707106769 0 -0.707106769 -0.707106769 -0 -0.84672457 -0.532031417 -0 -0.84672457 -0.532031417 -0 -0.84672457 -0.532031417 0 -0.707106769 -0.707106769 0 -0.707106769 -0.707106769 0 -0.707106769 -0.707106769 0 -0.532038569 -0.846720099 0 -0.532038569 -0.846720099 0 -0.532038569 -0.846720099 -0 -0.532038569 -0.846720099 -0 -0.532038569 -0.846720099 -0 -0.532038569 -0.846720099 0 -0.330272615 -0.943885565 0 -0.330272615 -0.943885565 0 -0.330272615 -0.943885565 -0 -0.330272615 -0.943885565 -0 -0.330272615 -0.943885565 -0 -0.330272615 -0.943885565 0 -0.111964568 -0.993712127 0 -0.111964568 -0.993712127 0 -0.111964568 -0.993712127 -0 -0.111964568 -0.993712127 -0 -0.111964568 -0.993712127 -0 -0.111964568 -0.993712127 0 -1 0 0 -1 0 0 -1 0 0 -1 0 0 -1 0 0 -1 0 0 -0.993712127 -0.11196509 0 -0.993712127 -0.11196509 0 -0.993712127 -0.11196509 -0 -0.993712127 -0.11196509 -0 -0.993712127 -0.11196509 -0 -0.993712127 -0.11196509 -0 -0.943883955 -0.330277503 -0 -0.943883955 -0.330277503 -0 -0.943883955 -0.330277503 0 -0.943883955 -0.330277503 0 -0.943883955 -0.330277503 0 -0.943883955 -0.330277503 -0 -0.70710206 -0.707111478 -0 -0.70710206 -0.707111478 -0 -0.70710206 -0.707111478 -0 -0.846725702 -0.532029748 -0 -0.846725702 -0.532029748 -0 -0.846725702 -0.532029748 0 -0.846725702 -0.532029748 0 -0.846725702 -0.532029748 0 -0.846725702 -0.532029748 -0 -0.70710206 -0.707111478 -0 -0.70710206 -0.707111478 -0 -0.70710206 -0.707111478 -0 -0.532031596 -0.84672451 -0 -0.532031596 -0.84672451 -0 -0.532031596 -0.84672451 0 -0.532031596 -0.84672451 0 -0.532031596 -0.84672451 0 -0.532031596 -0.84672451 -0 -0.330277234 -0.943883955 -0 -0.330277234 -0.943883955 -0 -0.330277234 -0.943883955 0 -0.330277234 -0.943883955 0 -0.330277234 -0.943883955 0 -0.330277234 -0.943883955 -0 -0.111978456 -0.993710637 -0 -0.111978456 -0.993710637 -0 -0.111978456 -0.993710637 0 -0.111978456 -0.993710637 0 -0.111978456 -0.993710637 0 -0.111978456 -0.993710637 0 0 -1 0 0 -1 0 0 -1 0 0 -1 0 0 -1 0 0 -1 0 0.102811277 -0.994700909 0 0.102811277 -0.994700909 0 0.102811277 -0.994700909 0 0.30404368 -0.952658057 0 0.30404368 -0.952658057 0 0.30404368 -0.952658057 0 0.102811277 -0.994700909 0 0.102811277 -0.994700909 0 0.102811277 -0.994700909 0 0.492451221 -0.870340109 0 0.492451221 -0.870340109 0 0.492451221 -0.870340109 0 0.30404368 -0.952658057 0 0.30404368 -0.952658057 0 0.30404368 -0.952658057 0 0.660035312 -0.751234472 0 0.660035312 -0.751234472 0 0.660035312 -0.751234472 0 0.492451221 -0.870340109 0 0.492451221 -0.870340109 0 0.492451221 -0.870340109 0 0.660035312 -0.751234472 0 0.660035312 -0.751234472 0 0.660035312 -0.751234472 0 0.733760536 -0.679408252 0 0.733760536 -0.679408252 0 0.733760536 -0.679408252 0 0.733760536 -0.679408252 0 0.733760536 -0.679408252 0 0.733760536 -0.679408252 0 0.102790922 -0.994702935 0 0.102790922 -0.994702935 0 0.102790922 -0.994702935 0 0.102790922 -0.994702935 0 0.102790922 -0.994702935 0 0.102790922 -0.994702935 0 0.304057807 -0.952653587 0 0.304057807 -0.952653587 0 0.304057807 -0.952653587 0 0.304057807 -0.952653587 0 0.304057807 -0.952653587 0 0.304057807 -0.952653587 0 0.492447078 -0.870342433 0 0.492447078 -0.870342433 0 0.492447078 -0.870342433 0 0.492447078 -0.870342433 0 0.492447078 -0.870342433 0 0.492447078 -0.870342433 0 0.66002667 -0.751242161 0 0.66002667 -0.751242161 0 0.66002667 -0.751242161 0 0.66002667 -0.751242161 0 0.66002667 -0.751242161 0 0.66002667 -0.751242161 -0 -0 -1 -0 -0 -1 -0 -0 -1 0 0 -1 0 0 -1 0 0 -1 1 0 0 1 0 0 1 0 0 1 0 0 1 0 0 1 0 0 1 0 0 1 0 0 1 0 0 1 0 0 1 0 0 1 0 0 1 0 0 1 0 0 1 0 0 1 0 0 1 0 0 1 0 0 1 0 0 1 0 0 1 0 0 1 0 0 1 0 0 1 0 0 1 0 0 1 0 0 1 0 0 1 0 0 1 0 0 1 0 0 1 0 0 1 0 0 1 0 0 1 0 0 1 0 0 1 0 0 1 0 -0 1 0 -0 1 0 -0 1 0 0 1 0 0 1 0 0 1 0 0 1 0 0 1 0 0 1 0 0 1 0 0 1 0 0 1 0 0 1 0 0 1 0 0 1 0 0 1 0 0 1 0 0 1 0 0 1 0 0 1 0 0 1 0 0 1 0 0 1 0 0 1 0 0 1 0 0 1 0 0 1 0 -0 1 0 -0 1 0 -0 1 0 0 1 0 0 1 0 0 1 0 0 1 0 0 1 0 0 1 0 0 1 0 0 1 0 0 1 0 0 1 0 0 1 0 0 1 0 0 1 0 0 1 0 0 1 0 0 1 0 0 1 0 0 1 0 0 1 0 0 1 0 0 1 0 0 1 0 0 1 0 0 1 0 0 1 0 0 1 0 0 1 0 0 1 0 0 1 0 0 1 0 0 1 0 0 1 0 0 1 0 0 1 0 0 1 0 0 1 0 0 1 0 0 1 0 0 1 0 0 1 0 0 1 0 0 1 0 0 1 0 0 1 0 0 1 0 0 1 0 0 1 0 0 1 0 0 1 0 0 1 0 0 1 0 0 1 0 0 1 0 0 1 0 0 1 0 0 1 0 0 1 0 0 1 0 0 1 0 0 1 0 0 1 0 0 1 0 0 1 0 0 1 0 0 1 0 0 1 0 0 1 0 0 1 0 0 1 0 0 1 0 0 1 0 0 1 0 -0 1 0 -0 1 0 -0 1 0 0 1 0 0 1 0 0 1 0 0 1 0 0 1 0 0 1 0 -0 1 0 -0 1 0 -0 1 0 0 1 0 0 1 0 0 1 0 -0 1 0 -0 1 0 -0 1 0 0 1 0 0 1 0 0 1 0 -0 1 0 -0 1 0 -0 1 0 0 1 0 0 1 0 0 1 -0 0 1 -0 0 1 -0 0 1 0 0 1 0 0 1 0 0 1 0 0 1 0 0 1 0 0 0.0228269454 -0.999739408 0 0.0228269454 -0.999739408 0 0.0228269454 -0.999739408 0 0.0228269454 -0.999739408 0 0.0228269454 -0.999739408 0 0.0228269454 -0.999739408 0 0.144811958 -0.989459157 0 0.144811958 -0.989459157 0 0.144811958 -0.989459157 0 0.144811958 -0.989459157 0 0.144811958 -0.989459157 0 0.144811958 -0.989459157 0 0.322052509 -0.946721792 0 0.322052509 -0.946721792 0 0.322052509 -0.946721792 0 0.322052509 -0.946721792 0 0.322052509 -0.946721792 0 0.322052509 -0.946721792 0 0.495467961 -0.868626237 0 0.495467961 -0.868626237 0 0.495467961 -0.868626237 0 0.495467961 -0.868626237 0 0.495467961 -0.868626237 0 0.495467961 -0.868626237 0 0.657748103 -0.753238022 0 0.657748103 -0.753238022 0 0.657748103 -0.753238022 0 0.657748103 -0.753238022 0 0.657748103 -0.753238022 0 0.657748103 -0.753238022 0 0.805857599 -0.592109442 0 0.805857599 -0.592109442 0 0.805857599 -0.592109442 0 0.805857599 -0.592109442 0 0.805857599 -0.592109442 0 0.805857599 -0.592109442 0 0.918304265 -0.395875305 0 0.918304265 -0.395875305 0 0.918304265 -0.395875305 0 0.918304265 -0.395875305 0 0.918304265 -0.395875305 0 0.918304265 -0.395875305 0 0.975855649 -0.218416348 0 0.975855649 -0.218416348 0 0.975855649 -0.218416348 0 0.975855649 -0.218416348 0 0.975855649 -0.218416348 0 0.975855649 -0.218416348 0 0.998680949 -0.0513459407 0 0.998680949 -0.0513459407 0 0.998680949 -0.0513459407 0 0.998680949 -0.0513459407 0 0.998680949 -0.0513459407 0 0.998680949 -0.0513459407 0 0 -1 0 0 -1 0 0 -1 0 0 -1 0 0 -1 0 0 -1 0 -0.999739408 -0.0228269454 0 -0.999739408 -0.0228269454 0 -0.999739408 -0.0228269454 0 -0.999739408 -0.0228269454 -0 -0.999739408 -0.0228269454 -0 -0.999739408 -0.0228269454 -0 -0.989459157 -0.144811958 -0 -0.989459157 -0.144811958 -0 -0.989459157 -0.144811958 -0 -0.989459157 -0.144811958 0 -0.989459157 -0.144811958 0 -0.989459157 -0.144811958 0 -0.946721792 -0.322052509 -0 -0.946721792 -0.322052509 -0 -0.946721792 -0.322052509 -0 -0.946721792 -0.322052509 0 -0.946721792 -0.322052509 0 -0.946721792 -0.322052509 0 -0.868626237 -0.495467961 -0 -0.868626237 -0.495467961 -0 -0.868626237 -0.495467961 -0 -0.868626237 -0.495467961 0 -0.868626237 -0.495467961 0 -0.868626237 -0.495467961 0 -0.753238022 -0.657748103 -0 -0.753238022 -0.657748103 -0 -0.753238022 -0.657748103 -0 -0.753238022 -0.657748103 0 -0.753238022 -0.657748103 0 -0.753238022 -0.657748103 0 -0.592109442 -0.805857599 -0 -0.592109442 -0.805857599 -0 -0.592109442 -0.805857599 -0 -0.592109442 -0.805857599 0 -0.592109442 -0.805857599 0 -0.592109442 -0.805857599 0 -0.395875305 -0.918304265 -0 -0.395875305 -0.918304265 -0 -0.395875305 -0.918304265 -0 -0.395875305 -0.918304265 0 -0.395875305 -0.918304265 0 -0.395875305 -0.918304265 0 -0.218416348 -0.975855649 -0 -0.218416348 -0.975855649 -0 -0.218416348 -0.975855649 -0 -0.218416348 -0.975855649 0 -0.218416348 -0.975855649 0 -0.218416348 -0.975855649 0 -0.0513459407 -0.998680949 -0 -0.0513459407 -0.998680949 -0 -0.0513459407 -0.998680949 -0 -0.0513459407 -0.998680949 0 -0.0513459407 -0.998680949 0 -0.0513459407 -0.998680949 0 -1 -0 0 -1 -0 0 -1 -0 0 -1 0 -0 -1 0 -0 -1 0 -0 -0.0228269454 0.999739408 0 -0.0228269454 0.999739408 0 -0.0228269454 0.999739408 0 -0.0228269454 0.999739408 0 -0.0228269454 0.999739408 0 -0.0228269454 0.999739408 0 -0.144811958 0.989459157 0 -0.144811958 0.989459157 0 -0.144811958 0.989459157 0 -0.144811958 0.989459157 0 -0.144811958 0.989459157 0 -0.144811958 0.989459157 0 -0.322052509 0.946721792 0 -0.322052509 0.946721792 0 -0.322052509 0.946721792 0 -0.322052509 0.946721792 0 -0.322052509 0.946721792 0 -0.322052509 0.946721792 0 -0.495467961 0.868626237 0 -0.495467961 0.868626237 0 -0.495467961 0.868626237 0 -0.495467961 0.868626237 0 -0.495467961 0.868626237 0 -0.495467961 0.868626237 0 -0.657748103 0.753238022 0 -0.657748103 0.753238022 0 -0.657748103 0.753238022 0 -0.657748103 0.753238022 0 -0.657748103 0.753238022 0 -0.657748103 0.753238022 0 -0.805857599 0.592109442 0 -0.805857599 0.592109442 0 -0.805857599 0.592109442 0 -0.805857599 0.592109442 0 -0.805857599 0.592109442 0 -0.805857599 0.592109442 0 -0.918304265 0.395875305 0 -0.918304265 0.395875305 0 -0.918304265 0.395875305 0 -0.918304265 0.395875305 0 -0.918304265 0.395875305 0 -0.918304265 0.395875305 0 -0.975855649 0.218416348 0 -0.975855649 0.218416348 0 -0.975855649 0.218416348 0 -0.975855649 0.218416348 0 -0.975855649 0.218416348 0 -0.975855649 0.218416348 0 -0.998680949 0.0513459407 0 -0.998680949 0.0513459407 0 -0.998680949 0.0513459407 0 -0.998680949 0.0513459407 0 -0.998680949 0.0513459407 0 -0.998680949 0.0513459407 0 0 1 0 0 1 0 0 1 0 0 1 0 0 1 0 0 1 0 0.999739408 0.0228269454 0 0.999739408 0.0228269454 0 0.999739408 0.0228269454 0 0.999739408 0.0228269454 0 0.999739408 0.0228269454 0 0.999739408 0.0228269454 0 0.989459157 0.144811958 0 0.989459157 0.144811958 0 0.989459157 0.144811958 0 0.989459157 0.144811958 0 0.989459157 0.144811958 0 0.989459157 0.144811958 0 0.946721792 0.322052509 0 0.946721792 0.322052509 0 0.946721792 0.322052509 0 0.946721792 0.322052509 0 0.946721792 0.322052509 0 0.946721792 0.322052509 0 0.868626237 0.495467961 0 0.868626237 0.495467961 0 0.868626237 0.495467961 0 0.868626237 0.495467961 0 0.868626237 0.495467961 0 0.868626237 0.495467961 0 0.753238022 0.657748103 0 0.753238022 0.657748103 0 0.753238022 0.657748103 0 0.753238022 0.657748103 0 0.753238022 0.657748103 0 0.753238022 0.657748103 0 0.592109442 0.805857599 0 0.592109442 0.805857599 0 0.592109442 0.805857599 0 0.592109442 0.805857599 0 0.592109442 0.805857599 0 0.592109442 0.805857599 0 0.395875305 0.918304265 0 0.395875305 0.918304265 0 0.395875305 0.918304265 0 0.395875305 0.918304265 0 0.395875305 0.918304265 0 0.395875305 0.918304265 0 0.218416348 0.975855649 0 0.218416348 0.975855649 0 0.218416348 0.975855649 0 0.218416348 0.975855649 0 0.218416348 0.975855649 0 0.218416348 0.975855649 0 0.0513459407 0.998680949 0 0.0513459407 0.998680949 0 0.0513459407 0.998680949 0 0.0513459407 0.998680949 0 0.0513459407 0.998680949 0 0.0513459407 0.998680949 0 1 0 -0 1 0 -0 1 0 -0 1 0 0 1 0 0 1 0 0 0 0 1 0 0 1 0 0 1 0 -0 1 0 -0 1 0 -0 1 0 -0 1 0 -0 1 0 -0 1 0 -0 1 0 -0 1 0 -0 1 0 0 1 0 0 1 0 0 1 0 -0 1 0 -0 1 0 -0 1 0 0 1 0 0 1 0 0 1 0 0 1 0 0 1 0 0 1 0 -0 1 0 -0 1 0 -0 1 0 0 1 0 0 1 0 0 1 0 0 1 0 0 1 0 0 1 0 0 1 0 0 1 0 0 1 0 0 1 0 0 1 0 0 1 0 0 1 0 0 1 0 0 1 0 0 1 0 0 1 0 0 1 0 0 1 0 0 1 0 0 1 0 0 1 0 0 1 0 0 1 0 0 1 0 0 1 0 0 1 0 0 1 0 0 1 0 0 1 0 0 1 0 0 1 0 0 1 0 0 1 0 0 1 0 0 1 0 0 1 0 0 1 0 0 1 0 0 1 0 0 1 0 0 1 0 0 1 0 0 1 0 0 1 0 0 1 0 0 1 0 0 1 0 0 1 0 0 1 0 0 1 0 0 1 0 0 1 0 0 1 0 0 1 0 0 1 0 0 1 0 0 1 0 0 1 0 0 1 0 0 1 0 0 1 0 0 1 0 0 1 0 0 1 0 0 1 0 0 1 0 0 1 0 0 1 0 0 1 0 0 1 0 0 1 0 0 1 0 0 1 0 0 1 0 0 1 0 0 1 0 0 1 0 0 1 0 0 1 0 0 1 0 0 1 0 0 1 0 0 1 -0 0 1 -0 0 1 -0 0 1 -0.707013309 -0.0161431637 0.707016051 -0.707013309 -0.0161431637 0.707016051 -0.707013309 -0.0161431637 0.707016051 -0.596900463 -0.0303022787 0.801742852 -0.596900463 -0.0303022787 0.801742852 -0.596900463 -0.0303022787 0.801742852 -0.795264661 -0.116390705 0.594985127 -0.795264661 -0.116390705 0.594985127 -0.795264661 -0.116390705 0.594985127 -0.635948539 -0.14108187 0.75872612 -0.635948539 -0.14108187 0.75872612 -0.635948539 -0.14108187 0.75872612 -0.74916178 -0.254847258 0.611399651 -0.74916178 -0.254847258 0.611399651 -0.74916178 -0.254847258 0.611399651 -0.550010443 -0.23620531 0.801059008 -0.550010443 -0.23620531 0.801059008 -0.550010443 -0.23620531 0.801059008 -0.698565602 -0.39846468 0.594333172 -0.698565602 -0.39846468 0.594333172 -0.698565602 -0.39846468 0.594333172 -0.474842638 -0.348961115 0.807929754 -0.474842638 -0.348961115 0.807929754 -0.474842638 -0.348961115 0.807929754 -0.613667607 -0.535871327 0.579874218 -0.613667607 -0.535871327 0.579874218 -0.613667607 -0.535871327 0.579874218 -0.403242081 -0.463137239 0.789240003 -0.403242081 -0.463137239 0.789240003 -0.403242081 -0.463137239 0.789240003 -0.500813663 -0.681604683 0.53347981 -0.500813663 -0.681604683 0.53347981 -0.500813663 -0.681604683 0.53347981 -0.306723982 -0.541161716 0.782984257 -0.306723982 -0.541161716 0.782984257 -0.306723982 -0.541161716 0.782984257 -0.331399113 -0.768740058 0.547004044 -0.331399113 -0.768740058 0.547004044 -0.331399113 -0.768740058 0.547004044 -0.200475648 -0.596803784 0.776939273 -0.200475648 -0.596803784 0.776939273 -0.200475648 -0.596803784 0.776939273 -0.168303162 -0.751956522 0.637365997 -0.168303162 -0.751956522 0.637365997 -0.168303162 -0.751956522 0.637365997 -0.0884863511 -0.617974162 0.781202912 -0.0884863511 -0.617974162 0.781202912 -0.0884863511 -0.617974162 0.781202912 -0.0156678762 -0.707018673 0.707021356 -0.0156678762 -0.707018673 0.707021356 -0.0156678762 -0.707018673 0.707021356 -0.0431139991 -0.838569224 0.54308629 -0.0431139991 -0.838569224 0.54308629 -0.0431139991 -0.838569224 0.54308629 0 -0.707105458 0.70710814 0 -0.707105458 0.70710814 0 -0.707105458 0.70710814 0 -0.707105458 0.70710814 0 -0.707105458 0.70710814 0 -0.707105458 0.70710814 -0.707105458 0 0.70710814 -0.707105458 0 0.70710814 -0.707105458 0 0.70710814 -0.707105458 0 0.70710814 -0.707105458 0 0.70710814 -0.707105458 0 0.70710814 0.0161431637 -0.707013309 0.707016051 0.0161431637 -0.707013309 0.707016051 0.0161431637 -0.707013309 0.707016051 0.0303022787 -0.596900463 0.801742852 0.0303022787 -0.596900463 0.801742852 0.0303022787 -0.596900463 0.801742852 0.116390705 -0.795264661 0.594985127 0.116390705 -0.795264661 0.594985127 0.116390705 -0.795264661 0.594985127 0.14108187 -0.635948539 0.75872612 0.14108187 -0.635948539 0.75872612 0.14108187 -0.635948539 0.75872612 0.254847258 -0.74916178 0.611399651 0.254847258 -0.74916178 0.611399651 0.254847258 -0.74916178 0.611399651 0.23620531 -0.550010443 0.801059008 0.23620531 -0.550010443 0.801059008 0.23620531 -0.550010443 0.801059008 0.39846468 -0.698565602 0.594333172 0.39846468 -0.698565602 0.594333172 0.39846468 -0.698565602 0.594333172 0.348961115 -0.474842638 0.807929754 0.348961115 -0.474842638 0.807929754 0.348961115 -0.474842638 0.807929754 0.535871327 -0.613667607 0.579874218 0.535871327 -0.613667607 0.579874218 0.535871327 -0.613667607 0.579874218 0.463137239 -0.403242081 0.789240003 0.463137239 -0.403242081 0.789240003 0.463137239 -0.403242081 0.789240003 0.681604683 -0.500813663 0.53347981 0.681604683 -0.500813663 0.53347981 0.681604683 -0.500813663 0.53347981 0.541161716 -0.306723982 0.782984257 0.541161716 -0.306723982 0.782984257 0.541161716 -0.306723982 0.782984257 0.768740058 -0.331399113 0.547004044 0.768740058 -0.331399113 0.547004044 0.768740058 -0.331399113 0.547004044 0.596803784 -0.200475648 0.776939273 0.596803784 -0.200475648 0.776939273 0.596803784 -0.200475648 0.776939273 0.751956522 -0.168303162 0.637365997 0.751956522 -0.168303162 0.637365997 0.751956522 -0.168303162 0.637365997 0.617974162 -0.0884863511 0.781202912 0.617974162 -0.0884863511 0.781202912 0.617974162 -0.0884863511 0.781202912 0.707018673 -0.0156678762 0.707021356 0.707018673 -0.0156678762 0.707021356 0.707018673 -0.0156678762 0.707021356 0.838569224 -0.0431139991 0.54308629 0.838569224 -0.0431139991 0.54308629 0.838569224 -0.0431139991 0.54308629 -0.0161431637 0.707013309 0.707016051 -0.0161431637 0.707013309 0.707016051 -0.0161431637 0.707013309 0.707016051 -0.0303022787 0.596900463 0.801742852 -0.0303022787 0.596900463 0.801742852 -0.0303022787 0.596900463 0.801742852 -0.116390705 0.795264661 0.594985127 -0.116390705 0.795264661 0.594985127 -0.116390705 0.795264661 0.594985127 -0.14108187 0.635948539 0.75872612 -0.14108187 0.635948539 0.75872612 -0.14108187 0.635948539 0.75872612 -0.254847258 0.74916178 0.611399651 -0.254847258 0.74916178 0.611399651 -0.254847258 0.74916178 0.611399651 -0.23620531 0.550010443 0.801059008 -0.23620531 0.550010443 0.801059008 -0.23620531 0.550010443 0.801059008 -0.39846468 0.698565602 0.594333172 -0.39846468 0.698565602 0.594333172 -0.39846468 0.698565602 0.594333172 -0.348961115 0.474842638 0.807929754 -0.348961115 0.474842638 0.807929754 -0.348961115 0.474842638 0.807929754 -0.535871327 0.613667607 0.579874218 -0.535871327 0.613667607 0.579874218 -0.535871327 0.613667607 0.579874218 -0.463137239 0.403242081 0.789240003 -0.463137239 0.403242081 0.789240003 -0.463137239 0.403242081 0.789240003 -0.681604683 0.500813663 0.53347981 -0.681604683 0.500813663 0.53347981 -0.681604683 0.500813663 0.53347981 -0.541161716 0.306723982 0.782984257 -0.541161716 0.306723982 0.782984257 -0.541161716 0.306723982 0.782984257 -0.768740058 0.331399113 0.547004044 -0.768740058 0.331399113 0.547004044 -0.768740058 0.331399113 0.547004044 -0.596803784 0.200475648 0.776939273 -0.596803784 0.200475648 0.776939273 -0.596803784 0.200475648 0.776939273 -0.751956522 0.168303162 0.637365997 -0.751956522 0.168303162 0.637365997 -0.751956522 0.168303162 0.637365997 -0.617974162 0.0884863511 0.781202912 -0.617974162 0.0884863511 0.781202912 -0.617974162 0.0884863511 0.781202912 -0.707018673 0.0156678762 0.707021356 -0.707018673 0.0156678762 0.707021356 -0.707018673 0.0156678762 0.707021356 -0.838569224 0.0431139991 0.54308629 -0.838569224 0.0431139991 0.54308629 -0.838569224 0.0431139991 0.54308629 0.707105458 -0 0.70710814 0.707105458 -0 0.70710814 0.707105458 -0 0.70710814 0.707105458 -0 0.70710814 0.707105458 -0 0.70710814 0.707105458 -0 0.70710814 0 0.707105458 0.70710814 0 0.707105458 0.70710814 0 0.707105458 0.70710814 0 0.707105458 0.70710814 0 0.707105458 0.70710814 0 0.707105458 0.70710814 0.707013309 0.0161431637 0.707016051 0.707013309 0.0161431637 0.707016051 0.707013309 0.0161431637 0.707016051 0.596900463 0.0303022787 0.801742852 0.596900463 0.0303022787 0.801742852 0.596900463 0.0303022787 0.801742852 0.795264661 0.116390705 0.594985127 0.795264661 0.116390705 0.594985127 0.795264661 0.116390705 0.594985127 0.635948539 0.14108187 0.75872612 0.635948539 0.14108187 0.75872612 0.635948539 0.14108187 0.75872612 0.74916178 0.254847258 0.611399651 0.74916178 0.254847258 0.611399651 0.74916178 0.254847258 0.611399651 0.550010443 0.23620531 0.801059008 0.550010443 0.23620531 0.801059008 0.550010443 0.23620531 0.801059008 0.698565602 0.39846468 0.594333172 0.698565602 0.39846468 0.594333172 0.698565602 0.39846468 0.594333172 0.474842638 0.348961115 0.807929754 0.474842638 0.348961115 0.807929754 0.474842638 0.348961115 0.807929754 0.613667607 0.535871327 0.579874218 0.613667607 0.535871327 0.579874218 0.613667607 0.535871327 0.579874218 0.403242081 0.463137239 0.789240003 0.403242081 0.463137239 0.789240003 0.403242081 0.463137239 0.789240003 0.500813663 0.681604683 0.53347981 0.500813663 0.681604683 0.53347981 0.500813663 0.681604683 0.53347981 0.306723982 0.541161716 0.782984257 0.306723982 0.541161716 0.782984257 0.306723982 0.541161716 0.782984257 0.331399113 0.768740058 0.547004044 0.331399113 0.768740058 0.547004044 0.331399113 0.768740058 0.547004044 0.200475648 0.596803784 0.776939273 0.200475648 0.596803784 0.776939273 0.200475648 0.596803784 0.776939273 0.168303162 0.751956522 0.637365997 0.168303162 0.751956522 0.637365997 0.168303162 0.751956522 0.637365997 0.0884863511 0.617974162 0.781202912 0.0884863511 0.617974162 0.781202912 0.0884863511 0.617974162 0.781202912 0.0156678762 0.707018673 0.707021356 0.0156678762 0.707018673 0.707021356 0.0156678762 0.707018673 0.707021356 0.0431139991 0.838569224 0.54308629 0.0431139991 0.838569224 0.54308629 0.0431139991 0.838569224 0.54308629 0.992708921 -0.120536238 0 0.992708921 -0.120536238 0 0.992708921 -0.120536238 0 0.992708921 -0.120536238 0 0.992708921 -0.120536238 0 0.992708921 -0.120536238 0 0.935016155 -0.354605049 0 0.935016155 -0.354605049 0 0.935016155 -0.354605049 0 0.935016155 -0.354605049 0 0.935016155 -0.354605049 0 0.935016155 -0.354605049 0 0.822983742 -0.568064928 0 0.822983742 -0.568064928 0 0.822983742 -0.568064928 0 0.663122892 -0.74851054 0 0.663122892 -0.74851054 0 0.663122892 -0.74851054 0 0.822983742 -0.568064928 0 0.822983742 -0.568064928 0 0.822983742 -0.568064928 0 0.663122892 -0.74851054 0 0.663122892 -0.74851054 0 0.663122892 -0.74851054 0 0.464723438 -0.885455906 0 0.464723438 -0.885455906 0 0.464723438 -0.885455906 0 0.239315554 -0.970941901 0 0.239315554 -0.970941901 0 0.239315554 -0.970941901 0 0.464723438 -0.885455906 0 0.464723438 -0.885455906 0 0.464723438 -0.885455906 0 0 -1 0 0 -1 0 0 -1 0 0.239315554 -0.970941901 0 0.239315554 -0.970941901 0 0.239315554 -0.970941901 0 0 -1 0 0 -1 0 0 -1 0 -0.239315554 -0.970941901 0 -0.239315554 -0.970941901 0 -0.239315554 -0.970941901 0 -0.239315554 -0.970941901 0 -0.239315554 -0.970941901 0 -0.239315554 -0.970941901 0 -0.464723438 -0.885455906 0 -0.464723438 -0.885455906 0 -0.464723438 -0.885455906 0 -0.464723438 -0.885455906 0 -0.464723438 -0.885455906 0 -0.464723438 -0.885455906 0 -0.663122892 -0.74851054 0 -0.663122892 -0.74851054 0 -0.663122892 -0.74851054 0 -0.822983742 -0.568064928 -0 -0.822983742 -0.568064928 -0 -0.822983742 -0.568064928 -0 -0.663122892 -0.74851054 0 -0.663122892 -0.74851054 0 -0.663122892 -0.74851054 0 -0.822983742 -0.568064928 0 -0.822983742 -0.568064928 0 -0.822983742 -0.568064928 0 -0.935016155 -0.354605049 0 -0.935016155 -0.354605049 0 -0.935016155 -0.354605049 0 -0.935016155 -0.354605049 0 -0.935016155 -0.354605049 0 -0.935016155 -0.354605049 0 -0.992708921 -0.120536238 0 -0.992708921 -0.120536238 0 -0.992708921 -0.120536238 0 -0.992708921 -0.120536238 0 -0.992708921 -0.120536238 0 -0.992708921 -0.120536238 0 0 0 -1 0 0 -1 0 0 -1 0 0 -1 0 0 -1 0 0 -1 0 0 -1 0 0 -1 0 0 -1 0 0 -1 0 0 -1 0 0 -1 0 0 -1 0 0 -1 0 0 -1 0 0 -1 0 0 -1 0 0 -1 0 0 -1 0 0 -1 0 0 -1 0 0 -1 0 0 -1 0 0 -1 0 0 -1 0 0 -1 0 0 -1 0 0 -1 0 0 -1 0 0 -1 0 0 -1 0 0 -1 0 0 -1 0 0 -1 0 0 -1 0 0 -1 0 0 -1 0 0 -1 0 0 -1 0 0 -1 0 0 -1 0 0 -1 0 0 -1 0 0 -1 0 0 -1 0 0 -1 0 0 -1 0 0 -1 0 0 -1 0 0 -1 0 0 -1 0 0 -1 0 0 -1 0 0 -1 0 0 -1 0 0 -1 0 0 -1 0 0 -1 0 0 -1 0 0 -1 0 0 -1 0 0 -1 0 0 -1 0 -0 -1 0 -0 -1 0 -0 -1 0 0 -1 0 0 -1 0 0 -1 0 0 -1 0 0 -1 0 0 -1 0.992708921 -0.120536238 0 0.992708921 -0.120536238 0 0.992708921 -0.120536238 0 0.992708921 -0.120536238 0 0.992708921 -0.120536238 0 0.992708921 -0.120536238 0 0.935016155 -0.354605049 0 0.935016155 -0.354605049 0 0.935016155 -0.354605049 0 0.935016155 -0.354605049 0 0.935016155 -0.354605049 0 0.935016155 -0.354605049 0 0.822983742 -0.568064928 0 0.822983742 -0.568064928 0 0.822983742 -0.568064928 0 0.663122892 -0.74851054 0 0.663122892 -0.74851054 0 0.663122892 -0.74851054 0 0.822983742 -0.568064928 0 0.822983742 -0.568064928 0 0.822983742 -0.568064928 0 0.663122892 -0.74851054 0 0.663122892 -0.74851054 0 0.663122892 -0.74851054 0 0.464723438 -0.885455906 0 0.464723438 -0.885455906 0 0.464723438 -0.885455906 0 0.239315554 -0.970941901 0 0.239315554 -0.970941901 0 0.239315554 -0.970941901 0 0.464723438 -0.885455906 0 0.464723438 -0.885455906 0 0.464723438 -0.885455906 0 0 -1 0 0 -1 0 0 -1 0 0.239315554 -0.970941901 0 0.239315554 -0.970941901 0 0.239315554 -0.970941901 0 0 -1 0 0 -1 0 0 -1 0 -0.239315554 -0.970941901 0 -0.239315554 -0.970941901 0 -0.239315554 -0.970941901 0 -0.239315554 -0.970941901 0 -0.239315554 -0.970941901 0 -0.239315554 -0.970941901 0 -0.464723438 -0.885455906 0 -0.464723438 -0.885455906 0 -0.464723438 -0.885455906 0 -0.464723438 -0.885455906 0 -0.464723438 -0.885455906 0 -0.464723438 -0.885455906 0 -0.663122892 -0.74851054 0 -0.663122892 -0.74851054 0 -0.663122892 -0.74851054 0 -0.822983742 -0.568064928 -0 -0.822983742 -0.568064928 -0 -0.822983742 -0.568064928 -0 -0.663122892 -0.74851054 0 -0.663122892 -0.74851054 0 -0.663122892 -0.74851054 0 -0.822983742 -0.568064928 0 -0.822983742 -0.568064928 0 -0.822983742 -0.568064928 0 -0.935016155 -0.354605049 0 -0.935016155 -0.354605049 0 -0.935016155 -0.354605049 0 -0.935016155 -0.354605049 0 -0.935016155 -0.354605049 0 -0.935016155 -0.354605049 0 -0.992708921 -0.120536238 0 -0.992708921 -0.120536238 0 -0.992708921 -0.120536238 0 -0.992708921 -0.120536238 0 -0.992708921 -0.120536238 0 -0.992708921 -0.120536238 0 0 0 -1 0 0 -1 0 0 -1 0 0 -1 0 0 -1 0 0 -1 0 0 -1 0 0 -1 0 0 -1 0 0 -1 0 0 -1 0 0 -1 0 0 -1 0 0 -1 0 0 -1 0 0 -1 0 0 -1 0 0 -1 0 0 -1 0 0 -1 0 0 -1 0 0 -1 0 0 -1 0 0 -1 0 0 -1 0 0 -1 0 0 -1 0 0 -1 0 0 -1 0 0 -1 0 0 -1 0 0 -1 0 0 -1 0 0 -1 0 0 -1 0 0 -1 0 0 -1 0 0 -1 0 0 -1 0 0 -1 0 0 -1 0 0 -1 0 0 -1 0 0 -1 0 0 -1 0 0 -1 0 0 -1 0 0 -1 0 0 -1 0 0 -1 0 0 -1 0 0 -1 0 0 -1 0 0 -1 0 0 -1 0 0 -1 0 0 -1 0 0 -1 0 0 -1 0 0 -1 0 0 -1 0 0 -1 0 0 -1 0 -0 -1 0 -0 -1 0 -0 -1 0 0 -1 0 0 -1 0 0 -1 0 0 -1 0 0 -1 0 0 -1 </float_array>
          <technique_common>
            <accessor count="11676" offset="0" source="#mesh_0-normals-array" stride="3">
              <param name="X" type="float" />
              <param name="Y" type="float" />
              <param name="Z" type="float" />
            </accessor>
          </technique_common>
        </source>
        <vertices id="mesh_0-vertices">
          <input semantic="POSITION" source="#mesh_0-positions" />
        </vertices>
        <polylist count="3892" material="defaultMaterial">
          <input offset="0" semantic="VERTEX" source="#mesh_0-vertices" />
          <input offset="0" semantic="NORMAL" source="#mesh_0-normals" />
          <vcount>3 3 3 3 3 3 3 3 3 3 3 3 3 3 3 3 3 3 3 3 3 3 3 3 3 3 3 3 3 3 3 3 3 3 3 3 3 3 3 3 3 3 3 3 3 3 3 3 3 3 3 3 3 3 3 3 3 3 3 3 3 3 3 3 3 3 3 3 3 3 3 3 3 3 3 3 3 3 3 3 3 3 3 3 3 3 3 3 3 3 3 3 3 3 3 3 3 3 3 3 3 3 3 3 3 3 3 3 3 3 3 3 3 3 3 3 3 3 3 3 3 3 3 3 3 3 3 3 3 3 3 3 3 3 3 3 3 3 3 3 3 3 3 3 3 3 3 3 3 3 3 3 3 3 3 3 3 3 3 3 3 3 3 3 3 3 3 3 3 3 3 3 3 3 3 3 3 3 3 3 3 3 3 3 3 3 3 3 3 3 3 3 3 3 3 3 3 3 3 3 3 3 3 3 3 3 3 3 3 3 3 3 3 3 3 3 3 3 3 3 3 3 3 3 3 3 3 3 3 3 3 3 3 3 3 3 3 3 3 3 3 3 3 3 3 3 3 3 3 3 3 3 3 3 3 3 3 3 3 3 3 3 3 3 3 3 3 3 3 3 3 3 3 3 3 3 3 3 3 3 3 3 3 3 3 3 3 3 3 3 3 3 3 3 3 3 3 3 3 3 3 3 3 3 3 3 3 3 3 3 3 3 3 3 3 3 3 3 3 3 3 3 3 3 3 3 3 3 3 3 3 3 3 3 3 3 3 3 3 3 3 3 3 3 3 3 3 3 3 3 3 3 3 3 3 3 3 3 3 3 3 3 3 3 3 3 3 3 3 3 3 3 3 3 3 3 3 3 3 3 3 3 3 3 3 3 3 3 3 3 3 3 3 3 3 3 3 3 3 3 3 3 3 3 3 3 3 3 3 3 3 3 3 3 3 3 3 3 3 3 3 3 3 3 3 3 3 3 3 3 3 3 3 3 3 3 3 3 3 3 3 3 3 3 3 3 3 3 3 3 3 3 3 3 3 3 3 3 3 3 3 3 3 3 3 3 3 3 3 3 3 3 3 3 3 3 3 3 3 3 3 3 3 3 3 3 3 3 3 3 3 3 3 3 3 3 3 3 3 3 3 3 3 3 3 3 3 3 3 3 3 3 3 3 3 3 3 3 3 3 3 3 3 3 3 3 3 3 3 3 3 3 3 3 3 3 3 3 3 3 3 3 3 3 3 3 3 3 3 3 3 3 3 3 3 3 3 3 3 3 3 3 3 3 3 3 3 3 3 3 3 3 3 3 3 3 3 3 3 3 3 3 3 3 3 3 3 3 3 3 3 3 3 3 3 3 3 3 3 3 3 3 3 3 3 3 3 3 3 3 3 3 3 3 3 3 3 3 3 3 3 3 3 3 3 3 3 3 3 3 3 3 3 3 3 3 3 3 3 3 3 3 3 3 3 3 3 3 3 3 3 3 3 3 3 3 3 3 3 3 3 3 3 3 3 3 3 3 3 3 3 3 3 3 3 3 3 3 3 3 3 3 3 3 3 3 3 3 3 3 3 3 3 3 3 3 3 3 3 3 3 3 3 3 3 3 3 3 3 3 3 3 3 3 3 3 3 3 3 3 3 3 3 3 3 3 3 3 3 3 3 3 3 3 3 3 3 3 3 3 3 3 3 3 3 3 3 3 3 3 3 3 3 3 3 3 3 3 3 3 3 3 3 3 3 3 3 3 3 3 3 3 3 3 3 3 3 3 3 3 3 3 3 3 3 3 3 3 3 3 3 3 3 3 3 3 3 3 3 3 3 3 3 3 3 3 3 3 3 3 3 3 3 3 3 3 3 3 3 3 3 3 3 3 3 3 3 3 3 3 3 3 3 3 3 3 3 3 3 3 3 3 3 3 3 3 3 3 3 3 3 3 3 3 3 3 3 3 3 3 3 3 3 3 3 3 3 3 3 3 3 3 3 3 3 3 3 3 3 3 3 3 3 3 3 3 3 3 3 3 3 3 3 3 3 3 3 3 3 3 3 3 3 3 3 3 3 3 3 3 3 3 3 3 3 3 3 3 3 3 3 3 3 3 3 3 3 3 3 3 3 3 3 3 3 3 3 3 3 3 3 3 3 3 3 3 3 3 3 3 3 3 3 3 3 3 3 3 3 3 3 3 3 3 3 3 3 3 3 3 3 3 3 3 3 3 3 3 3 3 3 3 3 3 3 3 3 3 3 3 3 3 3 3 3 3 3 3 3 3 3 3 3 3 3 3 3 3 3 3 3 3 3 3 3 3 3 3 3 3 3 3 3 3 3 3 3 3 3 3 3 3 3 3 3 3 3 3 3 3 3 3 3 3 3 3 3 3 3 3 3 3 3 3 3 3 3 3 3 3 3 3 3 3 3 3 3 3 3 3 3 3 3 3 3 3 3 3 3 3 3 3 3 3 3 3 3 3 3 3 3 3 3 3 3 3 3 3 3 3 3 3 3 3 3 3 3 3 3 3 3 3 3 3 3 3 3 3 3 3 3 3 3 3 3 3 3 3 3 3 3 3 3 3 3 3 3 3 3 3 3 3 3 3 3 3 3 3 3 3 3 3 3 3 3 3 3 3 3 3 3 3 3 3 3 3 3 3 3 3 3 3 3 3 3 3 3 3 3 3 3 3 3 3 3 3 3 3 3 3 3 3 3 3 3 3 3 3 3 3 3 3 3 3 3 3 3 3 3 3 3 3 3 3 3 3 3 3 3 3 3 3 3 3 3 3 3 3 3 3 3 3 3 3 3 3 3 3 3 3 3 3 3 3 3 3 3 3 3 3 3 3 3 3 3 3 3 3 3 3 3 3 3 3 3 3 3 3 3 3 3 3 3 3 3 3 3 3 3 3 3 3 3 3 3 3 3 3 3 3 3 3 3 3 3 3 3 3 3 3 3 3 3 3 3 3 3 3 3 3 3 3 3 3 3 3 3 3 3 3 3 3 3 3 3 3 3 3 3 3 3 3 3 3 3 3 3 3 3 3 3 3 3 3 3 3 3 3 3 3 3 3 3 3 3 3 3 3 3 3 3 3 3 3 3 3 3 3 3 3 3 3 3 3 3 3 3 3 3 3 3 3 3 3 3 3 3 3 3 3 3 3 3 3 3 3 3 3 3 3 3 3 3 3 3 3 3 3 3 3 3 3 3 3 3 3 3 3 3 3 3 3 3 3 3 3 3 3 3 3 3 3 3 3 3 3 3 3 3 3 3 3 3 3 3 3 3 3 3 3 3 3 3 3 3 3 3 3 3 3 3 3 3 3 3 3 3 3 3 3 3 3 3 3 3 3 3 3 3 3 3 3 3 3 3 3 3 3 3 3 3 3 3 3 3 3 3 3 3 3 3 3 3 3 3 3 3 3 3 3 3 3 3 3 3 3 3 3 3 3 3 3 3 3 3 3 3 3 3 3 3 3 3 3 3 3 3 3 3 3 3 3 3 3 3 3 3 3 3 3 3 3 3 3 3 3 3 3 3 3 3 3 3 3 3 3 3 3 3 3 3 3 3 3 3 3 3 3 3 3 3 3 3 3 3 3 3 3 3 3 3 3 3 3 3 3 3 3 3 3 3 3 3 3 3 3 3 3 3 3 3 3 3 3 3 3 3 3 3 3 3 3 3 3 3 3 3 3 3 3 3 3 3 3 3 3 3 3 3 3 3 3 3 3 3 3 3 3 3 3 3 3 3 3 3 3 3 3 3 3 3 3 3 3 3 3 3 3 3 3 3 3 3 3 3 3 3 3 3 3 3 3 3 3 3 3 3 3 3 3 3 3 3 3 3 3 3 3 3 3 3 3 3 3 3 3 3 3 3 3 3 3 3 3 3 3 3 3 3 3 3 3 3 3 3 3 3 3 3 3 3 3 3 3 3 3 3 3 3 3 3 3 3 3 3 3 3 3 3 3 3 3 3 3 3 3 3 3 3 3 3 3 3 3 3 3 3 3 3 3 3 3 3 3 3 3 3 3 3 3 3 3 3 3 3 3 3 3 3 3 3 3 3 3 3 3 3 3 3 3 3 3 3 3 3 3 3 3 3 3 3 3 3 3 3 3 3 3 3 3 3 3 3 3 3 3 3 3 3 3 3 3 3 3 3 3 3 3 3 3 3 3 3 3 3 3 3 3 3 3 3 3 3 3 3 3 3 3 3 3 3 3 3 3 3 3 3 3 3 3 3 3 3 3 3 3 3 3 3 3 3 3 3 3 3 3 3 3 3 3 3 3 3 3 3 3 3 3 3 3 3 3 3 3 3 3 3 3 3 3 3 3 3 3 3 3 3 3 3 3 3 3 3 3 3 3 3 3 3 3 3 3 3 3 3 3 3 3 3 3 3 3 3 3 3 3 3 3 3 3 3 3 3 3 3 3 3 3 3 3 3 3 3 3 3 3 3 3 3 3 3 3 3 3 3 3 3 3 3 3 3 3 3 3 3 3 3 3 3 3 3 3 3 3 3 3 3 3 3 3 3 3 3 3 3 3 3 3 3 3 3 3 3 3 3 3 3 3 3 3 3 3 3 3 3 3 3 3 3 3 3 3 3 3 3 3 3 3 3 3 3 3 3 3 3 3 3 3 3 3 3 3 3 3 3 3 3 3 3 3 3 3 3 3 3 3 3 3 3 3 3 3 3 3 3 3 3 3 3 3 3 3 3 3 3 3 3 3 3 3 3 3 3 3 3 3 3 3 3 3 3 3 3 3 3 3 3 3 3 3 3 3 3 3 3 3 3 3 3 3 3 3 3 3 3 3 3 3 3 3 3 3 3 3 3 3 3 3 3 3 3 3 3 3 3 3 3 3 3 3 3 3 3 3 3 3 3 3 3 3 3 3 3 3 3 3 3 3 3 3 3 3 3 3 3 3 3 3 3 3 3 3 3 3 3 3 3 3 3 3 3 3 3 3 3 3 3 3 3 3 3 3 3 3 3 3 3 3 3 3 3 3 3 3 3 3 3 3 3 3 3 3 3 3 3 3 3 3 3 3 3 3 3 3 3 3 3 3 3 3 3 3 3 3 3 3 3 3 3 3 3 3 3 3 3 3 3 3 3 3 3 3 3 3 3 3 3 3 3 3 3 3 3 3 3 3 3 3 3 3 3 3 3 3 3 3 3 3 3 3 3 3 3 3 3 3 3 3 3 3 3 3 3 3 3 3 3 3 3 3 3 3 3 3 3 3 3 3 3 3 3 3 3 3 3 3 3 3 3 3 3 3 3 3 3 3 3 3 3 3 3 3 3 3 3 3 3 3 3 3 3 3 3 3 3 3 3 3 3 3 3 3 3 3 3 3 3 3 3 3 3 3 3 3 3 3 3 3 3 3 3 3 3 3 3 3 3 3 3 3 3 3 3 3 3 3 3 3 3 3 3 3 3 3 3 3 3 3 3 3 3 3 3 3 3 3 3 3 3 3 3 3 3 3 3 3 3 3 3 3 3 3 3 3 3 3 3 3 3 3 3 3 3 3 3 3 3 3 3 3 3 3 3 3 3 3 3 3 3 3 3 3 3 3 3 3 3 3 3 3 3 3 3 3 3 3 3 3 3 3 3 3 3 3 3 3 3 3 3 3 3 3 3 3 3 3 3 3 3 3 3 3 3 3 3 3 3 3 3 3 3 3 3 3 3 3 3 3 3 3 3 3 3 3 3 3 3 3 3 3 3 3 3 3 3 3 3 3 3 3 3 3 3 3 3 3 3 3 3 3 3 3 3 3 3 3 3 3 3 3 3 3 3 3 3 3 3 3 3 3 3 3 3 3 3 3 3 3 3 3 3 3 3 3 3 3 3 3 3 3 3 3 3 3 3 3 3 3 3 3 3 3 3 3 3 3 3 3 3 3 3 3 3 3 3 3 3 3 3 3 3 3 3 3 3 3 3 3 3 3 3 3 3 3 3 3 3 3 3 3 3 3 3 3 3 3 3 3 3 3 3 3 3 3 3 3 3 3 3 3 3 3 3 3 3 3 3 3 3 3 3 3 3 3 3 3 3 3 3 3 3 3 3 3 3 3 3 3 3 3 3 3 3 3 3 3 3 3 3 3 3 3 3 3 3 3 3 3 3 3 3 3 3 3 3 3 3 3 3 3 3 3 3 3 3 3 3 3 3 3 3 3 3 3 3 3 3 3 3 3 3 3 3 3 3 3 3 3 3 3 3 3 3 3 3 3 3 3 3 3 3 3 3 3 3 3 3 3 3 3 3 3 3 3 3 3 3 3 3 3 3 3 3 3 3 3 3 3 3 3 3 3 3 3 3 3 3 3 3 3 3 3 3 3 3 3 3 3 3 3 3 3 3 3 3 3 3 3 3 3 3 3 3 3 3 3 3 3 3 3 3 3 3 3 3 3 3 3 3 3 3 3 3 3 3 3 3 3 3 3 3 3 3 3 3 3 3 3 3 3 3 3 3 3 3 3 3 3 3 3 3 3 3 3 3 3 3 3 3 3 3 3 3 3 3 3 3 3 3 3 3 3 3 3 3 3 3 3 3 3 3 3 3 3 3 3 3 3 3 3 3 3 3 3 3 3 3 3 3 3 3 3 3 3 3 3 3 3 3 3 3 3 3 3 3 3 3 3 3 3 3 3 3 3 3 3 3 3 3 3 3 3 3 3 3 3 3 3 3 3 3 3 3 3 3 3 3 3 3 3 3 3 3 3 3 3 3 3 3 3 3 3 3 3 3 3 3 3 3 3 3 3 3 3 3 3 3 3 3 3 3 3 3 3 3 3 3 3 3 3 3 3 3 3 3 3 3 3 3 3 3 3 3 3 3 3 3 3 3 3 3 3 3 3 3 3 3 3 3 3 3 3 3 3 3 3 3 3 3 3 3 3 3 3 3 3 3 3 3 3 3 3 3 3 3 3 3 3 3 3 3 3 3 3 3 3 3 3 3 3 3 3 3 3 3 3 3 3 3 3 3 3 3 3 3 3 3 3 3 3 3 3 3 3 3 3 3 3 3 3 3 3 3 3 3 3 3 3 3 3 3 3 3 3 3 3 3 3 3 3 3 3 3 3 3 3 3 3 3 3 3 3 3 3 3 3 3 3 3 3 3 3 3 3 3 3 3 3 3 3 3 3 3 3 3 3 3 3 3 3 3 3 3 3 3 3 3 3 3 3 3 3 3 3 3 3 3 3 3 3 3 3 3 3 3 3 3 3 3 3 3 3 3 3 3 3 3 3 3 3 3 3 3 3 3 3 3 3 3 3 3 3 3 3 3 3 3 3 3 3 3 3 3 3 3 3 3 3 3 3 3 3 3 3 3 3 3 3 3 3 3 3 3 3 3 3 3 3 3 3 3 3 3 3 3 3 3 3 3 3 3 3 3 3 3 3 3 3 3 3 3 3 3 3 3 3 3 3 3 3 3 3 3 3 3 3 3 3 3 3 3 3 3 3 3 3 3 3 3 3 3 3 3 3 3 3 3 3 3 3 3 3 3 3 3 3 3 3 3 3 3 3 3 3 3 3 3 3 3 3 3 3 3 3 3 3 3 3 3 3 3 3 3 3 3 3 3 3 3 3 3 3 3 3 3 3 3 3 3 3 3 3 3 3 3 3 3 3 3 3 3 3 3 3 3 3 3 3 3 3 3 3 3 3 3 3 3 3 3 3 3 3 3 3 3 3 3 3 3 3 3 3 3 3 3 3 3 3 3 3 3 3 3 3 3 3 3 3 3 3 3 3 3 3 3 3 3 3 3 3 3 3 3 3 3 3 3 3 3 3 3 3 3 3 3 3 3 3 3 3 3 3 3 3 3 3 3 3 3 3 3 3 3 3 3 3 3 3 3 3 3 3 3 3 3 3 3 3 3 3 3 3 3 3 3 3 3 3 3 3 3 3 3 3 3 3 3 3 3 3 3 3 3 3 3 3 3 3 3 3 3 3 3 3 3 3 3 3 3 3 3 3 3 3 3 3 3 3 3 3 3 3 3 3 3 3 3 3 3 3 3 3 3 3 3 3 3 3 3 3 3 3 3 3 3 3 3 3 3 3 3 3 3 3 3 3 3 3 3 3 3 3 3 3 3 3 3 3 3 3 3 3 3 3 3 3 3 3 3 3 3 3 3 3 3 3 3 3 3 3 3 3 3 3 3 3 3 3 3 3 3 3 3 3 3 3 3 3 3 3 3 3 3 3 3 3 3 3 3 3 3 3 3 3 3 3 3 3 3 3 3 3 3 3 3 3 3 3 3 3 3 3 3 3 3 3 3 3 3 3 3 3 3 3 3 3 3 3 3 3 3 3 3 3 3 3 3 3 3 3 3 3 3 3 3 3 3 3 3 3 3 3 3 3 3 3 3 3 3 3 3 3 3 3 3 3 3 3 3 3 3 3 3 3 3 3 3 3 3 3 3 3 3 3 3 3 3 3 3 3 3 3 3 3 3 3 3 3 3 3 3 3 3 3 3 3 3 3 3 3 3 3 3 3 3 3 3 3 3 3 3 3 3 3 3 3 3 3 3 3 3 3 3 3 3 3 3 3 3 3 3 3 3 3 3 3 3 3 3 3 3 3 3 3 3 3 3 3 3 3 3 3 3 3 3 3 3 3 3 3 3 3 3 3 3 3 3 3 3 3 3 3 3 3 3 3 3 3 3 3 3 3 3 3 3 3 3 3 3 3 3 3 3 3 3 3 3 3 3 3 3 3 3 3 3 3 3 3 3 3 3 3 3 3 3 3 3 3 3 3 3 3 3 3 3 3 3 3 3 3 3 3 </vcount>
          <p>0 1 2 3 4 5 6 7 8 9 10 11 12 13 14 15 16 17 18 19 20 21 22 23 24 25 26 27 28 29 30 31 32 33 34 35 36 37 38 39 40 41 42 43 44 45 46 47 48 49 50 51 52 53 54 55 56 57 58 59 60 61 62 63 64 65 66 67 68 69 70 71 72 73 74 75 76 77 78 79 80 81 82 83 84 85 86 87 88 89 90 91 92 93 94 95 96 97 98 99 100 101 102 103 104 105 106 107 108 109 110 111 112 113 114 115 116 117 118 119 120 121 122 123 124 125 126 127 128 129 130 131 132 133 134 135 136 137 138 139 140 141 142 143 144 145 146 147 148 149 150 151 152 153 154 155 156 157 158 159 160 161 162 163 164 165 166 167 168 169 170 171 172 173 174 175 176 177 178 179 180 181 182 183 184 185 186 187 188 189 190 191 192 193 194 195 196 197 198 199 200 201 202 203 204 205 206 207 208 209 210 211 212 213 214 215 216 217 218 219 220 221 222 223 224 225 226 227 228 229 230 231 232 233 234 235 236 237 238 239 240 241 242 243 244 245 246 247 248 249 250 251 252 253 254 255 256 257 258 259 260 261 262 263 264 265 266 267 268 269 270 271 272 273 274 275 276 277 278 279 280 281 282 283 284 285 286 287 288 289 290 291 292 293 294 295 296 297 298 299 300 301 302 303 304 305 306 307 308 309 310 311 312 313 314 315 316 317 318 319 320 321 322 323 324 325 326 327 328 329 330 331 332 333 334 335 336 337 338 339 340 341 342 343 344 345 346 347 348 349 350 351 352 353 354 355 356 357 358 359 360 361 362 363 364 365 366 367 368 369 370 371 372 373 374 375 376 377 378 379 380 381 382 383 384 385 386 387 388 389 390 391 392 393 394 395 396 397 398 399 400 401 402 403 404 405 406 407 408 409 410 411 412 413 414 415 416 417 418 419 420 421 422 423 424 425 426 427 428 429 430 431 432 433 434 435 436 437 438 439 440 441 442 443 444 445 446 447 448 449 450 451 452 453 454 455 456 457 458 459 460 461 462 463 464 465 466 467 468 469 470 471 472 473 474 475 476 477 478 479 480 481 482 483 484 485 486 487 488 489 490 491 492 493 494 495 496 497 498 499 500 501 502 503 504 505 506 507 508 509 510 511 512 513 514 515 516 517 518 519 520 521 522 523 524 525 526 527 528 529 530 531 532 533 534 535 536 537 538 539 540 541 542 543 544 545 546 547 548 549 550 551 552 553 554 555 556 557 558 559 560 561 562 563 564 565 566 567 568 569 570 571 572 573 574 575 576 577 578 579 580 581 582 583 584 585 586 587 588 589 590 591 592 593 594 595 596 597 598 599 600 601 602 603 604 605 606 607 608 609 610 611 612 613 614 615 616 617 618 619 620 621 622 623 624 625 626 627 628 629 630 631 632 633 634 635 636 637 638 639 640 641 642 643 644 645 646 647 648 649 650 651 652 653 654 655 656 657 658 659 660 661 662 663 664 665 666 667 668 669 670 671 672 673 674 675 676 677 678 679 680 681 682 683 684 685 686 687 688 689 690 691 692 693 694 695 696 697 698 699 700 701 702 703 704 705 706 707 708 709 710 711 712 713 714 715 716 717 718 719 720 721 722 723 724 725 726 727 728 729 730 731 732 733 734 735 736 737 738 739 740 741 742 743 744 745 746 747 748 749 750 751 752 753 754 755 756 757 758 759 760 761 762 763 764 765 766 767 768 769 770 771 772 773 774 775 776 777 778 779 780 781 782 783 784 785 786 787 788 789 790 791 792 793 794 795 796 797 798 799 800 801 802 803 804 805 806 807 808 809 810 811 812 813 814 815 816 817 818 819 820 821 822 823 824 825 826 827 828 829 830 831 832 833 834 835 836 837 838 839 840 841 842 843 844 845 846 847 848 849 850 851 852 853 854 855 856 857 858 859 860 861 862 863 864 865 866 867 868 869 870 871 872 873 874 875 876 877 878 879 880 881 882 883 884 885 886 887 888 889 890 891 892 893 894 895 896 897 898 899 900 901 902 903 904 905 906 907 908 909 910 911 912 913 914 915 916 917 918 919 920 921 922 923 924 925 926 927 928 929 930 931 932 933 934 935 936 937 938 939 940 941 942 943 944 945 946 947 948 949 950 951 952 953 954 955 956 957 958 959 960 961 962 963 964 965 966 967 968 969 970 971 972 973 974 975 976 977 978 979 980 981 982 983 984 985 986 987 988 989 990 991 992 993 994 995 996 997 998 999 1000 1001 1002 1003 1004 1005 1006 1007 1008 1009 1010 1011 1012 1013 1014 1015 1016 1017 1018 1019 1020 1021 1022 1023 1024 1025 1026 1027 1028 1029 1030 1031 1032 1033 1034 1035 1036 1037 1038 1039 1040 1041 1042 1043 1044 1045 1046 1047 1048 1049 1050 1051 1052 1053 1054 1055 1056 1057 1058 1059 1060 1061 1062 1063 1064 1065 1066 1067 1068 1069 1070 1071 1072 1073 1074 1075 1076 1077 1078 1079 1080 1081 1082 1083 1084 1085 1086 1087 1088 1089 1090 1091 1092 1093 1094 1095 1096 1097 1098 1099 1100 1101 1102 1103 1104 1105 1106 1107 1108 1109 1110 1111 1112 1113 1114 1115 1116 1117 1118 1119 1120 1121 1122 1123 1124 1125 1126 1127 1128 1129 1130 1131 1132 1133 1134 1135 1136 1137 1138 1139 1140 1141 1142 1143 1144 1145 1146 1147 1148 1149 1150 1151 1152 1153 1154 1155 1156 1157 1158 1159 1160 1161 1162 1163 1164 1165 1166 1167 1168 1169 1170 1171 1172 1173 1174 1175 1176 1177 1178 1179 1180 1181 1182 1183 1184 1185 1186 1187 1188 1189 1190 1191 1192 1193 1194 1195 1196 1197 1198 1199 1200 1201 1202 1203 1204 1205 1206 1207 1208 1209 1210 1211 1212 1213 1214 1215 1216 1217 1218 1219 1220 1221 1222 1223 1224 1225 1226 1227 1228 1229 1230 1231 1232 1233 1234 1235 1236 1237 1238 1239 1240 1241 1242 1243 1244 1245 1246 1247 1248 1249 1250 1251 1252 1253 1254 1255 1256 1257 1258 1259 1260 1261 1262 1263 1264 1265 1266 1267 1268 1269 1270 1271 1272 1273 1274 1275 1276 1277 1278 1279 1280 1281 1282 1283 1284 1285 1286 1287 1288 1289 1290 1291 1292 1293 1294 1295 1296 1297 1298 1299 1300 1301 1302 1303 1304 1305 1306 1307 1308 1309 1310 1311 1312 1313 1314 1315 1316 1317 1318 1319 1320 1321 1322 1323 1324 1325 1326 1327 1328 1329 1330 1331 1332 1333 1334 1335 1336 1337 1338 1339 1340 1341 1342 1343 1344 1345 1346 1347 1348 1349 1350 1351 1352 1353 1354 1355 1356 1357 1358 1359 1360 1361 1362 1363 1364 1365 1366 1367 1368 1369 1370 1371 1372 1373 1374 1375 1376 1377 1378 1379 1380 1381 1382 1383 1384 1385 1386 1387 1388 1389 1390 1391 1392 1393 1394 1395 1396 1397 1398 1399 1400 1401 1402 1403 1404 1405 1406 1407 1408 1409 1410 1411 1412 1413 1414 1415 1416 1417 1418 1419 1420 1421 1422 1423 1424 1425 1426 1427 1428 1429 1430 1431 1432 1433 1434 1435 1436 1437 1438 1439 1440 1441 1442 1443 1444 1445 1446 1447 1448 1449 1450 1451 1452 1453 1454 1455 1456 1457 1458 1459 1460 1461 1462 1463 1464 1465 1466 1467 1468 1469 1470 1471 1472 1473 1474 1475 1476 1477 1478 1479 1480 1481 1482 1483 1484 1485 1486 1487 1488 1489 1490 1491 1492 1493 1494 1495 1496 1497 1498 1499 1500 1501 1502 1503 1504 1505 1506 1507 1508 1509 1510 1511 1512 1513 1514 1515 1516 1517 1518 1519 1520 1521 1522 1523 1524 1525 1526 1527 1528 1529 1530 1531 1532 1533 1534 1535 1536 1537 1538 1539 1540 1541 1542 1543 1544 1545 1546 1547 1548 1549 1550 1551 1552 1553 1554 1555 1556 1557 1558 1559 1560 1561 1562 1563 1564 1565 1566 1567 1568 1569 1570 1571 1572 1573 1574 1575 1576 1577 1578 1579 1580 1581 1582 1583 1584 1585 1586 1587 1588 1589 1590 1591 1592 1593 1594 1595 1596 1597 1598 1599 1600 1601 1602 1603 1604 1605 1606 1607 1608 1609 1610 1611 1612 1613 1614 1615 1616 1617 1618 1619 1620 1621 1622 1623 1624 1625 1626 1627 1628 1629 1630 1631 1632 1633 1634 1635 1636 1637 1638 1639 1640 1641 1642 1643 1644 1645 1646 1647 1648 1649 1650 1651 1652 1653 1654 1655 1656 1657 1658 1659 1660 1661 1662 1663 1664 1665 1666 1667 1668 1669 1670 1671 1672 1673 1674 1675 1676 1677 1678 1679 1680 1681 1682 1683 1684 1685 1686 1687 1688 1689 1690 1691 1692 1693 1694 1695 1696 1697 1698 1699 1700 1701 1702 1703 1704 1705 1706 1707 1708 1709 1710 1711 1712 1713 1714 1715 1716 1717 1718 1719 1720 1721 1722 1723 1724 1725 1726 1727 1728 1729 1730 1731 1732 1733 1734 1735 1736 1737 1738 1739 1740 1741 1742 1743 1744 1745 1746 1747 1748 1749 1750 1751 1752 1753 1754 1755 1756 1757 1758 1759 1760 1761 1762 1763 1764 1765 1766 1767 1768 1769 1770 1771 1772 1773 1774 1775 1776 1777 1778 1779 1780 1781 1782 1783 1784 1785 1786 1787 1788 1789 1790 1791 1792 1793 1794 1795 1796 1797 1798 1799 1800 1801 1802 1803 1804 1805 1806 1807 1808 1809 1810 1811 1812 1813 1814 1815 1816 1817 1818 1819 1820 1821 1822 1823 1824 1825 1826 1827 1828 1829 1830 1831 1832 1833 1834 1835 1836 1837 1838 1839 1840 1841 1842 1843 1844 1845 1846 1847 1848 1849 1850 1851 1852 1853 1854 1855 1856 1857 1858 1859 1860 1861 1862 1863 1864 1865 1866 1867 1868 1869 1870 1871 1872 1873 1874 1875 1876 1877 1878 1879 1880 1881 1882 1883 1884 1885 1886 1887 1888 1889 1890 1891 1892 1893 1894 1895 1896 1897 1898 1899 1900 1901 1902 1903 1904 1905 1906 1907 1908 1909 1910 1911 1912 1913 1914 1915 1916 1917 1918 1919 1920 1921 1922 1923 1924 1925 1926 1927 1928 1929 1930 1931 1932 1933 1934 1935 1936 1937 1938 1939 1940 1941 1942 1943 1944 1945 1946 1947 1948 1949 1950 1951 1952 1953 1954 1955 1956 1957 1958 1959 1960 1961 1962 1963 1964 1965 1966 1967 1968 1969 1970 1971 1972 1973 1974 1975 1976 1977 1978 1979 1980 1981 1982 1983 1984 1985 1986 1987 1988 1989 1990 1991 1992 1993 1994 1995 1996 1997 1998 1999 2000 2001 2002 2003 2004 2005 2006 2007 2008 2009 2010 2011 2012 2013 2014 2015 2016 2017 2018 2019 2020 2021 2022 2023 2024 2025 2026 2027 2028 2029 2030 2031 2032 2033 2034 2035 2036 2037 2038 2039 2040 2041 2042 2043 2044 2045 2046 2047 2048 2049 2050 2051 2052 2053 2054 2055 2056 2057 2058 2059 2060 2061 2062 2063 2064 2065 2066 2067 2068 2069 2070 2071 2072 2073 2074 2075 2076 2077 2078 2079 2080 2081 2082 2083 2084 2085 2086 2087 2088 2089 2090 2091 2092 2093 2094 2095 2096 2097 2098 2099 2100 2101 2102 2103 2104 2105 2106 2107 2108 2109 2110 2111 2112 2113 2114 2115 2116 2117 2118 2119 2120 2121 2122 2123 2124 2125 2126 2127 2128 2129 2130 2131 2132 2133 2134 2135 2136 2137 2138 2139 2140 2141 2142 2143 2144 2145 2146 2147 2148 2149 2150 2151 2152 2153 2154 2155 2156 2157 2158 2159 2160 2161 2162 2163 2164 2165 2166 2167 2168 2169 2170 2171 2172 2173 2174 2175 2176 2177 2178 2179 2180 2181 2182 2183 2184 2185 2186 2187 2188 2189 2190 2191 2192 2193 2194 2195 2196 2197 2198 2199 2200 2201 2202 2203 2204 2205 2206 2207 2208 2209 2210 2211 2212 2213 2214 2215 2216 2217 2218 2219 2220 2221 2222 2223 2224 2225 2226 2227 2228 2229 2230 2231 2232 2233 2234 2235 2236 2237 2238 2239 2240 2241 2242 2243 2244 2245 2246 2247 2248 2249 2250 2251 2252 2253 2254 2255 2256 2257 2258 2259 2260 2261 2262 2263 2264 2265 2266 2267 2268 2269 2270 2271 2272 2273 2274 2275 2276 2277 2278 2279 2280 2281 2282 2283 2284 2285 2286 2287 2288 2289 2290 2291 2292 2293 2294 2295 2296 2297 2298 2299 2300 2301 2302 2303 2304 2305 2306 2307 2308 2309 2310 2311 2312 2313 2314 2315 2316 2317 2318 2319 2320 2321 2322 2323 2324 2325 2326 2327 2328 2329 2330 2331 2332 2333 2334 2335 2336 2337 2338 2339 2340 2341 2342 2343 2344 2345 2346 2347 2348 2349 2350 2351 2352 2353 2354 2355 2356 2357 2358 2359 2360 2361 2362 2363 2364 2365 2366 2367 2368 2369 2370 2371 2372 2373 2374 2375 2376 2377 2378 2379 2380 2381 2382 2383 2384 2385 2386 2387 2388 2389 2390 2391 2392 2393 2394 2395 2396 2397 2398 2399 2400 2401 2402 2403 2404 2405 2406 2407 2408 2409 2410 2411 2412 2413 2414 2415 2416 2417 2418 2419 2420 2421 2422 2423 2424 2425 2426 2427 2428 2429 2430 2431 2432 2433 2434 2435 2436 2437 2438 2439 2440 2441 2442 2443 2444 2445 2446 2447 2448 2449 2450 2451 2452 2453 2454 2455 2456 2457 2458 2459 2460 2461 2462 2463 2464 2465 2466 2467 2468 2469 2470 2471 2472 2473 2474 2475 2476 2477 2478 2479 2480 2481 2482 2483 2484 2485 2486 2487 2488 2489 2490 2491 2492 2493 2494 2495 2496 2497 2498 2499 2500 2501 2502 2503 2504 2505 2506 2507 2508 2509 2510 2511 2512 2513 2514 2515 2516 2517 2518 2519 2520 2521 2522 2523 2524 2525 2526 2527 2528 2529 2530 2531 2532 2533 2534 2535 2536 2537 2538 2539 2540 2541 2542 2543 2544 2545 2546 2547 2548 2549 2550 2551 2552 2553 2554 2555 2556 2557 2558 2559 2560 2561 2562 2563 2564 2565 2566 2567 2568 2569 2570 2571 2572 2573 2574 2575 2576 2577 2578 2579 2580 2581 2582 2583 2584 2585 2586 2587 2588 2589 2590 2591 2592 2593 2594 2595 2596 2597 2598 2599 2600 2601 2602 2603 2604 2605 2606 2607 2608 2609 2610 2611 2612 2613 2614 2615 2616 2617 2618 2619 2620 2621 2622 2623 2624 2625 2626 2627 2628 2629 2630 2631 2632 2633 2634 2635 2636 2637 2638 2639 2640 2641 2642 2643 2644 2645 2646 2647 2648 2649 2650 2651 2652 2653 2654 2655 2656 2657 2658 2659 2660 2661 2662 2663 2664 2665 2666 2667 2668 2669 2670 2671 2672 2673 2674 2675 2676 2677 2678 2679 2680 2681 2682 2683 2684 2685 2686 2687 2688 2689 2690 2691 2692 2693 2694 2695 2696 2697 2698 2699 2700 2701 2702 2703 2704 2705 2706 2707 2708 2709 2710 2711 2712 2713 2714 2715 2716 2717 2718 2719 2720 2721 2722 2723 2724 2725 2726 2727 2728 2729 2730 2731 2732 2733 2734 2735 2736 2737 2738 2739 2740 2741 2742 2743 2744 2745 2746 2747 2748 2749 2750 2751 2752 2753 2754 2755 2756 2757 2758 2759 2760 2761 2762 2763 2764 2765 2766 2767 2768 2769 2770 2771 2772 2773 2774 2775 2776 2777 2778 2779 2780 2781 2782 2783 2784 2785 2786 2787 2788 2789 2790 2791 2792 2793 2794 2795 2796 2797 2798 2799 2800 2801 2802 2803 2804 2805 2806 2807 2808 2809 2810 2811 2812 2813 2814 2815 2816 2817 2818 2819 2820 2821 2822 2823 2824 2825 2826 2827 2828 2829 2830 2831 2832 2833 2834 2835 2836 2837 2838 2839 2840 2841 2842 2843 2844 2845 2846 2847 2848 2849 2850 2851 2852 2853 2854 2855 2856 2857 2858 2859 2860 2861 2862 2863 2864 2865 2866 2867 2868 2869 2870 2871 2872 2873 2874 2875 2876 2877 2878 2879 2880 2881 2882 2883 2884 2885 2886 2887 2888 2889 2890 2891 2892 2893 2894 2895 2896 2897 2898 2899 2900 2901 2902 2903 2904 2905 2906 2907 2908 2909 2910 2911 2912 2913 2914 2915 2916 2917 2918 2919 2920 2921 2922 2923 2924 2925 2926 2927 2928 2929 2930 2931 2932 2933 2934 2935 2936 2937 2938 2939 2940 2941 2942 2943 2944 2945 2946 2947 2948 2949 2950 2951 2952 2953 2954 2955 2956 2957 2958 2959 2960 2961 2962 2963 2964 2965 2966 2967 2968 2969 2970 2971 2972 2973 2974 2975 2976 2977 2978 2979 2980 2981 2982 2983 2984 2985 2986 2987 2988 2989 2990 2991 2992 2993 2994 2995 2996 2997 2998 2999 3000 3001 3002 3003 3004 3005 3006 3007 3008 3009 3010 3011 3012 3013 3014 3015 3016 3017 3018 3019 3020 3021 3022 3023 3024 3025 3026 3027 3028 3029 3030 3031 3032 3033 3034 3035 3036 3037 3038 3039 3040 3041 3042 3043 3044 3045 3046 3047 3048 3049 3050 3051 3052 3053 3054 3055 3056 3057 3058 3059 3060 3061 3062 3063 3064 3065 3066 3067 3068 3069 3070 3071 3072 3073 3074 3075 3076 3077 3078 3079 3080 3081 3082 3083 3084 3085 3086 3087 3088 3089 3090 3091 3092 3093 3094 3095 3096 3097 3098 3099 3100 3101 3102 3103 3104 3105 3106 3107 3108 3109 3110 3111 3112 3113 3114 3115 3116 3117 3118 3119 3120 3121 3122 3123 3124 3125 3126 3127 3128 3129 3130 3131 3132 3133 3134 3135 3136 3137 3138 3139 3140 3141 3142 3143 3144 3145 3146 3147 3148 3149 3150 3151 3152 3153 3154 3155 3156 3157 3158 3159 3160 3161 3162 3163 3164 3165 3166 3167 3168 3169 3170 3171 3172 3173 3174 3175 3176 3177 3178 3179 3180 3181 3182 3183 3184 3185 3186 3187 3188 3189 3190 3191 3192 3193 3194 3195 3196 3197 3198 3199 3200 3201 3202 3203 3204 3205 3206 3207 3208 3209 3210 3211 3212 3213 3214 3215 3216 3217 3218 3219 3220 3221 3222 3223 3224 3225 3226 3227 3228 3229 3230 3231 3232 3233 3234 3235 3236 3237 3238 3239 3240 3241 3242 3243 3244 3245 3246 3247 3248 3249 3250 3251 3252 3253 3254 3255 3256 3257 3258 3259 3260 3261 3262 3263 3264 3265 3266 3267 3268 3269 3270 3271 3272 3273 3274 3275 3276 3277 3278 3279 3280 3281 3282 3283 3284 3285 3286 3287 3288 3289 3290 3291 3292 3293 3294 3295 3296 3297 3298 3299 3300 3301 3302 3303 3304 3305 3306 3307 3308 3309 3310 3311 3312 3313 3314 3315 3316 3317 3318 3319 3320 3321 3322 3323 3324 3325 3326 3327 3328 3329 3330 3331 3332 3333 3334 3335 3336 3337 3338 3339 3340 3341 3342 3343 3344 3345 3346 3347 3348 3349 3350 3351 3352 3353 3354 3355 3356 3357 3358 3359 3360 3361 3362 3363 3364 3365 3366 3367 3368 3369 3370 3371 3372 3373 3374 3375 3376 3377 3378 3379 3380 3381 3382 3383 3384 3385 3386 3387 3388 3389 3390 3391 3392 3393 3394 3395 3396 3397 3398 3399 3400 3401 3402 3403 3404 3405 3406 3407 3408 3409 3410 3411 3412 3413 3414 3415 3416 3417 3418 3419 3420 3421 3422 3423 3424 3425 3426 3427 3428 3429 3430 3431 3432 3433 3434 3435 3436 3437 3438 3439 3440 3441 3442 3443 3444 3445 3446 3447 3448 3449 3450 3451 3452 3453 3454 3455 3456 3457 3458 3459 3460 3461 3462 3463 3464 3465 3466 3467 3468 3469 3470 3471 3472 3473 3474 3475 3476 3477 3478 3479 3480 3481 3482 3483 3484 3485 3486 3487 3488 3489 3490 3491 3492 3493 3494 3495 3496 3497 3498 3499 3500 3501 3502 3503 3504 3505 3506 3507 3508 3509 3510 3511 3512 3513 3514 3515 3516 3517 3518 3519 3520 3521 3522 3523 3524 3525 3526 3527 3528 3529 3530 3531 3532 3533 3534 3535 3536 3537 3538 3539 3540 3541 3542 3543 3544 3545 3546 3547 3548 3549 3550 3551 3552 3553 3554 3555 3556 3557 3558 3559 3560 3561 3562 3563 3564 3565 3566 3567 3568 3569 3570 3571 3572 3573 3574 3575 3576 3577 3578 3579 3580 3581 3582 3583 3584 3585 3586 3587 3588 3589 3590 3591 3592 3593 3594 3595 3596 3597 3598 3599 3600 3601 3602 3603 3604 3605 3606 3607 3608 3609 3610 3611 3612 3613 3614 3615 3616 3617 3618 3619 3620 3621 3622 3623 3624 3625 3626 3627 3628 3629 3630 3631 3632 3633 3634 3635 3636 3637 3638 3639 3640 3641 3642 3643 3644 3645 3646 3647 3648 3649 3650 3651 3652 3653 3654 3655 3656 3657 3658 3659 3660 3661 3662 3663 3664 3665 3666 3667 3668 3669 3670 3671 3672 3673 3674 3675 3676 3677 3678 3679 3680 3681 3682 3683 3684 3685 3686 3687 3688 3689 3690 3691 3692 3693 3694 3695 3696 3697 3698 3699 3700 3701 3702 3703 3704 3705 3706 3707 3708 3709 3710 3711 3712 3713 3714 3715 3716 3717 3718 3719 3720 3721 3722 3723 3724 3725 3726 3727 3728 3729 3730 3731 3732 3733 3734 3735 3736 3737 3738 3739 3740 3741 3742 3743 3744 3745 3746 3747 3748 3749 3750 3751 3752 3753 3754 3755 3756 3757 3758 3759 3760 3761 3762 3763 3764 3765 3766 3767 3768 3769 3770 3771 3772 3773 3774 3775 3776 3777 3778 3779 3780 3781 3782 3783 3784 3785 3786 3787 3788 3789 3790 3791 3792 3793 3794 3795 3796 3797 3798 3799 3800 3801 3802 3803 3804 3805 3806 3807 3808 3809 3810 3811 3812 3813 3814 3815 3816 3817 3818 3819 3820 3821 3822 3823 3824 3825 3826 3827 3828 3829 3830 3831 3832 3833 3834 3835 3836 3837 3838 3839 3840 3841 3842 3843 3844 3845 3846 3847 3848 3849 3850 3851 3852 3853 3854 3855 3856 3857 3858 3859 3860 3861 3862 3863 3864 3865 3866 3867 3868 3869 3870 3871 3872 3873 3874 3875 3876 3877 3878 3879 3880 3881 3882 3883 3884 3885 3886 3887 3888 3889 3890 3891 3892 3893 3894 3895 3896 3897 3898 3899 3900 3901 3902 3903 3904 3905 3906 3907 3908 3909 3910 3911 3912 3913 3914 3915 3916 3917 3918 3919 3920 3921 3922 3923 3924 3925 3926 3927 3928 3929 3930 3931 3932 3933 3934 3935 3936 3937 3938 3939 3940 3941 3942 3943 3944 3945 3946 3947 3948 3949 3950 3951 3952 3953 3954 3955 3956 3957 3958 3959 3960 3961 3962 3963 3964 3965 3966 3967 3968 3969 3970 3971 3972 3973 3974 3975 3976 3977 3978 3979 3980 3981 3982 3983 3984 3985 3986 3987 3988 3989 3990 3991 3992 3993 3994 3995 3996 3997 3998 3999 4000 4001 4002 4003 4004 4005 4006 4007 4008 4009 4010 4011 4012 4013 4014 4015 4016 4017 4018 4019 4020 4021 4022 4023 4024 4025 4026 4027 4028 4029 4030 4031 4032 4033 4034 4035 4036 4037 4038 4039 4040 4041 4042 4043 4044 4045 4046 4047 4048 4049 4050 4051 4052 4053 4054 4055 4056 4057 4058 4059 4060 4061 4062 4063 4064 4065 4066 4067 4068 4069 4070 4071 4072 4073 4074 4075 4076 4077 4078 4079 4080 4081 4082 4083 4084 4085 4086 4087 4088 4089 4090 4091 4092 4093 4094 4095 4096 4097 4098 4099 4100 4101 4102 4103 4104 4105 4106 4107 4108 4109 4110 4111 4112 4113 4114 4115 4116 4117 4118 4119 4120 4121 4122 4123 4124 4125 4126 4127 4128 4129 4130 4131 4132 4133 4134 4135 4136 4137 4138 4139 4140 4141 4142 4143 4144 4145 4146 4147 4148 4149 4150 4151 4152 4153 4154 4155 4156 4157 4158 4159 4160 4161 4162 4163 4164 4165 4166 4167 4168 4169 4170 4171 4172 4173 4174 4175 4176 4177 4178 4179 4180 4181 4182 4183 4184 4185 4186 4187 4188 4189 4190 4191 4192 4193 4194 4195 4196 4197 4198 4199 4200 4201 4202 4203 4204 4205 4206 4207 4208 4209 4210 4211 4212 4213 4214 4215 4216 4217 4218 4219 4220 4221 4222 4223 4224 4225 4226 4227 4228 4229 4230 4231 4232 4233 4234 4235 4236 4237 4238 4239 4240 4241 4242 4243 4244 4245 4246 4247 4248 4249 4250 4251 4252 4253 4254 4255 4256 4257 4258 4259 4260 4261 4262 4263 4264 4265 4266 4267 4268 4269 4270 4271 4272 4273 4274 4275 4276 4277 4278 4279 4280 4281 4282 4283 4284 4285 4286 4287 4288 4289 4290 4291 4292 4293 4294 4295 4296 4297 4298 4299 4300 4301 4302 4303 4304 4305 4306 4307 4308 4309 4310 4311 4312 4313 4314 4315 4316 4317 4318 4319 4320 4321 4322 4323 4324 4325 4326 4327 4328 4329 4330 4331 4332 4333 4334 4335 4336 4337 4338 4339 4340 4341 4342 4343 4344 4345 4346 4347 4348 4349 4350 4351 4352 4353 4354 4355 4356 4357 4358 4359 4360 4361 4362 4363 4364 4365 4366 4367 4368 4369 4370 4371 4372 4373 4374 4375 4376 4377 4378 4379 4380 4381 4382 4383 4384 4385 4386 4387 4388 4389 4390 4391 4392 4393 4394 4395 4396 4397 4398 4399 4400 4401 4402 4403 4404 4405 4406 4407 4408 4409 4410 4411 4412 4413 4414 4415 4416 4417 4418 4419 4420 4421 4422 4423 4424 4425 4426 4427 4428 4429 4430 4431 4432 4433 4434 4435 4436 4437 4438 4439 4440 4441 4442 4443 4444 4445 4446 4447 4448 4449 4450 4451 4452 4453 4454 4455 4456 4457 4458 4459 4460 4461 4462 4463 4464 4465 4466 4467 4468 4469 4470 4471 4472 4473 4474 4475 4476 4477 4478 4479 4480 4481 4482 4483 4484 4485 4486 4487 4488 4489 4490 4491 4492 4493 4494 4495 4496 4497 4498 4499 4500 4501 4502 4503 4504 4505 4506 4507 4508 4509 4510 4511 4512 4513 4514 4515 4516 4517 4518 4519 4520 4521 4522 4523 4524 4525 4526 4527 4528 4529 4530 4531 4532 4533 4534 4535 4536 4537 4538 4539 4540 4541 4542 4543 4544 4545 4546 4547 4548 4549 4550 4551 4552 4553 4554 4555 4556 4557 4558 4559 4560 4561 4562 4563 4564 4565 4566 4567 4568 4569 4570 4571 4572 4573 4574 4575 4576 4577 4578 4579 4580 4581 4582 4583 4584 4585 4586 4587 4588 4589 4590 4591 4592 4593 4594 4595 4596 4597 4598 4599 4600 4601 4602 4603 4604 4605 4606 4607 4608 4609 4610 4611 4612 4613 4614 4615 4616 4617 4618 4619 4620 4621 4622 4623 4624 4625 4626 4627 4628 4629 4630 4631 4632 4633 4634 4635 4636 4637 4638 4639 4640 4641 4642 4643 4644 4645 4646 4647 4648 4649 4650 4651 4652 4653 4654 4655 4656 4657 4658 4659 4660 4661 4662 4663 4664 4665 4666 4667 4668 4669 4670 4671 4672 4673 4674 4675 4676 4677 4678 4679 4680 4681 4682 4683 4684 4685 4686 4687 4688 4689 4690 4691 4692 4693 4694 4695 4696 4697 4698 4699 4700 4701 4702 4703 4704 4705 4706 4707 4708 4709 4710 4711 4712 4713 4714 4715 4716 4717 4718 4719 4720 4721 4722 4723 4724 4725 4726 4727 4728 4729 4730 4731 4732 4733 4734 4735 4736 4737 4738 4739 4740 4741 4742 4743 4744 4745 4746 4747 4748 4749 4750 4751 4752 4753 4754 4755 4756 4757 4758 4759 4760 4761 4762 4763 4764 4765 4766 4767 4768 4769 4770 4771 4772 4773 4774 4775 4776 4777 4778 4779 4780 4781 4782 4783 4784 4785 4786 4787 4788 4789 4790 4791 4792 4793 4794 4795 4796 4797 4798 4799 4800 4801 4802 4803 4804 4805 4806 4807 4808 4809 4810 4811 4812 4813 4814 4815 4816 4817 4818 4819 4820 4821 4822 4823 4824 4825 4826 4827 4828 4829 4830 4831 4832 4833 4834 4835 4836 4837 4838 4839 4840 4841 4842 4843 4844 4845 4846 4847 4848 4849 4850 4851 4852 4853 4854 4855 4856 4857 4858 4859 4860 4861 4862 4863 4864 4865 4866 4867 4868 4869 4870 4871 4872 4873 4874 4875 4876 4877 4878 4879 4880 4881 4882 4883 4884 4885 4886 4887 4888 4889 4890 4891 4892 4893 4894 4895 4896 4897 4898 4899 4900 4901 4902 4903 4904 4905 4906 4907 4908 4909 4910 4911 4912 4913 4914 4915 4916 4917 4918 4919 4920 4921 4922 4923 4924 4925 4926 4927 4928 4929 4930 4931 4932 4933 4934 4935 4936 4937 4938 4939 4940 4941 4942 4943 4944 4945 4946 4947 4948 4949 4950 4951 4952 4953 4954 4955 4956 4957 4958 4959 4960 4961 4962 4963 4964 4965 4966 4967 4968 4969 4970 4971 4972 4973 4974 4975 4976 4977 4978 4979 4980 4981 4982 4983 4984 4985 4986 4987 4988 4989 4990 4991 4992 4993 4994 4995 4996 4997 4998 4999 5000 5001 5002 5003 5004 5005 5006 5007 5008 5009 5010 5011 5012 5013 5014 5015 5016 5017 5018 5019 5020 5021 5022 5023 5024 5025 5026 5027 5028 5029 5030 5031 5032 5033 5034 5035 5036 5037 5038 5039 5040 5041 5042 5043 5044 5045 5046 5047 5048 5049 5050 5051 5052 5053 5054 5055 5056 5057 5058 5059 5060 5061 5062 5063 5064 5065 5066 5067 5068 5069 5070 5071 5072 5073 5074 5075 5076 5077 5078 5079 5080 5081 5082 5083 5084 5085 5086 5087 5088 5089 5090 5091 5092 5093 5094 5095 5096 5097 5098 5099 5100 5101 5102 5103 5104 5105 5106 5107 5108 5109 5110 5111 5112 5113 5114 5115 5116 5117 5118 5119 5120 5121 5122 5123 5124 5125 5126 5127 5128 5129 5130 5131 5132 5133 5134 5135 5136 5137 5138 5139 5140 5141 5142 5143 5144 5145 5146 5147 5148 5149 5150 5151 5152 5153 5154 5155 5156 5157 5158 5159 5160 5161 5162 5163 5164 5165 5166 5167 5168 5169 5170 5171 5172 5173 5174 5175 5176 5177 5178 5179 5180 5181 5182 5183 5184 5185 5186 5187 5188 5189 5190 5191 5192 5193 5194 5195 5196 5197 5198 5199 5200 5201 5202 5203 5204 5205 5206 5207 5208 5209 5210 5211 5212 5213 5214 5215 5216 5217 5218 5219 5220 5221 5222 5223 5224 5225 5226 5227 5228 5229 5230 5231 5232 5233 5234 5235 5236 5237 5238 5239 5240 5241 5242 5243 5244 5245 5246 5247 5248 5249 5250 5251 5252 5253 5254 5255 5256 5257 5258 5259 5260 5261 5262 5263 5264 5265 5266 5267 5268 5269 5270 5271 5272 5273 5274 5275 5276 5277 5278 5279 5280 5281 5282 5283 5284 5285 5286 5287 5288 5289 5290 5291 5292 5293 5294 5295 5296 5297 5298 5299 5300 5301 5302 5303 5304 5305 5306 5307 5308 5309 5310 5311 5312 5313 5314 5315 5316 5317 5318 5319 5320 5321 5322 5323 5324 5325 5326 5327 5328 5329 5330 5331 5332 5333 5334 5335 5336 5337 5338 5339 5340 5341 5342 5343 5344 5345 5346 5347 5348 5349 5350 5351 5352 5353 5354 5355 5356 5357 5358 5359 5360 5361 5362 5363 5364 5365 5366 5367 5368 5369 5370 5371 5372 5373 5374 5375 5376 5377 5378 5379 5380 5381 5382 5383 5384 5385 5386 5387 5388 5389 5390 5391 5392 5393 5394 5395 5396 5397 5398 5399 5400 5401 5402 5403 5404 5405 5406 5407 5408 5409 5410 5411 5412 5413 5414 5415 5416 5417 5418 5419 5420 5421 5422 5423 5424 5425 5426 5427 5428 5429 5430 5431 5432 5433 5434 5435 5436 5437 5438 5439 5440 5441 5442 5443 5444 5445 5446 5447 5448 5449 5450 5451 5452 5453 5454 5455 5456 5457 5458 5459 5460 5461 5462 5463 5464 5465 5466 5467 5468 5469 5470 5471 5472 5473 5474 5475 5476 5477 5478 5479 5480 5481 5482 5483 5484 5485 5486 5487 5488 5489 5490 5491 5492 5493 5494 5495 5496 5497 5498 5499 5500 5501 5502 5503 5504 5505 5506 5507 5508 5509 5510 5511 5512 5513 5514 5515 5516 5517 5518 5519 5520 5521 5522 5523 5524 5525 5526 5527 5528 5529 5530 5531 5532 5533 5534 5535 5536 5537 5538 5539 5540 5541 5542 5543 5544 5545 5546 5547 5548 5549 5550 5551 5552 5553 5554 5555 5556 5557 5558 5559 5560 5561 5562 5563 5564 5565 5566 5567 5568 5569 5570 5571 5572 5573 5574 5575 5576 5577 5578 5579 5580 5581 5582 5583 5584 5585 5586 5587 5588 5589 5590 5591 5592 5593 5594 5595 5596 5597 5598 5599 5600 5601 5602 5603 5604 5605 5606 5607 5608 5609 5610 5611 5612 5613 5614 5615 5616 5617 5618 5619 5620 5621 5622 5623 5624 5625 5626 5627 5628 5629 5630 5631 5632 5633 5634 5635 5636 5637 5638 5639 5640 5641 5642 5643 5644 5645 5646 5647 5648 5649 5650 5651 5652 5653 5654 5655 5656 5657 5658 5659 5660 5661 5662 5663 5664 5665 5666 5667 5668 5669 5670 5671 5672 5673 5674 5675 5676 5677 5678 5679 5680 5681 5682 5683 5684 5685 5686 5687 5688 5689 5690 5691 5692 5693 5694 5695 5696 5697 5698 5699 5700 5701 5702 5703 5704 5705 5706 5707 5708 5709 5710 5711 5712 5713 5714 5715 5716 5717 5718 5719 5720 5721 5722 5723 5724 5725 5726 5727 5728 5729 5730 5731 5732 5733 5734 5735 5736 5737 5738 5739 5740 5741 5742 5743 5744 5745 5746 5747 5748 5749 5750 5751 5752 5753 5754 5755 5756 5757 5758 5759 5760 5761 5762 5763 5764 5765 5766 5767 5768 5769 5770 5771 5772 5773 5774 5775 5776 5777 5778 5779 5780 5781 5782 5783 5784 5785 5786 5787 5788 5789 5790 5791 5792 5793 5794 5795 5796 5797 5798 5799 5800 5801 5802 5803 5804 5805 5806 5807 5808 5809 5810 5811 5812 5813 5814 5815 5816 5817 5818 5819 5820 5821 5822 5823 5824 5825 5826 5827 5828 5829 5830 5831 5832 5833 5834 5835 5836 5837 5838 5839 5840 5841 5842 5843 5844 5845 5846 5847 5848 5849 5850 5851 5852 5853 5854 5855 5856 5857 5858 5859 5860 5861 5862 5863 5864 5865 5866 5867 5868 5869 5870 5871 5872 5873 5874 5875 5876 5877 5878 5879 5880 5881 5882 5883 5884 5885 5886 5887 5888 5889 5890 5891 5892 5893 5894 5895 5896 5897 5898 5899 5900 5901 5902 5903 5904 5905 5906 5907 5908 5909 5910 5911 5912 5913 5914 5915 5916 5917 5918 5919 5920 5921 5922 5923 5924 5925 5926 5927 5928 5929 5930 5931 5932 5933 5934 5935 5936 5937 5938 5939 5940 5941 5942 5943 5944 5945 5946 5947 5948 5949 5950 5951 5952 5953 5954 5955 5956 5957 5958 5959 5960 5961 5962 5963 5964 5965 5966 5967 5968 5969 5970 5971 5972 5973 5974 5975 5976 5977 5978 5979 5980 5981 5982 5983 5984 5985 5986 5987 5988 5989 5990 5991 5992 5993 5994 5995 5996 5997 5998 5999 6000 6001 6002 6003 6004 6005 6006 6007 6008 6009 6010 6011 6012 6013 6014 6015 6016 6017 6018 6019 6020 6021 6022 6023 6024 6025 6026 6027 6028 6029 6030 6031 6032 6033 6034 6035 6036 6037 6038 6039 6040 6041 6042 6043 6044 6045 6046 6047 6048 6049 6050 6051 6052 6053 6054 6055 6056 6057 6058 6059 6060 6061 6062 6063 6064 6065 6066 6067 6068 6069 6070 6071 6072 6073 6074 6075 6076 6077 6078 6079 6080 6081 6082 6083 6084 6085 6086 6087 6088 6089 6090 6091 6092 6093 6094 6095 6096 6097 6098 6099 6100 6101 6102 6103 6104 6105 6106 6107 6108 6109 6110 6111 6112 6113 6114 6115 6116 6117 6118 6119 6120 6121 6122 6123 6124 6125 6126 6127 6128 6129 6130 6131 6132 6133 6134 6135 6136 6137 6138 6139 6140 6141 6142 6143 6144 6145 6146 6147 6148 6149 6150 6151 6152 6153 6154 6155 6156 6157 6158 6159 6160 6161 6162 6163 6164 6165 6166 6167 6168 6169 6170 6171 6172 6173 6174 6175 6176 6177 6178 6179 6180 6181 6182 6183 6184 6185 6186 6187 6188 6189 6190 6191 6192 6193 6194 6195 6196 6197 6198 6199 6200 6201 6202 6203 6204 6205 6206 6207 6208 6209 6210 6211 6212 6213 6214 6215 6216 6217 6218 6219 6220 6221 6222 6223 6224 6225 6226 6227 6228 6229 6230 6231 6232 6233 6234 6235 6236 6237 6238 6239 6240 6241 6242 6243 6244 6245 6246 6247 6248 6249 6250 6251 6252 6253 6254 6255 6256 6257 6258 6259 6260 6261 6262 6263 6264 6265 6266 6267 6268 6269 6270 6271 6272 6273 6274 6275 6276 6277 6278 6279 6280 6281 6282 6283 6284 6285 6286 6287 6288 6289 6290 6291 6292 6293 6294 6295 6296 6297 6298 6299 6300 6301 6302 6303 6304 6305 6306 6307 6308 6309 6310 6311 6312 6313 6314 6315 6316 6317 6318 6319 6320 6321 6322 6323 6324 6325 6326 6327 6328 6329 6330 6331 6332 6333 6334 6335 6336 6337 6338 6339 6340 6341 6342 6343 6344 6345 6346 6347 6348 6349 6350 6351 6352 6353 6354 6355 6356 6357 6358 6359 6360 6361 6362 6363 6364 6365 6366 6367 6368 6369 6370 6371 6372 6373 6374 6375 6376 6377 6378 6379 6380 6381 6382 6383 6384 6385 6386 6387 6388 6389 6390 6391 6392 6393 6394 6395 6396 6397 6398 6399 6400 6401 6402 6403 6404 6405 6406 6407 6408 6409 6410 6411 6412 6413 6414 6415 6416 6417 6418 6419 6420 6421 6422 6423 6424 6425 6426 6427 6428 6429 6430 6431 6432 6433 6434 6435 6436 6437 6438 6439 6440 6441 6442 6443 6444 6445 6446 6447 6448 6449 6450 6451 6452 6453 6454 6455 6456 6457 6458 6459 6460 6461 6462 6463 6464 6465 6466 6467 6468 6469 6470 6471 6472 6473 6474 6475 6476 6477 6478 6479 6480 6481 6482 6483 6484 6485 6486 6487 6488 6489 6490 6491 6492 6493 6494 6495 6496 6497 6498 6499 6500 6501 6502 6503 6504 6505 6506 6507 6508 6509 6510 6511 6512 6513 6514 6515 6516 6517 6518 6519 6520 6521 6522 6523 6524 6525 6526 6527 6528 6529 6530 6531 6532 6533 6534 6535 6536 6537 6538 6539 6540 6541 6542 6543 6544 6545 6546 6547 6548 6549 6550 6551 6552 6553 6554 6555 6556 6557 6558 6559 6560 6561 6562 6563 6564 6565 6566 6567 6568 6569 6570 6571 6572 6573 6574 6575 6576 6577 6578 6579 6580 6581 6582 6583 6584 6585 6586 6587 6588 6589 6590 6591 6592 6593 6594 6595 6596 6597 6598 6599 6600 6601 6602 6603 6604 6605 6606 6607 6608 6609 6610 6611 6612 6613 6614 6615 6616 6617 6618 6619 6620 6621 6622 6623 6624 6625 6626 6627 6628 6629 6630 6631 6632 6633 6634 6635 6636 6637 6638 6639 6640 6641 6642 6643 6644 6645 6646 6647 6648 6649 6650 6651 6652 6653 6654 6655 6656 6657 6658 6659 6660 6661 6662 6663 6664 6665 6666 6667 6668 6669 6670 6671 6672 6673 6674 6675 6676 6677 6678 6679 6680 6681 6682 6683 6684 6685 6686 6687 6688 6689 6690 6691 6692 6693 6694 6695 6696 6697 6698 6699 6700 6701 6702 6703 6704 6705 6706 6707 6708 6709 6710 6711 6712 6713 6714 6715 6716 6717 6718 6719 6720 6721 6722 6723 6724 6725 6726 6727 6728 6729 6730 6731 6732 6733 6734 6735 6736 6737 6738 6739 6740 6741 6742 6743 6744 6745 6746 6747 6748 6749 6750 6751 6752 6753 6754 6755 6756 6757 6758 6759 6760 6761 6762 6763 6764 6765 6766 6767 6768 6769 6770 6771 6772 6773 6774 6775 6776 6777 6778 6779 6780 6781 6782 6783 6784 6785 6786 6787 6788 6789 6790 6791 6792 6793 6794 6795 6796 6797 6798 6799 6800 6801 6802 6803 6804 6805 6806 6807 6808 6809 6810 6811 6812 6813 6814 6815 6816 6817 6818 6819 6820 6821 6822 6823 6824 6825 6826 6827 6828 6829 6830 6831 6832 6833 6834 6835 6836 6837 6838 6839 6840 6841 6842 6843 6844 6845 6846 6847 6848 6849 6850 6851 6852 6853 6854 6855 6856 6857 6858 6859 6860 6861 6862 6863 6864 6865 6866 6867 6868 6869 6870 6871 6872 6873 6874 6875 6876 6877 6878 6879 6880 6881 6882 6883 6884 6885 6886 6887 6888 6889 6890 6891 6892 6893 6894 6895 6896 6897 6898 6899 6900 6901 6902 6903 6904 6905 6906 6907 6908 6909 6910 6911 6912 6913 6914 6915 6916 6917 6918 6919 6920 6921 6922 6923 6924 6925 6926 6927 6928 6929 6930 6931 6932 6933 6934 6935 6936 6937 6938 6939 6940 6941 6942 6943 6944 6945 6946 6947 6948 6949 6950 6951 6952 6953 6954 6955 6956 6957 6958 6959 6960 6961 6962 6963 6964 6965 6966 6967 6968 6969 6970 6971 6972 6973 6974 6975 6976 6977 6978 6979 6980 6981 6982 6983 6984 6985 6986 6987 6988 6989 6990 6991 6992 6993 6994 6995 6996 6997 6998 6999 7000 7001 7002 7003 7004 7005 7006 7007 7008 7009 7010 7011 7012 7013 7014 7015 7016 7017 7018 7019 7020 7021 7022 7023 7024 7025 7026 7027 7028 7029 7030 7031 7032 7033 7034 7035 7036 7037 7038 7039 7040 7041 7042 7043 7044 7045 7046 7047 7048 7049 7050 7051 7052 7053 7054 7055 7056 7057 7058 7059 7060 7061 7062 7063 7064 7065 7066 7067 7068 7069 7070 7071 7072 7073 7074 7075 7076 7077 7078 7079 7080 7081 7082 7083 7084 7085 7086 7087 7088 7089 7090 7091 7092 7093 7094 7095 7096 7097 7098 7099 7100 7101 7102 7103 7104 7105 7106 7107 7108 7109 7110 7111 7112 7113 7114 7115 7116 7117 7118 7119 7120 7121 7122 7123 7124 7125 7126 7127 7128 7129 7130 7131 7132 7133 7134 7135 7136 7137 7138 7139 7140 7141 7142 7143 7144 7145 7146 7147 7148 7149 7150 7151 7152 7153 7154 7155 7156 7157 7158 7159 7160 7161 7162 7163 7164 7165 7166 7167 7168 7169 7170 7171 7172 7173 7174 7175 7176 7177 7178 7179 7180 7181 7182 7183 7184 7185 7186 7187 7188 7189 7190 7191 7192 7193 7194 7195 7196 7197 7198 7199 7200 7201 7202 7203 7204 7205 7206 7207 7208 7209 7210 7211 7212 7213 7214 7215 7216 7217 7218 7219 7220 7221 7222 7223 7224 7225 7226 7227 7228 7229 7230 7231 7232 7233 7234 7235 7236 7237 7238 7239 7240 7241 7242 7243 7244 7245 7246 7247 7248 7249 7250 7251 7252 7253 7254 7255 7256 7257 7258 7259 7260 7261 7262 7263 7264 7265 7266 7267 7268 7269 7270 7271 7272 7273 7274 7275 7276 7277 7278 7279 7280 7281 7282 7283 7284 7285 7286 7287 7288 7289 7290 7291 7292 7293 7294 7295 7296 7297 7298 7299 7300 7301 7302 7303 7304 7305 7306 7307 7308 7309 7310 7311 7312 7313 7314 7315 7316 7317 7318 7319 7320 7321 7322 7323 7324 7325 7326 7327 7328 7329 7330 7331 7332 7333 7334 7335 7336 7337 7338 7339 7340 7341 7342 7343 7344 7345 7346 7347 7348 7349 7350 7351 7352 7353 7354 7355 7356 7357 7358 7359 7360 7361 7362 7363 7364 7365 7366 7367 7368 7369 7370 7371 7372 7373 7374 7375 7376 7377 7378 7379 7380 7381 7382 7383 7384 7385 7386 7387 7388 7389 7390 7391 7392 7393 7394 7395 7396 7397 7398 7399 7400 7401 7402 7403 7404 7405 7406 7407 7408 7409 7410 7411 7412 7413 7414 7415 7416 7417 7418 7419 7420 7421 7422 7423 7424 7425 7426 7427 7428 7429 7430 7431 7432 7433 7434 7435 7436 7437 7438 7439 7440 7441 7442 7443 7444 7445 7446 7447 7448 7449 7450 7451 7452 7453 7454 7455 7456 7457 7458 7459 7460 7461 7462 7463 7464 7465 7466 7467 7468 7469 7470 7471 7472 7473 7474 7475 7476 7477 7478 7479 7480 7481 7482 7483 7484 7485 7486 7487 7488 7489 7490 7491 7492 7493 7494 7495 7496 7497 7498 7499 7500 7501 7502 7503 7504 7505 7506 7507 7508 7509 7510 7511 7512 7513 7514 7515 7516 7517 7518 7519 7520 7521 7522 7523 7524 7525 7526 7527 7528 7529 7530 7531 7532 7533 7534 7535 7536 7537 7538 7539 7540 7541 7542 7543 7544 7545 7546 7547 7548 7549 7550 7551 7552 7553 7554 7555 7556 7557 7558 7559 7560 7561 7562 7563 7564 7565 7566 7567 7568 7569 7570 7571 7572 7573 7574 7575 7576 7577 7578 7579 7580 7581 7582 7583 7584 7585 7586 7587 7588 7589 7590 7591 7592 7593 7594 7595 7596 7597 7598 7599 7600 7601 7602 7603 7604 7605 7606 7607 7608 7609 7610 7611 7612 7613 7614 7615 7616 7617 7618 7619 7620 7621 7622 7623 7624 7625 7626 7627 7628 7629 7630 7631 7632 7633 7634 7635 7636 7637 7638 7639 7640 7641 7642 7643 7644 7645 7646 7647 7648 7649 7650 7651 7652 7653 7654 7655 7656 7657 7658 7659 7660 7661 7662 7663 7664 7665 7666 7667 7668 7669 7670 7671 7672 7673 7674 7675 7676 7677 7678 7679 7680 7681 7682 7683 7684 7685 7686 7687 7688 7689 7690 7691 7692 7693 7694 7695 7696 7697 7698 7699 7700 7701 7702 7703 7704 7705 7706 7707 7708 7709 7710 7711 7712 7713 7714 7715 7716 7717 7718 7719 7720 7721 7722 7723 7724 7725 7726 7727 7728 7729 7730 7731 7732 7733 7734 7735 7736 7737 7738 7739 7740 7741 7742 7743 7744 7745 7746 7747 7748 7749 7750 7751 7752 7753 7754 7755 7756 7757 7758 7759 7760 7761 7762 7763 7764 7765 7766 7767 7768 7769 7770 7771 7772 7773 7774 7775 7776 7777 7778 7779 7780 7781 7782 7783 7784 7785 7786 7787 7788 7789 7790 7791 7792 7793 7794 7795 7796 7797 7798 7799 7800 7801 7802 7803 7804 7805 7806 7807 7808 7809 7810 7811 7812 7813 7814 7815 7816 7817 7818 7819 7820 7821 7822 7823 7824 7825 7826 7827 7828 7829 7830 7831 7832 7833 7834 7835 7836 7837 7838 7839 7840 7841 7842 7843 7844 7845 7846 7847 7848 7849 7850 7851 7852 7853 7854 7855 7856 7857 7858 7859 7860 7861 7862 7863 7864 7865 7866 7867 7868 7869 7870 7871 7872 7873 7874 7875 7876 7877 7878 7879 7880 7881 7882 7883 7884 7885 7886 7887 7888 7889 7890 7891 7892 7893 7894 7895 7896 7897 7898 7899 7900 7901 7902 7903 7904 7905 7906 7907 7908 7909 7910 7911 7912 7913 7914 7915 7916 7917 7918 7919 7920 7921 7922 7923 7924 7925 7926 7927 7928 7929 7930 7931 7932 7933 7934 7935 7936 7937 7938 7939 7940 7941 7942 7943 7944 7945 7946 7947 7948 7949 7950 7951 7952 7953 7954 7955 7956 7957 7958 7959 7960 7961 7962 7963 7964 7965 7966 7967 7968 7969 7970 7971 7972 7973 7974 7975 7976 7977 7978 7979 7980 7981 7982 7983 7984 7985 7986 7987 7988 7989 7990 7991 7992 7993 7994 7995 7996 7997 7998 7999 8000 8001 8002 8003 8004 8005 8006 8007 8008 8009 8010 8011 8012 8013 8014 8015 8016 8017 8018 8019 8020 8021 8022 8023 8024 8025 8026 8027 8028 8029 8030 8031 8032 8033 8034 8035 8036 8037 8038 8039 8040 8041 8042 8043 8044 8045 8046 8047 8048 8049 8050 8051 8052 8053 8054 8055 8056 8057 8058 8059 8060 8061 8062 8063 8064 8065 8066 8067 8068 8069 8070 8071 8072 8073 8074 8075 8076 8077 8078 8079 8080 8081 8082 8083 8084 8085 8086 8087 8088 8089 8090 8091 8092 8093 8094 8095 8096 8097 8098 8099 8100 8101 8102 8103 8104 8105 8106 8107 8108 8109 8110 8111 8112 8113 8114 8115 8116 8117 8118 8119 8120 8121 8122 8123 8124 8125 8126 8127 8128 8129 8130 8131 8132 8133 8134 8135 8136 8137 8138 8139 8140 8141 8142 8143 8144 8145 8146 8147 8148 8149 8150 8151 8152 8153 8154 8155 8156 8157 8158 8159 8160 8161 8162 8163 8164 8165 8166 8167 8168 8169 8170 8171 8172 8173 8174 8175 8176 8177 8178 8179 8180 8181 8182 8183 8184 8185 8186 8187 8188 8189 8190 8191 8192 8193 8194 8195 8196 8197 8198 8199 8200 8201 8202 8203 8204 8205 8206 8207 8208 8209 8210 8211 8212 8213 8214 8215 8216 8217 8218 8219 8220 8221 8222 8223 8224 8225 8226 8227 8228 8229 8230 8231 8232 8233 8234 8235 8236 8237 8238 8239 8240 8241 8242 8243 8244 8245 8246 8247 8248 8249 8250 8251 8252 8253 8254 8255 8256 8257 8258 8259 8260 8261 8262 8263 8264 8265 8266 8267 8268 8269 8270 8271 8272 8273 8274 8275 8276 8277 8278 8279 8280 8281 8282 8283 8284 8285 8286 8287 8288 8289 8290 8291 8292 8293 8294 8295 8296 8297 8298 8299 8300 8301 8302 8303 8304 8305 8306 8307 8308 8309 8310 8311 8312 8313 8314 8315 8316 8317 8318 8319 8320 8321 8322 8323 8324 8325 8326 8327 8328 8329 8330 8331 8332 8333 8334 8335 8336 8337 8338 8339 8340 8341 8342 8343 8344 8345 8346 8347 8348 8349 8350 8351 8352 8353 8354 8355 8356 8357 8358 8359 8360 8361 8362 8363 8364 8365 8366 8367 8368 8369 8370 8371 8372 8373 8374 8375 8376 8377 8378 8379 8380 8381 8382 8383 8384 8385 8386 8387 8388 8389 8390 8391 8392 8393 8394 8395 8396 8397 8398 8399 8400 8401 8402 8403 8404 8405 8406 8407 8408 8409 8410 8411 8412 8413 8414 8415 8416 8417 8418 8419 8420 8421 8422 8423 8424 8425 8426 8427 8428 8429 8430 8431 8432 8433 8434 8435 8436 8437 8438 8439 8440 8441 8442 8443 8444 8445 8446 8447 8448 8449 8450 8451 8452 8453 8454 8455 8456 8457 8458 8459 8460 8461 8462 8463 8464 8465 8466 8467 8468 8469 8470 8471 8472 8473 8474 8475 8476 8477 8478 8479 8480 8481 8482 8483 8484 8485 8486 8487 8488 8489 8490 8491 8492 8493 8494 8495 8496 8497 8498 8499 8500 8501 8502 8503 8504 8505 8506 8507 8508 8509 8510 8511 8512 8513 8514 8515 8516 8517 8518 8519 8520 8521 8522 8523 8524 8525 8526 8527 8528 8529 8530 8531 8532 8533 8534 8535 8536 8537 8538 8539 8540 8541 8542 8543 8544 8545 8546 8547 8548 8549 8550 8551 8552 8553 8554 8555 8556 8557 8558 8559 8560 8561 8562 8563 8564 8565 8566 8567 8568 8569 8570 8571 8572 8573 8574 8575 8576 8577 8578 8579 8580 8581 8582 8583 8584 8585 8586 8587 8588 8589 8590 8591 8592 8593 8594 8595 8596 8597 8598 8599 8600 8601 8602 8603 8604 8605 8606 8607 8608 8609 8610 8611 8612 8613 8614 8615 8616 8617 8618 8619 8620 8621 8622 8623 8624 8625 8626 8627 8628 8629 8630 8631 8632 8633 8634 8635 8636 8637 8638 8639 8640 8641 8642 8643 8644 8645 8646 8647 8648 8649 8650 8651 8652 8653 8654 8655 8656 8657 8658 8659 8660 8661 8662 8663 8664 8665 8666 8667 8668 8669 8670 8671 8672 8673 8674 8675 8676 8677 8678 8679 8680 8681 8682 8683 8684 8685 8686 8687 8688 8689 8690 8691 8692 8693 8694 8695 8696 8697 8698 8699 8700 8701 8702 8703 8704 8705 8706 8707 8708 8709 8710 8711 8712 8713 8714 8715 8716 8717 8718 8719 8720 8721 8722 8723 8724 8725 8726 8727 8728 8729 8730 8731 8732 8733 8734 8735 8736 8737 8738 8739 8740 8741 8742 8743 8744 8745 8746 8747 8748 8749 8750 8751 8752 8753 8754 8755 8756 8757 8758 8759 8760 8761 8762 8763 8764 8765 8766 8767 8768 8769 8770 8771 8772 8773 8774 8775 8776 8777 8778 8779 8780 8781 8782 8783 8784 8785 8786 8787 8788 8789 8790 8791 8792 8793 8794 8795 8796 8797 8798 8799 8800 8801 8802 8803 8804 8805 8806 8807 8808 8809 8810 8811 8812 8813 8814 8815 8816 8817 8818 8819 8820 8821 8822 8823 8824 8825 8826 8827 8828 8829 8830 8831 8832 8833 8834 8835 8836 8837 8838 8839 8840 8841 8842 8843 8844 8845 8846 8847 8848 8849 8850 8851 8852 8853 8854 8855 8856 8857 8858 8859 8860 8861 8862 8863 8864 8865 8866 8867 8868 8869 8870 8871 8872 8873 8874 8875 8876 8877 8878 8879 8880 8881 8882 8883 8884 8885 8886 8887 8888 8889 8890 8891 8892 8893 8894 8895 8896 8897 8898 8899 8900 8901 8902 8903 8904 8905 8906 8907 8908 8909 8910 8911 8912 8913 8914 8915 8916 8917 8918 8919 8920 8921 8922 8923 8924 8925 8926 8927 8928 8929 8930 8931 8932 8933 8934 8935 8936 8937 8938 8939 8940 8941 8942 8943 8944 8945 8946 8947 8948 8949 8950 8951 8952 8953 8954 8955 8956 8957 8958 8959 8960 8961 8962 8963 8964 8965 8966 8967 8968 8969 8970 8971 8972 8973 8974 8975 8976 8977 8978 8979 8980 8981 8982 8983 8984 8985 8986 8987 8988 8989 8990 8991 8992 8993 8994 8995 8996 8997 8998 8999 9000 9001 9002 9003 9004 9005 9006 9007 9008 9009 9010 9011 9012 9013 9014 9015 9016 9017 9018 9019 9020 9021 9022 9023 9024 9025 9026 9027 9028 9029 9030 9031 9032 9033 9034 9035 9036 9037 9038 9039 9040 9041 9042 9043 9044 9045 9046 9047 9048 9049 9050 9051 9052 9053 9054 9055 9056 9057 9058 9059 9060 9061 9062 9063 9064 9065 9066 9067 9068 9069 9070 9071 9072 9073 9074 9075 9076 9077 9078 9079 9080 9081 9082 9083 9084 9085 9086 9087 9088 9089 9090 9091 9092 9093 9094 9095 9096 9097 9098 9099 9100 9101 9102 9103 9104 9105 9106 9107 9108 9109 9110 9111 9112 9113 9114 9115 9116 9117 9118 9119 9120 9121 9122 9123 9124 9125 9126 9127 9128 9129 9130 9131 9132 9133 9134 9135 9136 9137 9138 9139 9140 9141 9142 9143 9144 9145 9146 9147 9148 9149 9150 9151 9152 9153 9154 9155 9156 9157 9158 9159 9160 9161 9162 9163 9164 9165 9166 9167 9168 9169 9170 9171 9172 9173 9174 9175 9176 9177 9178 9179 9180 9181 9182 9183 9184 9185 9186 9187 9188 9189 9190 9191 9192 9193 9194 9195 9196 9197 9198 9199 9200 9201 9202 9203 9204 9205 9206 9207 9208 9209 9210 9211 9212 9213 9214 9215 9216 9217 9218 9219 9220 9221 9222 9223 9224 9225 9226 9227 9228 9229 9230 9231 9232 9233 9234 9235 9236 9237 9238 9239 9240 9241 9242 9243 9244 9245 9246 9247 9248 9249 9250 9251 9252 9253 9254 9255 9256 9257 9258 9259 9260 9261 9262 9263 9264 9265 9266 9267 9268 9269 9270 9271 9272 9273 9274 9275 9276 9277 9278 9279 9280 9281 9282 9283 9284 9285 9286 9287 9288 9289 9290 9291 9292 9293 9294 9295 9296 9297 9298 9299 9300 9301 9302 9303 9304 9305 9306 9307 9308 9309 9310 9311 9312 9313 9314 9315 9316 9317 9318 9319 9320 9321 9322 9323 9324 9325 9326 9327 9328 9329 9330 9331 9332 9333 9334 9335 9336 9337 9338 9339 9340 9341 9342 9343 9344 9345 9346 9347 9348 9349 9350 9351 9352 9353 9354 9355 9356 9357 9358 9359 9360 9361 9362 9363 9364 9365 9366 9367 9368 9369 9370 9371 9372 9373 9374 9375 9376 9377 9378 9379 9380 9381 9382 9383 9384 9385 9386 9387 9388 9389 9390 9391 9392 9393 9394 9395 9396 9397 9398 9399 9400 9401 9402 9403 9404 9405 9406 9407 9408 9409 9410 9411 9412 9413 9414 9415 9416 9417 9418 9419 9420 9421 9422 9423 9424 9425 9426 9427 9428 9429 9430 9431 9432 9433 9434 9435 9436 9437 9438 9439 9440 9441 9442 9443 9444 9445 9446 9447 9448 9449 9450 9451 9452 9453 9454 9455 9456 9457 9458 9459 9460 9461 9462 9463 9464 9465 9466 9467 9468 9469 9470 9471 9472 9473 9474 9475 9476 9477 9478 9479 9480 9481 9482 9483 9484 9485 9486 9487 9488 9489 9490 9491 9492 9493 9494 9495 9496 9497 9498 9499 9500 9501 9502 9503 9504 9505 9506 9507 9508 9509 9510 9511 9512 9513 9514 9515 9516 9517 9518 9519 9520 9521 9522 9523 9524 9525 9526 9527 9528 9529 9530 9531 9532 9533 9534 9535 9536 9537 9538 9539 9540 9541 9542 9543 9544 9545 9546 9547 9548 9549 9550 9551 9552 9553 9554 9555 9556 9557 9558 9559 9560 9561 9562 9563 9564 9565 9566 9567 9568 9569 9570 9571 9572 9573 9574 9575 9576 9577 9578 9579 9580 9581 9582 9583 9584 9585 9586 9587 9588 9589 9590 9591 9592 9593 9594 9595 9596 9597 9598 9599 9600 9601 9602 9603 9604 9605 9606 9607 9608 9609 9610 9611 9612 9613 9614 9615 9616 9617 9618 9619 9620 9621 9622 9623 9624 9625 9626 9627 9628 9629 9630 9631 9632 9633 9634 9635 9636 9637 9638 9639 9640 9641 9642 9643 9644 9645 9646 9647 9648 9649 9650 9651 9652 9653 9654 9655 9656 9657 9658 9659 9660 9661 9662 9663 9664 9665 9666 9667 9668 9669 9670 9671 9672 9673 9674 9675 9676 9677 9678 9679 9680 9681 9682 9683 9684 9685 9686 9687 9688 9689 9690 9691 9692 9693 9694 9695 9696 9697 9698 9699 9700 9701 9702 9703 9704 9705 9706 9707 9708 9709 9710 9711 9712 9713 9714 9715 9716 9717 9718 9719 9720 9721 9722 9723 9724 9725 9726 9727 9728 9729 9730 9731 9732 9733 9734 9735 9736 9737 9738 9739 9740 9741 9742 9743 9744 9745 9746 9747 9748 9749 9750 9751 9752 9753 9754 9755 9756 9757 9758 9759 9760 9761 9762 9763 9764 9765 9766 9767 9768 9769 9770 9771 9772 9773 9774 9775 9776 9777 9778 9779 9780 9781 9782 9783 9784 9785 9786 9787 9788 9789 9790 9791 9792 9793 9794 9795 9796 9797 9798 9799 9800 9801 9802 9803 9804 9805 9806 9807 9808 9809 9810 9811 9812 9813 9814 9815 9816 9817 9818 9819 9820 9821 9822 9823 9824 9825 9826 9827 9828 9829 9830 9831 9832 9833 9834 9835 9836 9837 9838 9839 9840 9841 9842 9843 9844 9845 9846 9847 9848 9849 9850 9851 9852 9853 9854 9855 9856 9857 9858 9859 9860 9861 9862 9863 9864 9865 9866 9867 9868 9869 9870 9871 9872 9873 9874 9875 9876 9877 9878 9879 9880 9881 9882 9883 9884 9885 9886 9887 9888 9889 9890 9891 9892 9893 9894 9895 9896 9897 9898 9899 9900 9901 9902 9903 9904 9905 9906 9907 9908 9909 9910 9911 9912 9913 9914 9915 9916 9917 9918 9919 9920 9921 9922 9923 9924 9925 9926 9927 9928 9929 9930 9931 9932 9933 9934 9935 9936 9937 9938 9939 9940 9941 9942 9943 9944 9945 9946 9947 9948 9949 9950 9951 9952 9953 9954 9955 9956 9957 9958 9959 9960 9961 9962 9963 9964 9965 9966 9967 9968 9969 9970 9971 9972 9973 9974 9975 9976 9977 9978 9979 9980 9981 9982 9983 9984 9985 9986 9987 9988 9989 9990 9991 9992 9993 9994 9995 9996 9997 9998 9999 10000 10001 10002 10003 10004 10005 10006 10007 10008 10009 10010 10011 10012 10013 10014 10015 10016 10017 10018 10019 10020 10021 10022 10023 10024 10025 10026 10027 10028 10029 10030 10031 10032 10033 10034 10035 10036 10037 10038 10039 10040 10041 10042 10043 10044 10045 10046 10047 10048 10049 10050 10051 10052 10053 10054 10055 10056 10057 10058 10059 10060 10061 10062 10063 10064 10065 10066 10067 10068 10069 10070 10071 10072 10073 10074 10075 10076 10077 10078 10079 10080 10081 10082 10083 10084 10085 10086 10087 10088 10089 10090 10091 10092 10093 10094 10095 10096 10097 10098 10099 10100 10101 10102 10103 10104 10105 10106 10107 10108 10109 10110 10111 10112 10113 10114 10115 10116 10117 10118 10119 10120 10121 10122 10123 10124 10125 10126 10127 10128 10129 10130 10131 10132 10133 10134 10135 10136 10137 10138 10139 10140 10141 10142 10143 10144 10145 10146 10147 10148 10149 10150 10151 10152 10153 10154 10155 10156 10157 10158 10159 10160 10161 10162 10163 10164 10165 10166 10167 10168 10169 10170 10171 10172 10173 10174 10175 10176 10177 10178 10179 10180 10181 10182 10183 10184 10185 10186 10187 10188 10189 10190 10191 10192 10193 10194 10195 10196 10197 10198 10199 10200 10201 10202 10203 10204 10205 10206 10207 10208 10209 10210 10211 10212 10213 10214 10215 10216 10217 10218 10219 10220 10221 10222 10223 10224 10225 10226 10227 10228 10229 10230 10231 10232 10233 10234 10235 10236 10237 10238 10239 10240 10241 10242 10243 10244 10245 10246 10247 10248 10249 10250 10251 10252 10253 10254 10255 10256 10257 10258 10259 10260 10261 10262 10263 10264 10265 10266 10267 10268 10269 10270 10271 10272 10273 10274 10275 10276 10277 10278 10279 10280 10281 10282 10283 10284 10285 10286 10287 10288 10289 10290 10291 10292 10293 10294 10295 10296 10297 10298 10299 10300 10301 10302 10303 10304 10305 10306 10307 10308 10309 10310 10311 10312 10313 10314 10315 10316 10317 10318 10319 10320 10321 10322 10323 10324 10325 10326 10327 10328 10329 10330 10331 10332 10333 10334 10335 10336 10337 10338 10339 10340 10341 10342 10343 10344 10345 10346 10347 10348 10349 10350 10351 10352 10353 10354 10355 10356 10357 10358 10359 10360 10361 10362 10363 10364 10365 10366 10367 10368 10369 10370 10371 10372 10373 10374 10375 10376 10377 10378 10379 10380 10381 10382 10383 10384 10385 10386 10387 10388 10389 10390 10391 10392 10393 10394 10395 10396 10397 10398 10399 10400 10401 10402 10403 10404 10405 10406 10407 10408 10409 10410 10411 10412 10413 10414 10415 10416 10417 10418 10419 10420 10421 10422 10423 10424 10425 10426 10427 10428 10429 10430 10431 10432 10433 10434 10435 10436 10437 10438 10439 10440 10441 10442 10443 10444 10445 10446 10447 10448 10449 10450 10451 10452 10453 10454 10455 10456 10457 10458 10459 10460 10461 10462 10463 10464 10465 10466 10467 10468 10469 10470 10471 10472 10473 10474 10475 10476 10477 10478 10479 10480 10481 10482 10483 10484 10485 10486 10487 10488 10489 10490 10491 10492 10493 10494 10495 10496 10497 10498 10499 10500 10501 10502 10503 10504 10505 10506 10507 10508 10509 10510 10511 10512 10513 10514 10515 10516 10517 10518 10519 10520 10521 10522 10523 10524 10525 10526 10527 10528 10529 10530 10531 10532 10533 10534 10535 10536 10537 10538 10539 10540 10541 10542 10543 10544 10545 10546 10547 10548 10549 10550 10551 10552 10553 10554 10555 10556 10557 10558 10559 10560 10561 10562 10563 10564 10565 10566 10567 10568 10569 10570 10571 10572 10573 10574 10575 10576 10577 10578 10579 10580 10581 10582 10583 10584 10585 10586 10587 10588 10589 10590 10591 10592 10593 10594 10595 10596 10597 10598 10599 10600 10601 10602 10603 10604 10605 10606 10607 10608 10609 10610 10611 10612 10613 10614 10615 10616 10617 10618 10619 10620 10621 10622 10623 10624 10625 10626 10627 10628 10629 10630 10631 10632 10633 10634 10635 10636 10637 10638 10639 10640 10641 10642 10643 10644 10645 10646 10647 10648 10649 10650 10651 10652 10653 10654 10655 10656 10657 10658 10659 10660 10661 10662 10663 10664 10665 10666 10667 10668 10669 10670 10671 10672 10673 10674 10675 10676 10677 10678 10679 10680 10681 10682 10683 10684 10685 10686 10687 10688 10689 10690 10691 10692 10693 10694 10695 10696 10697 10698 10699 10700 10701 10702 10703 10704 10705 10706 10707 10708 10709 10710 10711 10712 10713 10714 10715 10716 10717 10718 10719 10720 10721 10722 10723 10724 10725 10726 10727 10728 10729 10730 10731 10732 10733 10734 10735 10736 10737 10738 10739 10740 10741 10742 10743 10744 10745 10746 10747 10748 10749 10750 10751 10752 10753 10754 10755 10756 10757 10758 10759 10760 10761 10762 10763 10764 10765 10766 10767 10768 10769 10770 10771 10772 10773 10774 10775 10776 10777 10778 10779 10780 10781 10782 10783 10784 10785 10786 10787 10788 10789 10790 10791 10792 10793 10794 10795 10796 10797 10798 10799 10800 10801 10802 10803 10804 10805 10806 10807 10808 10809 10810 10811 10812 10813 10814 10815 10816 10817 10818 10819 10820 10821 10822 10823 10824 10825 10826 10827 10828 10829 10830 10831 10832 10833 10834 10835 10836 10837 10838 10839 10840 10841 10842 10843 10844 10845 10846 10847 10848 10849 10850 10851 10852 10853 10854 10855 10856 10857 10858 10859 10860 10861 10862 10863 10864 10865 10866 10867 10868 10869 10870 10871 10872 10873 10874 10875 10876 10877 10878 10879 10880 10881 10882 10883 10884 10885 10886 10887 10888 10889 10890 10891 10892 10893 10894 10895 10896 10897 10898 10899 10900 10901 10902 10903 10904 10905 10906 10907 10908 10909 10910 10911 10912 10913 10914 10915 10916 10917 10918 10919 10920 10921 10922 10923 10924 10925 10926 10927 10928 10929 10930 10931 10932 10933 10934 10935 10936 10937 10938 10939 10940 10941 10942 10943 10944 10945 10946 10947 10948 10949 10950 10951 10952 10953 10954 10955 10956 10957 10958 10959 10960 10961 10962 10963 10964 10965 10966 10967 10968 10969 10970 10971 10972 10973 10974 10975 10976 10977 10978 10979 10980 10981 10982 10983 10984 10985 10986 10987 10988 10989 10990 10991 10992 10993 10994 10995 10996 10997 10998 10999 11000 11001 11002 11003 11004 11005 11006 11007 11008 11009 11010 11011 11012 11013 11014 11015 11016 11017 11018 11019 11020 11021 11022 11023 11024 11025 11026 11027 11028 11029 11030 11031 11032 11033 11034 11035 11036 11037 11038 11039 11040 11041 11042 11043 11044 11045 11046 11047 11048 11049 11050 11051 11052 11053 11054 11055 11056 11057 11058 11059 11060 11061 11062 11063 11064 11065 11066 11067 11068 11069 11070 11071 11072 11073 11074 11075 11076 11077 11078 11079 11080 11081 11082 11083 11084 11085 11086 11087 11088 11089 11090 11091 11092 11093 11094 11095 11096 11097 11098 11099 11100 11101 11102 11103 11104 11105 11106 11107 11108 11109 11110 11111 11112 11113 11114 11115 11116 11117 11118 11119 11120 11121 11122 11123 11124 11125 11126 11127 11128 11129 11130 11131 11132 11133 11134 11135 11136 11137 11138 11139 11140 11141 11142 11143 11144 11145 11146 11147 11148 11149 11150 11151 11152 11153 11154 11155 11156 11157 11158 11159 11160 11161 11162 11163 11164 11165 11166 11167 11168 11169 11170 11171 11172 11173 11174 11175 11176 11177 11178 11179 11180 11181 11182 11183 11184 11185 11186 11187 11188 11189 11190 11191 11192 11193 11194 11195 11196 11197 11198 11199 11200 11201 11202 11203 11204 11205 11206 11207 11208 11209 11210 11211 11212 11213 11214 11215 11216 11217 11218 11219 11220 11221 11222 11223 11224 11225 11226 11227 11228 11229 11230 11231 11232 11233 11234 11235 11236 11237 11238 11239 11240 11241 11242 11243 11244 11245 11246 11247 11248 11249 11250 11251 11252 11253 11254 11255 11256 11257 11258 11259 11260 11261 11262 11263 11264 11265 11266 11267 11268 11269 11270 11271 11272 11273 11274 11275 11276 11277 11278 11279 11280 11281 11282 11283 11284 11285 11286 11287 11288 11289 11290 11291 11292 11293 11294 11295 11296 11297 11298 11299 11300 11301 11302 11303 11304 11305 11306 11307 11308 11309 11310 11311 11312 11313 11314 11315 11316 11317 11318 11319 11320 11321 11322 11323 11324 11325 11326 11327 11328 11329 11330 11331 11332 11333 11334 11335 11336 11337 11338 11339 11340 11341 11342 11343 11344 11345 11346 11347 11348 11349 11350 11351 11352 11353 11354 11355 11356 11357 11358 11359 11360 11361 11362 11363 11364 11365 11366 11367 11368 11369 11370 11371 11372 11373 11374 11375 11376 11377 11378 11379 11380 11381 11382 11383 11384 11385 11386 11387 11388 11389 11390 11391 11392 11393 11394 11395 11396 11397 11398 11399 11400 11401 11402 11403 11404 11405 11406 11407 11408 11409 11410 11411 11412 11413 11414 11415 11416 11417 11418 11419 11420 11421 11422 11423 11424 11425 11426 11427 11428 11429 11430 11431 11432 11433 11434 11435 11436 11437 11438 11439 11440 11441 11442 11443 11444 11445 11446 11447 11448 11449 11450 11451 11452 11453 11454 11455 11456 11457 11458 11459 11460 11461 11462 11463 11464 11465 11466 11467 11468 11469 11470 11471 11472 11473 11474 11475 11476 11477 11478 11479 11480 11481 11482 11483 11484 11485 11486 11487 11488 11489 11490 11491 11492 11493 11494 11495 11496 11497 11498 11499 11500 11501 11502 11503 11504 11505 11506 11507 11508 11509 11510 11511 11512 11513 11514 11515 11516 11517 11518 11519 11520 11521 11522 11523 11524 11525 11526 11527 11528 11529 11530 11531 11532 11533 11534 11535 11536 11537 11538 11539 11540 11541 11542 11543 11544 11545 11546 11547 11548 11549 11550 11551 11552 11553 11554 11555 11556 11557 11558 11559 11560 11561 11562 11563 11564 11565 11566 11567 11568 11569 11570 11571 11572 11573 11574 11575 11576 11577 11578 11579 11580 11581 11582 11583 11584 11585 11586 11587 11588 11589 11590 11591 11592 11593 11594 11595 11596 11597 11598 11599 11600 11601 11602 11603 11604 11605 11606 11607 11608 11609 11610 11611 11612 11613 11614 11615 11616 11617 11618 11619 11620 11621 11622 11623 11624 11625 11626 11627 11628 11629 11630 11631 11632 11633 11634 11635 11636 11637 11638 11639 11640 11641 11642 11643 11644 11645 11646 11647 11648 11649 11650 11651 11652 11653 11654 11655 11656 11657 11658 11659 11660 11661 11662 11663 11664 11665 11666 11667 11668 11669 11670 11671 11672 11673 11674 11675 </p>
        </polylist>
      </mesh>
    </geometry>
  </library_geometries>
  <library_controllers>
  </library_controllers>
  <library_visual_scenes>
    <visual_scene id="_ySTL_BINARY_" name="&lt;STL_BINARY&gt;">
      <node id="node" name="" type="NODE">
        <matrix sid="matrix">1 0 0 0 0 1 0 0 0 0 1 0 0 0 0 1</matrix>
        <instance_geometry url="#mesh_0">
          <bind_material>
            <technique_common>
              <instance_material symbol="defaultMaterial" target="#DefaultMaterial">
              </instance_material>
            </technique_common>
          </bind_material>
        </instance_geometry>
      </node>
    </visual_scene>
  </library_visual_scenes>
  <scene>
    <instance_visual_scene url="#_ySTL_BINARY_" />
  </scene>
</COLLADA>
