# https://github.com/mikedh/trimesh
mtllib material.mtl

o material_0_1
usemtl material_0
v -0.02898000 0.07824000 -0.00363999
v -0.02883000 0.07751000 -0.00115000
v -0.03005000 0.07849000 -0.00153001
v -0.02944000 0.07898000 -0.00037999
v -0.02801000 0.08011000 -0.00194999
v -0.02663000 0.05848000 -0.00107001
v -0.02617000 0.05631000 0.00172000
v -0.02736000 0.06100000 0.00200001
v -0.02731000 0.06212000 -0.00183999
v -0.02684000 0.06064000 0.00523000
v -0.02765000 0.06500000 0.00150000
v -0.02725000 0.06543000 0.00517000
v -0.02745000 0.06798000 -0.00115999
v -0.02695000 0.06452000 -0.00415000
v -0.02696000 0.06968000 -0.00319999
v -0.02739000 0.07059000 0.00320000
v -0.02665000 0.07186000 0.00670999
v -0.02716000 0.07244000 -0.00039001
v -0.02760000 0.07546000 0.00132001
v -0.02694000 0.07419000 0.00441000
v -0.02621000 0.07842000 -0.01463000
v -0.02629000 0.07808000 -0.01318000
v -0.02717000 0.07858000 -0.01263000
v -0.02644000 0.07728000 -0.01012000
v -0.02746000 0.07862000 -0.01050000
v -0.02749000 0.07686000 -0.00457001
v -0.02776000 0.07870000 -0.00750001
v -0.02834000 0.07857000 0.00306000
v -0.02744000 0.07661000 0.00686000
v -0.02787000 0.07825000 0.00900000
v -0.02635000 0.07694000 0.01154000
v -0.02612000 0.07763000 0.01400000
v -0.02743000 0.07830000 0.01300000
v -0.02519000 0.07848000 0.01742999
v -0.02474000 0.07910000 -0.01534000
v -0.02556000 0.08040000 -0.01033001
v -0.02716000 0.07995000 -0.00662000
v -0.02777000 0.08034000 0.00206000
v -0.02747000 0.08020000 0.00664000
v -0.02679000 0.08008000 0.01012001
v -0.02651000 0.07940000 0.01350001
v -0.02349000 0.04877000 -0.00620000
v -0.02420000 0.04621000 -0.00088000
v -0.02465000 0.05340000 -0.00603001
v -0.02539000 0.05300000 -0.00149999
v -0.02498000 0.05000000 0.00150000
v -0.02490000 0.05044000 0.00421000
v -0.02584000 0.05604000 0.00469001
v -0.02429000 0.05147000 0.00783000
v -0.02538000 0.05728000 0.00805000
v -0.02290000 0.05060000 0.01073000
v -0.02400000 0.05765000 0.01201999
v -0.02331000 0.05631000 -0.01118000
v -0.02491000 0.05909000 -0.00872999
v -0.02609000 0.05917000 -0.00460000
v -0.02239000 0.06065000 -0.01432000
v -0.02568000 0.06176000 0.00930999
v -0.02403000 0.06414000 -0.01210999
v -0.02541000 0.06371000 -0.00851001
v -0.02345000 0.06114000 0.01420000
v -0.02493000 0.06575000 0.01146001
v -0.02310000 0.06937000 0.01493000
v -0.02506000 0.06813000 -0.00956000
v -0.02607000 0.06824000 -0.00649001
v -0.02618000 0.06748000 0.00858000
v -0.02401000 0.07014000 -0.01193000
v -0.02476000 0.07250000 -0.00988001
v -0.02551000 0.07250000 -0.00750001
v -0.02641000 0.07311000 -0.00358000
v -0.02455000 0.07250000 0.01198000
v -0.02317000 0.07490000 -0.01297000
v -0.02497000 0.07518000 -0.01014000
v -0.02594000 0.07523000 -0.00750001
v -0.02660000 0.07512000 -0.00325000
v -0.02590000 0.07489000 0.00895999
v -0.02393000 0.07497000 0.01339001
v -0.02329000 0.07851000 -0.01789001
v -0.02411000 0.07781000 -0.01597001
v -0.02423000 0.07673000 -0.01319000
v -0.02448000 0.07647000 0.01384001
v -0.02381000 0.07718000 0.01695000
v -0.02311000 0.08105000 -0.01339000
v -0.02547000 0.08151000 -0.00514001
v -0.02586000 0.08167000 0.00310999
v -0.02531000 0.08139000 0.00964999
v -0.02390000 0.08110000 0.01388000
v -0.02362000 0.08200000 0.01144999
v -0.02387000 0.07967000 0.01768001
v -0.02303000 0.08219000 -0.00905000
v -0.02364000 0.08243000 -0.00300001
v -0.02379000 0.08242000 0.00524999
v -0.02060000 0.04850000 0.01419000
v -0.02097000 0.05534000 0.01635000
v -0.02177000 0.05100000 -0.01164999
v -0.02021000 0.05421000 -0.01531000
v -0.02261000 0.05709000 0.01440001
v -0.01855000 0.05993000 -0.01904000
v -0.01958000 0.05782000 -0.01734000
v -0.02144000 0.06068000 0.01706000
v -0.02141000 0.06403000 -0.01626000
v -0.02166000 0.06631000 0.01697999
v -0.02249000 0.06839000 -0.01468000
v -0.01995000 0.06945000 -0.01808999
v -0.02154000 0.07250000 -0.01532000
v -0.02056000 0.07448000 -0.01638000
v -0.02192000 0.07528000 0.01696999
v -0.01954000 0.07849000 -0.02194001
v -0.02122000 0.07758000 -0.01916000
v -0.02143000 0.07635000 -0.01638000
v -0.02084000 0.08012000 -0.01848000
v -0.02129000 0.08091000 0.01833999
v -0.02047000 0.08252000 -0.01173000
v -0.02100000 0.08296000 -0.00525001
v -0.02100000 0.08308000 0.00375000
v -0.02117000 0.08263000 0.01198000
v -0.01871000 0.08236000 0.01707000
v -0.01886000 0.04692000 -0.01469000
v -0.02032000 0.04355000 -0.01196000
v -0.01876000 0.05145000 0.01740000
v -0.01814000 0.04641000 0.01659000
v -0.01745000 0.05167000 -0.01766001
v -0.01875000 0.06618000 -0.01944999
v -0.01655000 0.06359000 -0.02136999
v -0.01662000 0.06824000 -0.02139000
v -0.01737000 0.07250000 -0.02031000
v -0.01900000 0.07300000 -0.01860000
v -0.01827000 0.07548000 -0.01976000
v -0.01694000 0.07768000 -0.02344000
v -0.01782000 0.08021000 -0.02145000
v -0.01894000 0.08175000 -0.01752999
v -0.01609000 0.08239000 -0.01796999
v -0.01562000 0.08323000 -0.01262000
v -0.01650000 0.08344000 -0.00750001
v -0.01650000 0.08355000 -0.00149999
v -0.01800000 0.08335000 0.00825000
v -0.01650000 0.08321000 0.01500000
v -0.01479000 0.04836000 -0.01907000
v -0.01555000 0.05488000 -0.02022000
v -0.01450000 0.06043000 -0.02218000
v -0.01289000 0.06342000 -0.02355000
v -0.01427000 0.06786000 -0.02305999
v -0.01538000 0.07112000 -0.02198000
v -0.01466000 0.07392000 -0.02203999
v -0.01331000 0.07836000 -0.02652000
v -0.01624000 0.07864000 -0.02496999
v -0.01442000 0.07593000 -0.02291000
v -0.01320000 0.07972000 -0.02557000
v -0.01429000 0.08137000 -0.02246000
v -0.01238000 0.08310000 -0.01762999
v -0.01500000 0.08361000 0.00375000
v -0.01500000 0.08350000 0.01200000
v -0.01128000 0.04568000 -0.02087000
v -0.01095000 0.05111000 -0.02202999
v -0.01190000 0.05516000 -0.02264000
v -0.01035000 0.05991000 -0.02450000
v -0.01059000 0.06503000 -0.02473999
v -0.01124000 0.07134000 -0.02416000
v -0.01018000 0.07432000 -0.02466001
v -0.01252000 0.07698000 -0.02539000
v -0.00990000 0.08240000 -0.02239001
v -0.00937000 0.08370000 -0.01125000
v -0.00872000 0.08375000 -0.00384000
v -0.00853000 0.08366000 0.00834000
v -0.01050000 0.08345000 0.01799999
v -0.00871000 0.05303000 -0.02350999
v -0.00811000 0.05703000 -0.02488001
v -0.00836000 0.06126000 -0.02558000
v -0.00657000 0.06653000 -0.02614000
v -0.00844000 0.06910000 -0.02551000
v -0.00722000 0.07833000 -0.02922000
v -0.00980000 0.07759000 -0.02783000
v -0.01043000 0.07881000 -0.02822000
v -0.00780000 0.07638000 -0.02697000
v -0.00728000 0.07977000 -0.02821000
v -0.00749000 0.08104000 -0.02645001
v -0.00911000 0.08172000 -0.02477001
v -0.00650000 0.08315000 -0.02075000
v -0.00675000 0.08360000 -0.01650000
v -0.00637000 0.08358000 0.01575001
v -0.00787000 0.04673000 -0.02262001
v -0.00620000 0.04888000 -0.02336000
v -0.00607000 0.05269000 -0.02426000
v -0.00529000 0.05764000 -0.02593000
v -0.00362000 0.06288000 -0.02657001
v -0.00436000 0.07250000 -0.02636000
v -0.00437000 0.07509000 -0.02687000
v -0.00559000 0.08228000 -0.02470000
v -0.00150000 0.04988000 -0.02427000
v -0.00212000 0.05246000 -0.02491000
v -0.00318000 0.05489000 -0.02567001
v -0.00125000 0.05775000 -0.02640000
v -0.00150000 0.06875000 -0.02681000
v -0.00314000 0.07874000 -0.03003999
v -0.00338000 0.07722000 -0.02893001
v -0.00200000 0.07987000 -0.02924999
v -0.00236000 0.08140000 -0.02698000
v -0.00064000 0.08239000 -0.02507999
v -0.00150000 0.08306000 -0.02250001
v 0.00000000 0.08361000 -0.01800001
v 0.00056000 0.08374000 -0.01050000
v 0.00281000 0.08369000 0.00169000
v 0.00266000 0.05454000 -0.02558000
v 0.00000000 0.06200000 -0.02687000
v 0.00150000 0.07250000 -0.02665000
v 0.00150000 0.07514000 -0.02714001
v -0.00175000 0.07894000 -0.03071999
v 0.00038000 0.07857000 -0.03015999
v 0.00082000 0.07692000 -0.02858999
v 0.00050000 0.08035000 -0.02849001
v 0.00150000 0.08363000 0.01313000
v 0.00159000 0.05014000 -0.02436000
v 0.00300000 0.05900000 -0.02647000
v 0.00300000 0.06575000 -0.02685000
v 0.00343000 0.07802000 -0.03061999
v 0.00340000 0.07956000 -0.02976000
v 0.00364000 0.08135000 -0.02679001
v 0.00536000 0.08220000 -0.02487001
v 0.00450000 0.08291000 -0.02250001
v 0.00525000 0.08336000 -0.01950000
v 0.00765000 0.05502000 -0.02466001
v 0.00450000 0.04925000 -0.02397001
v 0.00722000 0.05833000 -0.02572000
v 0.00600000 0.06200000 -0.02641000
v 0.00575000 0.07000000 -0.02641000
v 0.00600000 0.07448000 -0.02643999
v 0.00443000 0.07829000 -0.03109001
v 0.00657000 0.07891000 -0.03037999
v 0.00596000 0.07720000 -0.02895000
v 0.00675000 0.08365000 -0.01500000
v 0.01200000 0.08347000 0.00591000
v 0.00675000 0.08344000 0.01650000
v 0.00892000 0.04644000 -0.02259999
v 0.01018000 0.05169000 -0.02326999
v 0.00914000 0.06049000 -0.02553999
v 0.01062000 0.05760000 -0.02426000
v 0.00842000 0.06575000 -0.02597000
v 0.00891000 0.07207000 -0.02564999
v 0.00931000 0.07514000 -0.02585000
v 0.00845000 0.07816000 -0.03037000
v 0.00950000 0.07729000 -0.02800000
v 0.00903000 0.07987000 -0.02842000
v 0.01150000 0.08197000 -0.02348000
v 0.01050000 0.08276000 -0.02100000
v 0.01200000 0.08338000 -0.01500000
v 0.01444000 0.08347000 -0.00525001
v 0.01144000 0.04891000 -0.02200000
v 0.01215000 0.05483000 -0.02318001
v 0.01271000 0.06113000 -0.02392000
v 0.01029000 0.06714000 -0.02533001
v 0.01335000 0.06543000 -0.02383000
v 0.01296000 0.07134000 -0.02384999
v 0.01250000 0.07474000 -0.02400000
v 0.01131000 0.07842000 -0.02985001
v 0.01168000 0.07801000 -0.02867000
v 0.01200000 0.07667000 -0.02566001
v 0.01342000 0.08016000 -0.02579000
v 0.01500000 0.08319000 0.01162000
v 0.01398000 0.05300000 -0.02161001
v 0.01510000 0.04700000 -0.01950000
v 0.01522000 0.05776000 -0.02226999
v 0.01533000 0.07515000 -0.02279000
v 0.01772000 0.07854000 -0.02561000
v 0.01497000 0.07760000 -0.02586000
v 0.01683000 0.08196000 -0.02022999
v 0.01650000 0.08258000 -0.01800001
v 0.01650000 0.08298000 -0.01500000
v 0.01913000 0.08311000 -0.00787000
v 0.01774000 0.05285000 -0.01862000
v 0.01742000 0.04683000 -0.01754001
v 0.01841000 0.05715000 -0.01943000
v 0.01614000 0.06189000 -0.02205001
v 0.01862000 0.06275000 -0.02007000
v 0.01859000 0.06800000 -0.02017000
v 0.01611000 0.07014000 -0.02214000
v 0.01837000 0.07250000 -0.01997000
v 0.01817000 0.07558000 -0.02076000
v 0.01882000 0.07812000 -0.02409001
v 0.01800000 0.07710000 -0.02262001
v 0.01942000 0.08004000 -0.02146000
v 0.02025000 0.08308000 0.00150000
v 0.02012000 0.08278000 0.01111999
v 0.01837000 0.08255000 0.01635000
v 0.02007000 0.04873000 -0.01512000
v 0.01947000 0.05296000 0.01785000
v 0.01907000 0.04703000 0.01634000
v 0.02149000 0.05078000 0.01453000
v 0.02175000 0.05358000 -0.01413999
v 0.02120000 0.05710000 -0.01659000
v 0.02167000 0.06200000 -0.01709001
v 0.02270000 0.06693000 -0.01598000
v 0.02133000 0.07121000 -0.01698001
v 0.02011000 0.07483000 -0.01847000
v 0.02026000 0.07854000 -0.02361999
v 0.02089000 0.07694000 -0.01964000
v 0.02131000 0.08157000 -0.01692000
v 0.02100000 0.08266000 -0.01199999
v 0.02167000 0.04870000 -0.01275000
v 0.02279000 0.04680000 -0.00903000
v 0.02361000 0.05225000 -0.01018000
v 0.02458000 0.04937000 -0.00559001
v 0.02401000 0.05620000 -0.01215000
v 0.02310000 0.05611000 0.01387000
v 0.02303000 0.05079000 0.01167999
v 0.02143000 0.05811000 0.01719000
v 0.02327000 0.05756000 -0.01423000
v 0.02375000 0.06286000 -0.01469000
v 0.02492000 0.05963000 0.01164000
v 0.02391000 0.06355000 0.01496001
v 0.02269000 0.06262000 0.01665001
v 0.02272000 0.06694000 0.01770000
v 0.02345000 0.07141000 -0.01407000
v 0.02413000 0.07014000 0.01512000
v 0.02198000 0.07101000 0.01778001
v 0.02229000 0.07495000 -0.01596001
v 0.02395000 0.07496000 -0.01293000
v 0.02521000 0.07244000 -0.01004000
v 0.02305000 0.07482000 0.01593000
v 0.02158000 0.07827000 -0.02162000
v 0.02254000 0.07895000 -0.01915000
v 0.02499000 0.07879000 -0.01661999
v 0.02395000 0.07746000 -0.01686001
v 0.02440000 0.07651000 -0.01379999
v 0.02420000 0.08049000 -0.01562001
v 0.02384000 0.08202000 -0.01168001
v 0.02400000 0.08259000 -0.00375000
v 0.02375000 0.08261000 0.00500000
v 0.02338000 0.08216000 0.01190999
v 0.02334000 0.08137000 0.01590000
v 0.02533000 0.05669000 -0.00871999
v 0.02637000 0.05487000 -0.00281000
v 0.02489000 0.04733000 -0.00008000
v 0.02537000 0.05013000 0.00287999
v 0.02688000 0.05631000 0.00193000
v 0.02557000 0.05339000 0.00633000
v 0.02367000 0.04814000 0.00883000
v 0.02540000 0.05619000 0.00887001
v 0.02698000 0.05842000 -0.00510999
v 0.02463000 0.06114000 -0.01283000
v 0.02608000 0.06232000 -0.00930001
v 0.02708000 0.06003000 0.00656000
v 0.02604000 0.06272000 0.01024000
v 0.02531000 0.06765000 -0.01123001
v 0.02694000 0.06650000 -0.00757000
v 0.02563000 0.06693000 0.01226001
v 0.02699000 0.06713000 0.00899001
v 0.02561000 0.07011000 0.01180001
v 0.02716000 0.06956000 -0.00654000
v 0.02691000 0.07287000 -0.00483000
v 0.02697000 0.07216000 0.00765000
v 0.02513000 0.07268000 0.01194000
v 0.02583000 0.07469000 -0.00844000
v 0.02749000 0.07623000 -0.00600000
v 0.02714000 0.07492000 0.00140999
v 0.02698000 0.07542000 0.00144000
v 0.02786000 0.07606000 0.00183000
v 0.02632000 0.07474000 0.00979000
v 0.02451000 0.07599000 0.01493999
v 0.02708000 0.07853000 -0.01442000
v 0.02620000 0.07779000 -0.01416001
v 0.02677000 0.07711000 -0.01107000
v 0.02708000 0.07716000 0.01299000
v 0.02764000 0.07662000 0.00974000
v 0.02659000 0.07783000 0.01627000
v 0.02687000 0.07953000 -0.01295000
v 0.02673000 0.08088000 -0.00961000
v 0.02824000 0.08042000 0.00857000
v 0.02557000 0.08147000 0.01132999
v 0.02750000 0.07984000 0.01245999
v 0.02497000 0.07988000 0.01707000
v 0.02631000 0.08193000 -0.00505000
v 0.02633000 0.08211000 0.00300001
v 0.02578000 0.08202000 0.00767000
v 0.02754000 0.05924000 -0.00149999
v 0.02759000 0.06023000 0.00287999
v 0.02742000 0.06233000 -0.00556999
v 0.02802000 0.06350000 0.00000000
v 0.02783000 0.06350000 0.00450000
v 0.02752000 0.06586000 0.00711000
v 0.02776000 0.06650000 -0.00451000
v 0.02795000 0.06787000 -0.00062001
v 0.02796000 0.06650000 0.00300001
v 0.02753000 0.07059000 -0.00281000
v 0.02770000 0.06950000 0.00450000
v 0.02736000 0.07311000 0.00174999
v 0.02738000 0.07254000 0.00550000
v 0.02752000 0.07466000 -0.00122000
v 0.02796000 0.07523000 0.00418000
v 0.02760000 0.07516000 0.00716999
v 0.02755000 0.07834000 -0.01277000
v 0.02838000 0.07898000 -0.00996999
v 0.03000000 0.07854000 -0.00835000
v 0.02929000 0.07774000 -0.00673000
v 0.02931000 0.07712000 -0.00187001
v 0.02972000 0.07734000 0.00221001
v 0.02932000 0.07726000 0.00713000
v 0.02935000 0.07790000 0.01027000
v 0.02947000 0.07832000 0.01174000
v 0.02791000 0.07858000 0.01471999
v 0.02880000 0.08014000 -0.00613999
v 0.02822000 0.08114000 -0.00086000
v 0.02989000 0.07977000 -0.00214000
v 0.02973000 0.07978000 0.00386000
v 0.02809000 0.08105000 0.00503001
v 0.03046000 0.07848000 -0.00560000
v 0.03068000 0.07858000 0.00075001
v 0.03042000 0.07855000 0.00749999
v 0.03025000 0.07861000 0.00974000
v 0.01603000 0.05084000 0.02032000
v 0.01828000 0.05649000 0.01994000
v 0.01502000 0.05774000 0.02263001
v 0.01844000 0.06312000 0.02137999
v 0.01368000 0.06182000 0.02421001
v 0.01553000 0.06599000 0.02376001
v 0.01791000 0.06870000 0.02222000
v 0.01410000 0.06824000 0.02456001
v 0.01578000 0.07268000 0.02276000
v 0.01865000 0.07146000 0.02097000
v 0.01864000 0.07487000 0.02053000
v 0.01629000 0.07549000 0.02273999
v 0.01262000 0.07490000 0.02451000
v 0.01853000 0.07672000 0.02263001
v 0.01550000 0.07677000 0.02469000
v 0.01661000 0.07786000 0.02664000
v 0.01669000 0.08150000 0.02263001
v 0.01385000 0.08088000 0.02569001
v 0.01842000 0.07990000 0.02444001
v 0.01578000 0.07847000 0.02821000
v 0.01312000 0.07941000 0.02837999
v 0.01325000 0.08295000 0.01925001
v 0.01872000 0.08202000 0.01933999
v 0.01294000 0.08248000 0.02218001
v 0.02072000 0.06341000 0.01940000
v 0.02008000 0.06799000 0.02057000
v 0.02030000 0.07390000 0.01878999
v 0.02131000 0.07642000 0.01926001
v 0.02300000 0.07768000 0.02062000
v 0.02057000 0.07798000 0.02429000
v 0.02010000 0.07838000 0.02595000
v 0.02248000 0.07980000 0.02055000
v 0.02451000 0.07848000 0.02002999
v 0.02190000 0.07863000 0.02372000
v 0.02644000 0.07834000 0.01773000
v -0.02111000 0.00427999 0.01667000
v -0.01798000 0.00366000 0.01987000
v -0.01713000 0.00938001 0.01866999
v -0.02002000 0.00952000 0.01557000
v -0.01726000 0.01492000 0.01779001
v -0.02015000 0.01437000 0.01469000
v -0.01634000 0.02099000 0.01761000
v -0.01910000 0.01915000 0.01503000
v -0.01478000 0.00495000 0.02184001
v -0.01347000 0.01005001 0.02132000
v -0.01500000 0.01687000 0.01944000
v -0.01395000 0.02734000 0.01898000
v -0.01734000 0.02528000 0.01593000
v -0.01425000 0.03329000 0.01839000
v -0.01480000 0.03970000 0.01821999
v -0.01512000 0.04653000 0.01930000
v -0.01136000 0.00442001 0.02411001
v -0.01116000 0.00979000 0.02286001
v -0.01292000 0.02021000 0.02045000
v -0.01022000 0.02772000 0.02164000
v -0.01045000 0.03543000 0.02110000
v -0.01161000 0.04402000 0.02114000
v -0.01189000 0.05009000 0.02221000
v -0.00769000 0.00294001 0.02620000
v -0.00685000 0.00417999 0.02542999
v -0.00698000 0.00656001 0.02486999
v -0.00761000 0.00968999 0.02408999
v -0.00844000 0.01711000 0.02318999
v -0.01024000 0.01839000 0.02234000
v -0.00823000 0.02538000 0.02281000
v -0.00765000 0.03994000 0.02243000
v -0.00895000 0.04603000 0.02283999
v -0.00600000 0.01475000 0.02404000
v -0.00450000 0.02300000 0.02355000
v -0.00607000 0.02844000 0.02312000
v -0.00760000 0.03414000 0.02253001
v -0.00429000 0.03543000 0.02321001
v -0.00616000 0.04515000 0.02350000
v -0.00333000 0.00243000 0.02833000
v -0.00249000 0.00430001 0.02678999
v -0.00214000 0.00905000 0.02540000
v -0.00300000 0.01511999 0.02446000
v -0.00150000 0.02900000 0.02354001
v -0.00300000 0.04100000 0.02361000
v -0.00345000 0.04712000 0.02430000
v 0.00086000 0.00393999 0.02720000
v 0.00141000 0.00703000 0.02603001
v 0.00025000 0.01372000 0.02480000
v 0.00000000 0.02225000 0.02408999
v 0.00150000 0.03463000 0.02351000
v 0.00000000 0.04100000 0.02385999
v -0.00043000 0.04683000 0.02452000
v 0.00386000 0.00393000 0.02700000
v 0.00316000 0.00932000 0.02534001
v 0.00313000 0.01713000 0.02437000
v 0.00300000 0.02600000 0.02370000
v 0.00455000 0.04241000 0.02360000
v 0.00441000 0.04779000 0.02433001
v 0.00677000 0.00280000 0.02726001
v 0.00829000 0.00456000 0.02528000
v 0.00629000 0.00816000 0.02498999
v 0.00600000 0.01400001 0.02408999
v 0.00587000 0.02287000 0.02351999
v 0.00593000 0.03179000 0.02308001
v 0.00661000 0.03725000 0.02281000
v 0.01089000 0.00201999 0.02746000
v 0.01108000 0.00664999 0.02366001
v 0.00893000 0.01258000 0.02344000
v 0.00837000 0.02139000 0.02298001
v 0.00798000 0.02970000 0.02261999
v 0.01071000 0.03469000 0.02117001
v 0.01155000 0.02614000 0.02123000
v 0.01079000 0.04091000 0.02145000
v 0.00955000 0.04391000 0.02238999
v 0.00958000 0.05053000 0.02372000
v 0.01391000 0.00366000 0.02358000
v 0.01307000 0.00998000 0.02199000
v 0.01192000 0.01834000 0.02165000
v 0.01468000 0.02720000 0.01944000
v 0.01279000 0.05060000 0.02238999
v 0.01633000 0.00241000 0.02380000
v 0.01597000 0.00619999 0.02088000
v 0.01569000 0.01221000 0.01998000
v 0.01655000 0.03396000 0.01765999
v 0.01645000 0.02772000 0.01808000
v 0.01396000 0.03706000 0.01977000
v 0.01647000 0.04039000 0.01821999
v 0.01427000 0.04614000 0.02040000
v 0.01822000 0.00439999 0.01988000
v 0.01985000 0.00796000 0.01696000
v 0.01714000 0.01475000 0.01863000
v 0.01851000 0.02000000 0.01706000
v 0.01827000 0.02876000 0.01620001
v 0.01671000 0.04550000 0.01843999
v 0.02158000 0.00413000 0.01656000
v 0.02108000 0.00222000 0.02004001
v 0.02014000 0.01550000 0.01560000
v 0.02007000 0.02151000 0.01516999
v 0.01884000 0.04075000 0.01577000
v 0.02328000 0.00224999 0.01705000
v 0.00292000 0.07848000 -0.03165001
v 0.00873000 0.07850000 -0.03153001
v -0.02175000 0.07802000 0.02139001
v -0.02332000 0.07861000 0.02069000
v -0.02015000 0.07250000 0.01878999
v -0.02077000 0.07679000 0.01976000
v -0.02130000 0.07851000 0.02283999
v -0.01996000 0.08001000 0.02159999
v -0.01848000 0.05715000 0.01943000
v -0.01639000 0.05379000 0.02018000
v -0.01941000 0.06114000 0.01931000
v -0.01671000 0.05998000 0.02152000
v -0.01873000 0.06575000 0.02024000
v -0.01792000 0.06886000 0.02102999
v -0.01712000 0.07390000 0.02156000
v -0.01899000 0.07498000 0.02013999
v -0.01769000 0.07678000 0.02269000
v -0.01912000 0.07842000 0.02481000
v -0.01767000 0.07804000 0.02504000
v -0.01618000 0.07869000 0.02634999
v -0.01695000 0.07957000 0.02482000
v -0.01608000 0.08164000 0.02174001
v -0.01373000 0.05732000 0.02283999
v -0.01163000 0.06107000 0.02475000
v -0.01637000 0.06414000 0.02232000
v -0.01350000 0.06543000 0.02404000
v -0.01489000 0.07003000 0.02317000
v -0.01326000 0.07293000 0.02390000
v -0.01398000 0.07531000 0.02396999
v -0.01452000 0.07727000 0.02566999
v -0.01050000 0.08136000 0.02572000
v -0.01350000 0.08296000 0.01950000
v -0.00985000 0.05466000 0.02408999
v -0.01117000 0.07658000 0.02618000
v -0.01328000 0.07833000 0.02810000
v -0.01181000 0.07787000 0.02824000
v -0.01128000 0.07877000 0.02920000
v -0.01267000 0.07944000 0.02772001
v -0.01094000 0.08228000 0.02361000
v -0.00848000 0.05984000 0.02584000
v -0.00964000 0.06500000 0.02583000
v -0.00960000 0.06950000 0.02591001
v -0.01047000 0.07437000 0.02524001
v -0.00716000 0.07293000 0.02619000
v -0.00795000 0.07537000 0.02645999
v -0.00863000 0.07718000 0.02821000
v -0.00943000 0.07852000 0.02995999
v -0.00774000 0.08013000 0.02890000
v -0.00750000 0.08306000 0.02249999
v -0.00514000 0.05122000 0.02493000
v -0.00652000 0.05460000 0.02527000
v -0.00569000 0.05948000 0.02645999
v -0.00600000 0.06500000 0.02687000
v -0.00450000 0.06950000 0.02700000
v -0.00514000 0.07702000 0.02867000
v -0.00600000 0.07868000 0.03042001
v -0.00380000 0.08096000 0.02892000
v -0.00450000 0.08349000 0.01950000
v -0.00494000 0.08253000 0.02528000
v -0.00094000 0.05116000 0.02565000
v -0.00303000 0.05395000 0.02600999
v -0.00138000 0.05762000 0.02671000
v -0.00300000 0.06500000 0.02733000
v -0.00150000 0.07250000 0.02677000
v -0.00236000 0.07508000 0.02700999
v 0.00161000 0.07687000 0.02870000
v -0.00300000 0.07797000 0.03092000
v -0.00250000 0.07858000 0.03182000
v -0.00150000 0.08323000 0.02249999
v -0.00169000 0.08185000 0.02754000
v 0.00186000 0.05083000 0.02543999
v 0.00225000 0.06050000 0.02706000
v 0.00000000 0.06500000 0.02752000
v 0.00150000 0.06950000 0.02733000
v 0.00375000 0.07790000 0.03089000
v 0.00375000 0.07849000 0.03189001
v 0.00111000 0.08001000 0.03028000
v 0.00150000 0.08347000 0.01950000
v 0.00060000 0.08250000 0.02563000
v 0.00450000 0.05600000 0.02633999
v 0.00450000 0.06650000 0.02729000
v 0.00450000 0.07250000 0.02673000
v 0.00364000 0.07508000 0.02704001
v 0.00536000 0.08160000 0.02737001
v 0.00300000 0.08320000 0.02249999
v 0.00537000 0.05226000 0.02528000
v 0.00600000 0.06200000 0.02689000
v 0.00725000 0.06925000 0.02677000
v 0.00686000 0.07699000 0.02865000
v 0.00647000 0.07961000 0.03035000
v 0.00750000 0.08326000 0.01950000
v 0.00750000 0.08295000 0.02249999
v 0.00664000 0.08241000 0.02527000
v 0.00798000 0.05558000 0.02551000
v 0.00884000 0.06138000 0.02624001
v 0.00900000 0.06650000 0.02661000
v 0.00923000 0.07162000 0.02616000
v 0.00817000 0.07481000 0.02659001
v 0.01098000 0.07678000 0.02688000
v 0.01055000 0.07795000 0.02965000
v 0.00814000 0.07841000 0.03174000
v 0.01063000 0.08166000 0.02581000
v 0.01128000 0.05550000 0.02418000
v 0.01055000 0.06059000 0.02554999
v 0.01191000 0.06496000 0.02557001
v 0.01159000 0.06978000 0.02569001
v 0.01184000 0.07300000 0.02481000
v 0.01113000 0.07862000 0.03039000
v 0.01749000 0.00422000 -0.01932999
v 0.01430000 0.00285000 -0.02266000
v 0.01333000 0.00511000 -0.02179000
v 0.01999000 0.00220000 -0.01944999
v 0.01633000 0.00714000 -0.01952000
v 0.01287000 0.00875000 -0.02122000
v 0.01918000 0.00781000 -0.01678000
v 0.01693000 0.01200000 -0.01820999
v 0.01478000 0.01205000 -0.01968001
v 0.01631000 0.01885000 -0.01777001
v 0.01662000 0.02622000 -0.01636000
v 0.01830000 0.02046000 -0.01559999
v 0.01727000 0.03350000 -0.01576000
v 0.01388000 0.03050000 -0.01852000
v 0.01412000 0.03650000 -0.01862000
v 0.01907000 0.03359000 0.01482000
v 0.01626000 0.03999000 -0.01716000
v 0.01904000 0.04290000 -0.01465000
v 0.02052000 0.00430001 -0.01638999
v 0.02296000 0.00246000 -0.01562001
v 0.02059000 0.01138000 -0.01435000
v 0.01900000 0.01352999 -0.01594999
v 0.02160000 0.01100000 0.01399000
v 0.01959000 0.01916000 -0.01402999
v 0.02129000 0.01752000 -0.01168001
v 0.02009000 0.02450000 -0.01253000
v 0.02114000 0.02393000 0.01308000
v 0.02001000 0.03041000 -0.01237000
v 0.02033000 0.03101000 0.01316001
v 0.01948000 0.03714000 -0.01322999
v 0.02099000 0.03350000 -0.01059000
v 0.02082000 0.04111000 -0.01171000
v 0.02153000 0.03500000 0.01113001
v 0.02003000 0.04038000 0.01399000
v 0.02161000 0.04385000 0.01156999
v 0.02357000 0.00404999 -0.01222999
v 0.02554000 0.00233000 0.01260001
v 0.02394000 0.00393000 0.01259001
v 0.02290000 0.00664999 -0.01202001
v 0.02327000 0.00614000 0.01250000
v 0.02423000 0.00774000 0.00990000
v 0.02340000 0.01232001 0.01048000
v 0.02270000 0.01396000 -0.00955000
v 0.02381000 0.01065000 -0.00802000
v 0.02414000 0.01778000 -0.00469001
v 0.02195000 0.01786000 0.01295000
v 0.02322000 0.02128000 -0.00620000
v 0.02418000 0.01688000 0.00783999
v 0.02453000 0.01194000 0.00779000
v 0.02288000 0.02008000 0.01035000
v 0.02379000 0.02223000 0.00687000
v 0.02154000 0.02739000 -0.00980000
v 0.02272000 0.02763000 -0.00612999
v 0.02363000 0.02704000 -0.00254001
v 0.02213000 0.02662000 0.01045001
v 0.02338000 0.02710000 0.00606001
v 0.02353000 0.03200000 -0.00149999
v 0.02372000 0.02877000 0.00225000
v 0.02310000 0.03350000 0.00600000
v 0.02260000 0.03500000 -0.00600000
v 0.02359000 0.03500000 0.00150000
v 0.02178000 0.03894000 -0.00916999
v 0.02355000 0.03800000 -0.00149999
v 0.02304000 0.03775000 0.00625000
v 0.02236000 0.03981000 0.00895999
v 0.02303000 0.04097000 -0.00525001
v 0.02378000 0.04010000 0.00195000
v 0.02421000 0.04412000 -0.00166000
v 0.02399000 0.04399000 0.00473000
v 0.02689000 0.00200000 -0.01012000
v 0.02609000 0.00373001 -0.00668000
v 0.02767000 0.00231000 -0.00514001
v 0.02643000 0.00404999 -0.00236000
v 0.02767000 0.00231000 0.00310999
v 0.02640000 0.00392000 0.00214000
v 0.02612000 0.00400000 0.00664000
v 0.02748000 0.00223000 0.00836000
v 0.02539000 0.00427999 0.00963000
v 0.02494000 0.00554001 -0.00781999
v 0.02537000 0.00775000 -0.00425000
v 0.02590000 0.00650000 0.00000000
v 0.02567000 0.00799999 0.00300001
v 0.02533000 0.00799999 0.00600000
v 0.02462000 0.01093000 -0.00560000
v 0.02526000 0.01175001 -0.00149999
v 0.02509000 0.01400001 0.00300001
v 0.02460000 0.01956000 -0.00105999
v 0.02445000 0.02143000 0.00286999
v 0.02942000 0.00120000 -0.00600000
v 0.02961000 0.00148001 -0.00149999
v 0.02954000 0.00134000 0.00300001
v -0.02745000 0.00262000 -0.00368000
v -0.02790000 0.00240000 0.00217000
v -0.02543000 0.00408001 -0.00707000
v -0.02621000 0.00425000 -0.00300001
v -0.02641000 0.00417999 0.00300001
v -0.02602000 0.00400000 0.00749999
v -0.02388000 0.00403000 0.01235999
v -0.02315000 0.00459000 -0.01145001
v -0.02468000 0.00785000 -0.00531000
v -0.02559000 0.00625000 -0.00274999
v -0.02540000 0.00799999 0.00000000
v -0.02561000 0.00650000 0.00450000
v -0.02489000 0.00639000 0.00782000
v -0.02302000 0.00593000 0.01228000
v -0.02254000 0.01050001 0.01131000
v -0.02265000 0.01059999 -0.00950000
v -0.02492000 0.01194000 0.00160000
v -0.02477000 0.01167000 0.00455999
v -0.02429000 0.01206999 0.00673001
v -0.02309000 0.01506000 -0.00696000
v -0.02402000 0.01734000 -0.00194999
v -0.02391000 0.01996000 0.00081000
v -0.02387000 0.01832000 0.00426000
v -0.02332000 0.04471000 0.00589000
v -0.02407000 0.04521000 0.00282000
v -0.01936000 0.00240000 -0.01921999
v -0.02032000 0.00646000 -0.01524000
v -0.02111000 0.00915001 -0.01297000
v -0.02137000 0.01582000 -0.01090000
v -0.02298000 0.02017000 -0.00604001
v -0.02263000 0.01729000 0.00906000
v -0.02125000 0.01674000 0.01265000
v -0.02166000 0.02313000 -0.00961999
v -0.02068000 0.02191000 -0.01150000
v -0.02294000 0.02525000 -0.00450000
v -0.02317000 0.02300000 0.00450000
v -0.02207000 0.02520000 0.00816000
v -0.02067000 0.02416000 0.01153000
v -0.02330000 0.02600000 -0.00149999
v -0.02334000 0.02600000 0.00150000
v -0.02095000 0.02973000 -0.01015000
v -0.02189000 0.02892000 -0.00778000
v -0.02287000 0.02975000 0.00450000
v -0.02269000 0.03275000 -0.00450000
v -0.02311000 0.03425000 -0.00149999
v -0.02313000 0.03425000 0.00150000
v -0.02163000 0.03511000 0.00913000
v -0.01923000 0.03220000 -0.01255000
v -0.02124000 0.03499000 -0.00953001
v -0.02196000 0.03456000 -0.00735000
v -0.02271000 0.03737000 0.00512999
v -0.02060000 0.03773000 -0.01044001
v -0.02161000 0.04109000 -0.00887000
v -0.02260000 0.04250000 -0.00600000
v -0.02328000 0.04113000 -0.00154000
v -0.02327000 0.04085000 0.00150000
v -0.02269000 0.04171000 0.00631000
v -0.02026000 0.03526000 0.01167999
v -0.02145000 0.04326000 0.01085000
v -0.01932000 0.00425000 -0.01738000
v -0.01774000 0.00721999 -0.01789001
v -0.01844000 0.01251999 -0.01563001
v -0.01877000 0.02000000 -0.01418000
v -0.01915000 0.02699000 -0.01281001
v -0.01987000 0.02932000 0.01219000
v -0.01812000 0.03402000 0.01451001
v -0.01804000 0.03813000 -0.01423000
v -0.01901000 0.04167000 0.01434000
v -0.01473000 0.00180999 -0.02389000
v -0.01593000 0.00438999 -0.02037001
v -0.01526000 0.00875000 -0.01961000
v -0.01262000 0.00732000 -0.02164000
v -0.01553000 0.01232001 -0.01865999
v -0.01674000 0.01981000 -0.01665001
v -0.01441000 0.01888000 -0.01886000
v -0.01425000 0.02632000 -0.01811001
v -0.01613000 0.02968000 -0.01617999
v -0.01483000 0.03622000 -0.01737000
v -0.01613000 0.04331000 -0.01700000
v -0.01211000 0.00431001 -0.02309000
v -0.01311000 0.01291000 -0.02027000
v -0.01114000 0.01828000 -0.02085000
v -0.01015000 0.02365000 -0.02076000
v -0.01218000 0.02934000 -0.01950000
v -0.01209000 0.03537000 -0.01947001
v -0.00932000 0.03929000 -0.02119000
v -0.01321000 0.04188000 -0.01930000
v -0.00709000 0.00241000 -0.02615000
v -0.00900000 0.00396001 -0.02456000
v -0.00898000 0.00787000 -0.02327999
v -0.00891000 0.01323000 -0.02234000
v -0.00643000 0.02900000 -0.02199000
v -0.00817000 0.03448000 -0.02167000
v -0.00466000 0.00405999 -0.02516000
v -0.00450000 0.00799999 -0.02431001
v -0.00614000 0.01093000 -0.02356000
v -0.00566000 0.01775000 -0.02305999
v -0.00670000 0.02230000 -0.02241000
v -0.00506000 0.03566000 -0.02285001
v -0.00543000 0.04400000 -0.02305999
v -0.00284000 0.00240000 -0.02681000
v -0.00122000 0.00705000 -0.02480000
v -0.00300000 0.01400001 -0.02390000
v -0.00300000 0.02225000 -0.02322000
v -0.00303000 0.02918000 -0.02289000
v -0.00287000 0.03737000 -0.02318001
v -0.00300000 0.04400000 -0.02342000
v -0.00027000 0.00388000 -0.02585000
v 0.00000000 0.01400001 -0.02410000
v 0.00000000 0.02225000 -0.02343000
v 0.00150000 0.02900000 -0.02308001
v 0.00150000 0.03725000 -0.02324000
v 0.00150000 0.04400000 -0.02357000
v 0.00536000 0.00143000 -0.02784000
v 0.00450000 0.00258999 -0.02618000
v 0.00475000 0.00430001 -0.02488001
v 0.00450000 0.00650000 -0.02448000
v 0.00438000 0.01087000 -0.02399000
v 0.00300000 0.01700000 -0.02377000
v 0.00300000 0.02300000 -0.02322000
v 0.00768000 0.01217000 -0.02315000
v 0.00533000 0.02225000 -0.02298000
v 0.00531000 0.02900000 -0.02275000
v 0.00538000 0.03575000 -0.02288000
v 0.00606000 0.04403000 -0.02310000
v 0.00900000 0.00224000 -0.02586000
v 0.00850000 0.00363001 -0.02450000
v 0.00898000 0.00612000 -0.02352001
v 0.00816000 0.02300000 -0.02195001
v 0.01100000 0.01673000 -0.02126001
v 0.00708000 0.02889000 -0.02223000
v 0.01081000 0.03221000 -0.02047001
v 0.00867000 0.03468000 -0.02152000
v 0.00750000 0.04014000 -0.02236000
v 0.01057000 0.04068000 -0.02107000
v 0.01087000 0.00398000 -0.02370000
v 0.01138000 0.02525000 -0.02041000
v 0.01192000 0.04400000 -0.02085000
v 0.01376000 0.01965000 -0.01962000
v 0.01374000 0.04164000 -0.01949000
v 0.01727000 0.03350000 -0.01576000
v 0.01904000 0.04290000 -0.01465000
v 0.01742000 0.04683000 -0.01754001
v 0.01774000 0.05285000 -0.01862000
v 0.02120000 0.05710000 -0.01659000
v 0.02167000 0.06200000 -0.01709001
v 0.01859000 0.06800000 -0.02017000
v 0.02133000 0.07121000 -0.01698001
v 0.02011000 0.07483000 -0.01847000
v 0.02089000 0.07694000 -0.01964000
v 0.02254000 0.07895000 -0.01915000
v 0.02131000 0.08157000 -0.01692000
v 0.02100000 0.08266000 -0.01199999
v 0.01913000 0.08311000 -0.00787000
v 0.01444000 0.08347000 -0.00525001
v -0.02556000 0.08040000 -0.01033001
v -0.02629000 0.07808000 -0.01318000
v -0.02303000 0.08219000 -0.00905000
v -0.02423000 0.07673000 -0.01319000
v -0.02717000 0.07858000 -0.01263000
v -0.02317000 0.07490000 -0.01297000
v -0.02100000 0.08296000 -0.00525001
v -0.01650000 0.08355000 -0.00149999
v -0.02154000 0.07250000 -0.01532000
v -0.02249000 0.06839000 -0.01468000
v -0.02141000 0.06403000 -0.01626000
v -0.01958000 0.05782000 -0.01734000
v -0.01855000 0.05993000 -0.01904000
v -0.01745000 0.05167000 -0.01766001
v -0.01613000 0.04331000 -0.01700000
v -0.01804000 0.03813000 -0.01423000
v -0.01613000 0.02968000 -0.01617999
v -0.01674000 0.01981000 -0.01665001
v -0.01844000 0.01251999 -0.01563001
v -0.02032000 0.00646000 -0.01524000
v -0.00872000 0.08375000 -0.00384000
v 0.00056000 0.08374000 -0.01050000
v 0.01444000 0.08347000 -0.00525001
v 0.01500000 0.08319000 0.01162000
v 0.02025000 0.08308000 0.00150000
v 0.01325000 0.08295000 0.01925001
v 0.01872000 0.08202000 0.01933999
v 0.02248000 0.07980000 0.02055000
v 0.02190000 0.07863000 0.02372000
v 0.02300000 0.07768000 0.02062000
v 0.02131000 0.07642000 0.01926001
v 0.02030000 0.07390000 0.01878999
v 0.02198000 0.07101000 0.01778001
v 0.02272000 0.06694000 0.01770000
v 0.02072000 0.06341000 0.01940000
v 0.02143000 0.05811000 0.01719000
v 0.02149000 0.05078000 0.01453000
v 0.01907000 0.04703000 0.01634000
v 0.01884000 0.04075000 0.01577000
v 0.01655000 0.03396000 0.01765999
v 0.01827000 0.02876000 0.01620001
v 0.02007000 0.02151000 0.01516999
v 0.02014000 0.01550000 0.01560000
v 0.01985000 0.00796000 0.01696000
v 0.02158000 0.00413000 0.01656000
v 0.02554000 0.00233000 0.01260001
v -0.02635000 0.07694000 0.01154000
v -0.02743000 0.07830000 0.01300000
v -0.02651000 0.07940000 0.01350001
v -0.02590000 0.07489000 0.00895999
v -0.02455000 0.07250000 0.01198000
v -0.02390000 0.08110000 0.01388000
v -0.02493000 0.06575000 0.01146001
v -0.02117000 0.08263000 0.01198000
v -0.02400000 0.05765000 0.01201999
v -0.02290000 0.05060000 0.01073000
v -0.02100000 0.08308000 0.00375000
v -0.01050000 0.08345000 0.01799999
v -0.00960000 0.06950000 0.02591001
v -0.00863000 0.07718000 0.02821000
v -0.00795000 0.07537000 0.02645999
v -0.00494000 0.08253000 0.02528000
v -0.00750000 0.08306000 0.02249999
v -0.01650000 0.08355000 -0.00149999
v -0.00716000 0.07293000 0.02619000
v -0.00380000 0.08096000 0.02892000
v -0.00853000 0.08366000 0.00834000
v -0.02145000 0.04326000 0.01085000
v -0.00985000 0.05466000 0.02408999
v -0.00600000 0.07868000 0.03042001
v -0.00872000 0.08375000 -0.00384000
v -0.00848000 0.05984000 0.02584000
v -0.00600000 0.06500000 0.02687000
v -0.00895000 0.04603000 0.02283999
v -0.02163000 0.03511000 0.00913000
v -0.00765000 0.03994000 0.02243000
v -0.02207000 0.02520000 0.00816000
v -0.00760000 0.03414000 0.02253001
v -0.02317000 0.02300000 0.00450000
v -0.00823000 0.02538000 0.02281000
v -0.02387000 0.01832000 0.00426000
v -0.00844000 0.01711000 0.02318999
v -0.02477000 0.01167000 0.00455999
v -0.01116000 0.00979000 0.02286001
v -0.02561000 0.00650000 0.00450000
v -0.01136000 0.00442001 0.02411001
v -0.02641000 0.00417999 0.00300001
v 0.01087000 0.00398000 -0.02370000
v 0.00898000 0.00612000 -0.02352001
v 0.02052000 0.00430001 -0.01638999
v 0.01918000 0.00781000 -0.01678000
v 0.00768000 0.01217000 -0.02315000
v 0.01693000 0.01200000 -0.01820999
v 0.02357000 0.00404999 -0.01222999
v 0.00816000 0.02300000 -0.02195001
v 0.02689000 0.00200000 -0.01012000
v 0.01631000 0.01885000 -0.01777001
v 0.01081000 0.03221000 -0.02047001
v 0.01662000 0.02622000 -0.01636000
v 0.01412000 0.03650000 -0.01862000
v 0.01727000 0.03350000 -0.01576000
vt 0.42745000 0.85583001
vt 0.42866001 0.86076999
vt 0.42789999 0.86001998
vt 0.42649001 0.86232001
vt 0.42324001 0.85920000
vt 0.45901999 0.86074001
vt 0.46204001 0.86581999
vt 0.45565999 0.86649001
vt 0.45377001 0.85933000
vt 0.45578000 0.87247998
vt 0.44935000 0.86566001
vt 0.44828999 0.87260997
vt 0.44415000 0.86066002
vt 0.44949001 0.85500002
vt 0.44082001 0.85676998
vt 0.43966001 0.86905998
vt 0.43684000 0.87584001
vt 0.43623999 0.86217999
vt 0.43131000 0.86557001
vt 0.43301001 0.87151998
vt 0.42592001 0.99729002
vt 0.42550001 0.99712998
vt 0.42429000 0.99877000
vt 0.42708001 0.84324998
vt 0.42550001 0.84235001
vt 0.42870000 0.85404998
vt 0.42559999 0.84824002
vt 0.42633000 0.86912000
vt 0.42914000 0.87647003
vt 0.42653999 0.88084000
vt 0.42765999 0.88555002
vt 0.83320999 0.85211003
vt 0.42609999 0.88871002
vt 0.83297998 0.85825998
vt 0.42515001 0.99474001
vt 0.41948000 0.99568999
vt 0.42284000 0.84996998
vt 0.42263001 0.86716998
vt 0.42265001 0.87625003
vt 0.42232999 0.88308001
vt 0.42335001 0.88967001
vt 0.47099999 0.85159999
vt 0.47549999 0.86097002
vt 0.46509001 0.85178000
vt 0.46643001 0.85991001
vt 0.47062001 0.86524999
vt 0.46990001 0.87010002
vt 0.46217000 0.87123001
vt 0.46779001 0.87658000
vt 0.45980999 0.87739998
vt 0.46781999 0.88156998
vt 0.45798999 0.88454002
vt 0.45932999 0.84250998
vt 0.45642000 0.84671998
vt 0.45739999 0.85424000
vt 0.45166001 0.83670002
vt 0.45293000 0.88003999
vt 0.44749001 0.84035999
vt 0.44942001 0.84693998
vt 0.85966998 0.85650998
vt 0.44573000 0.88427001
vt 0.84625000 0.85772997
vt 0.44178000 0.84483999
vt 0.44248000 0.85056001
vt 0.44391999 0.87910002
vt 0.43748999 0.84038001
vt 0.43408999 0.84407997
vt 0.43472001 0.84855998
vt 0.43443000 0.85604000
vt 0.43397000 0.88577998
vt 0.43072000 0.99076003
vt 0.42960000 0.84344000
vt 0.43031001 0.84846002
vt 0.43105999 0.85666001
vt 0.43092000 0.88031000
vt 0.83625001 0.85431999
vt 0.42794999 0.99226999
vt 0.42785001 0.99342000
vt 0.42776999 0.99304998
vt 0.83418000 0.85416001
vt 0.83420002 0.85946000
vt 0.42028001 0.99167001
vt 0.41865000 0.85294002
vt 0.41867000 0.86922002
vt 0.41876000 0.88208002
vt 0.41819999 0.89019001
vt 0.41633999 0.88546997
vt 0.83012003 0.86039001
vt 0.41541001 0.99109000
vt 0.41556001 0.85718000
vt 0.41569999 0.87335002
vt 0.87725002 0.86030000
vt 0.86847001 0.86260003
vt 0.46603000 0.84205002
vt 0.45974001 0.83560002
vt 0.86566001 0.85794002
vt 0.45998999 0.98087001
vt 0.46195999 0.98232001
vt 0.86078000 0.86293000
vt 0.45124999 0.98633999
vt 0.85165000 0.86247998
vt 0.44290999 0.98874998
vt 0.44365001 0.98460001
vt 0.43645000 0.98768002
vt 0.43379000 0.98626000
vt 0.83642000 0.86202002
vt 0.43081000 0.98553997
vt 0.43044001 0.98831999
vt 0.43057999 0.98817003
vt 0.42537999 0.98789001
vt 0.82663000 0.86479002
vt 0.41644999 0.98670000
vt 0.41161999 0.98698002
vt 0.41240999 0.87028998
vt 0.41334999 0.88622999
vt 0.82179999 0.86633003
vt 0.46937001 0.83727002
vt 0.47558999 0.84197003
vt 0.87355000 0.86668998
vt 0.88011998 0.86635000
vt 0.47161001 0.97781998
vt 0.45015001 0.98207003
vt 0.45590001 0.97782999
vt 0.44815999 0.97851002
vt 0.44005001 0.98036999
vt 0.43794000 0.98335999
vt 0.43447000 0.98242998
vt 0.43329000 0.98049998
vt 0.42724001 0.98237002
vt 0.42168000 0.98434001
vt 0.42071000 0.97896999
vt 0.41556999 0.97775000
vt 0.41198999 0.97902000
vt 0.40820000 0.97856998
vt 0.81533003 0.85472000
vt 0.81796998 0.86619997
vt 0.47769001 0.97288001
vt 0.46880999 0.97495002
vt 0.46164000 0.97373003
vt 0.45783001 0.97110999
vt 0.45005000 0.97413999
vt 0.44365001 0.97654998
vt 0.43878999 0.97549999
vt 0.43426999 0.97364002
vt 0.43268999 0.97938001
vt 0.43590000 0.97531998
vt 0.43103001 0.97351998
vt 0.42570001 0.97566998
vt 0.41902000 0.97187001
vt 0.81127000 0.85250998
vt 0.81519997 0.86383998
vt 0.48311001 0.96654999
vt 0.47598001 0.96641999
vt 0.47029999 0.96847999
vt 0.46427000 0.96608001
vt 0.45605001 0.96697003
vt 0.44481999 0.96876001
vt 0.43992999 0.96700001
vt 0.43586001 0.97185999
vt 0.42355001 0.96713001
vt 0.41361001 0.96601999
vt 0.40896001 0.96473998
vt 0.62592000 0.84478003
vt 0.63172001 0.83519000
vt 0.47422001 0.96253997
vt 0.46912000 0.96171999
vt 0.46291000 0.96248001
vt 0.45449001 0.95946002
vt 0.44966000 0.96322000
vt 0.43618000 0.96152002
vt 0.43654999 0.96661001
vt 0.43465000 0.96799999
vt 0.43797001 0.96253002
vt 0.43270001 0.96174997
vt 0.42897999 0.96227998
vt 0.42651999 0.96555001
vt 0.42085001 0.96052003
vt 0.41711000 0.96108001
vt 0.63086998 0.84375000
vt 0.48295999 0.96063000
vt 0.48030001 0.95778000
vt 0.47527999 0.95774001
vt 0.46893001 0.95653999
vt 0.46083000 0.95366001
vt 0.44422999 0.95556003
vt 0.44003999 0.95569998
vt 0.42526999 0.95861000
vt 0.47933999 0.94938999
vt 0.47599000 0.95055002
vt 0.47295001 0.95253003
vt 0.46893999 0.94904000
vt 0.45098999 0.94985998
vt 0.43586999 0.95331001
vt 0.43779001 0.95376998
vt 0.43307000 0.95111001
vt 0.42846999 0.95203000
vt 0.42512000 0.94878000
vt 0.42203999 0.95068002
vt 0.41782999 0.94810998
vt 0.41269001 0.94762999
vt 0.62404001 0.86739999
vt 0.47306001 0.94187999
vt 0.46235001 0.94679999
vt 0.44416001 0.94419998
vt 0.43985999 0.94419998
vt 0.43597999 0.95046997
vt 0.43610001 0.94621003
vt 0.43785000 0.94543999
vt 0.43145999 0.94616997
vt 0.63063002 0.85895997
vt 0.47883001 0.94385999
vt 0.46673000 0.94120002
vt 0.45589000 0.94121999
vt 0.43733999 0.94002998
vt 0.43379000 0.94020998
vt 0.42814001 0.94010001
vt 0.42504001 0.93695998
vt 0.42205000 0.93895000
vt 0.41909000 0.93787998
vt 0.47117001 0.93294001
vt 0.47964999 0.93871999
vt 0.46689001 0.93352002
vt 0.46158999 0.93563998
vt 0.44810000 0.93605000
vt 0.44025001 0.93553001
vt 0.43717000 0.93796998
vt 0.43533999 0.93377000
vt 0.43737000 0.93522000
vt 0.41549000 0.93563998
vt 0.62844998 0.88104999
vt 0.63411999 0.86633998
vt 0.48232999 0.93115002
vt 0.47494000 0.92869997
vt 0.46312001 0.92997998
vt 0.46656001 0.92756999
vt 0.45482999 0.93112999
vt 0.44371000 0.93010998
vt 0.43844000 0.92922002
vt 0.43662000 0.93002999
vt 0.43626001 0.92840999
vt 0.43188000 0.92918003
vt 0.42418000 0.92518997
vt 0.42100999 0.92756999
vt 0.41576999 0.92581999
vt 0.40946001 0.92321998
vt 0.47793999 0.92677999
vt 0.46988001 0.92510998
vt 0.46046999 0.92370999
vt 0.45185000 0.92769003
vt 0.45328999 0.92234999
vt 0.44332001 0.92280000
vt 0.43753999 0.92347997
vt 0.43557999 0.92443001
vt 0.43537000 0.92395997
vt 0.43542001 0.92401999
vt 0.42912000 0.92106003
vt 0.63156998 0.93936998
vt 0.47121999 0.92224002
vt 0.47832000 0.92097998
vt 0.46430999 0.91966999
vt 0.43575001 0.91835999
vt 0.43173000 0.91285998
vt 0.43375999 0.91817999
vt 0.42166001 0.91566998
vt 0.41902000 0.91679001
vt 0.41631001 0.91746002
vt 0.41148999 0.91430998
vt 0.46864000 0.91630000
vt 0.47670999 0.91742998
vt 0.46267000 0.91466999
vt 0.45745999 0.91781998
vt 0.45431000 0.91376001
vt 0.44578001 0.91341001
vt 0.44385999 0.91734999
vt 0.43805000 0.91352999
vt 0.43333000 0.91347998
vt 0.43129000 0.91118997
vt 0.43204999 0.91320997
vt 0.42588001 0.91058999
vt 0.63374001 0.95993000
vt 0.63559997 0.94183999
vt 0.63560998 0.93150002
vt 0.68708998 0.98703998
vt 0.68844002 0.88674003
vt 0.69406003 0.93392998
vt 0.69027001 0.93746001
vt 0.68138999 0.98664999
vt 0.46024999 0.91048002
vt 0.45295000 0.90913999
vt 0.66073000 0.99160999
vt 0.43785000 0.90899998
vt 0.43285000 0.91052997
vt 0.43011999 0.90853000
vt 0.43000001 0.90859002
vt 0.41990000 0.90814000
vt 0.41477001 0.90994000
vt 0.68888003 0.98387003
vt 0.69327998 0.97803003
vt 0.68563998 0.98071998
vt 0.69161999 0.97315001
vt 0.67956001 0.98458999
vt 0.68335003 0.93879998
vt 0.69112003 0.94283998
vt 0.67935002 0.93234998
vt 0.67649001 0.98791999
vt 0.66838002 0.98948002
vt 0.67895001 0.94317001
vt 0.67229003 0.93668997
vt 0.67308003 0.93335003
vt 0.66615999 0.93115997
vt 0.65410000 0.98909998
vt 0.66145003 0.93610001
vt 0.65871000 0.93054003
vt 0.64692003 0.99224001
vt 0.64855999 0.98767000
vt 0.65429002 0.98285002
vt 0.65263999 0.93401003
vt 0.42906001 0.90662003
vt 0.42603999 0.90547001
vt 0.64200002 0.99540001
vt 0.64358997 0.99507999
vt 0.64604002 0.98965001
vt 0.63857001 0.99331999
vt 0.63613999 0.98602003
vt 0.63638997 0.97135001
vt 0.63748997 0.95468998
vt 0.63910002 0.94137001
vt 0.64112002 0.93373001
vt 0.68048000 0.97933000
vt 0.68523997 0.96937001
vt 0.69591999 0.96377999
vt 0.69265997 0.95890999
vt 0.68425000 0.96125001
vt 0.68844002 0.95296001
vt 0.69518000 0.94804001
vt 0.68436003 0.94836998
vt 0.67976999 0.97386003
vt 0.67216003 0.98651999
vt 0.67202002 0.98113000
vt 0.67927998 0.95305002
vt 0.67464000 0.94597000
vt 0.66229999 0.98462999
vt 0.66611999 0.97876000
vt 0.66763002 0.94199002
vt 0.66786999 0.94848001
vt 0.66214001 0.94273001
vt 0.66128999 0.97720999
vt 0.65566999 0.97416002
vt 0.65899003 0.95090002
vt 0.65733999 0.94221997
vt 0.65110999 0.98041999
vt 0.65002000 0.97683001
vt 0.65325999 0.96271998
vt 0.65226001 0.96261001
vt 0.65184999 0.96226001
vt 0.65429997 0.94660002
vt 0.65153003 0.93621999
vt 0.64428997 0.99251002
vt 0.64502001 0.99144000
vt 0.64712000 0.98597002
vt 0.65108001 0.94063997
vt 0.65196002 0.94709003
vt 0.65003002 0.93413001
vt 0.64257002 0.98977000
vt 0.64052999 0.98357999
vt 0.64530998 0.94949001
vt 0.64183998 0.94319999
vt 0.64644003 0.94169003
vt 0.64521003 0.93200999
vt 0.63901001 0.97485000
vt 0.63992000 0.95951998
vt 0.64041001 0.95032001
vt 0.67954999 0.96771997
vt 0.67875999 0.95989001
vt 0.67374003 0.97510999
vt 0.67326999 0.96535999
vt 0.67387998 0.95706999
vt 0.67013001 0.95216000
vt 0.66728997 0.97359997
vt 0.66579002 0.96662003
vt 0.66872001 0.95991999
vt 0.66043001 0.97059000
vt 0.66365999 0.95706999
vt 0.65666997 0.96213001
vt 0.65829998 0.95508999
vt 0.65359002 0.96780998
vt 0.65379000 0.95783001
vt 0.65412003 0.95200998
vt 0.64523000 0.98967999
vt 0.64512002 0.98496002
vt 0.64736998 0.98271000
vt 0.64854997 0.97921002
vt 0.65046000 0.96995997
vt 0.65104002 0.96234000
vt 0.65167999 0.95270002
vt 0.65104997 0.94661999
vt 0.65061998 0.94378000
vt 0.64942002 0.93747002
vt 0.64390999 0.97802001
vt 0.64247000 0.96771002
vt 0.64603001 0.97087002
vt 0.64684999 0.95920998
vt 0.64346999 0.95630002
vt 0.64827001 0.97771001
vt 0.64928001 0.96561003
vt 0.65024000 0.95239002
vt 0.65037000 0.94795001
vt 0.69283003 0.87961000
vt 0.68445998 0.88398999
vt 0.68390000 0.87708998
vt 0.67514002 0.88405001
vt 0.67835999 0.87410998
vt 0.67162001 0.87783003
vt 0.66643000 0.88305998
vt 0.66812998 0.87492001
vt 0.65951997 0.87911999
vt 0.66092002 0.88519001
vt 0.65468001 0.88562000
vt 0.65472001 0.88023001
vt 0.65623999 0.87247002
vt 0.65298998 0.88454998
vt 0.65375000 0.87782001
vt 0.65357000 0.87897003
vt 0.64393002 0.88138998
vt 0.64666998 0.87436002
vt 0.64859003 0.88367999
vt 0.65347999 0.87658000
vt 0.65123999 0.87142998
vt 0.63195002 0.92486000
vt 0.63723999 0.92597002
vt 0.64099002 0.87458998
vt 0.67063999 0.92785001
vt 0.66684997 0.88773000
vt 0.65262002 0.92804003
vt 0.64905000 0.92719001
vt 0.64828002 0.92488003
vt 0.65248001 0.88773000
vt 0.65293002 0.88606000
vt 0.64407998 0.92470002
vt 0.64788002 0.92628002
vt 0.64625001 0.91861999
vt 0.64921999 0.93122000
vt 0.93773001 0.86329001
vt 0.93827999 0.87033999
vt 0.92993999 0.86985999
vt 0.92983001 0.86312997
vt 0.92267001 0.86870998
vt 0.92339998 0.86189997
vt 0.91421998 0.86952001
vt 0.91687000 0.86341000
vt 0.93563002 0.87599999
vt 0.92813998 0.87685001
vt 0.91965002 0.87313002
vt 0.90513003 0.87388998
vt 0.90829998 0.86640000
vt 0.89700001 0.87294000
vt 0.88843000 0.87222999
vt 0.87953001 0.87340999
vt 0.74936998 0.83581001
vt 0.74194002 0.83644998
vt 0.91456002 0.87664002
vt 0.90363997 0.88123000
vt 0.89309001 0.88059998
vt 0.88186997 0.87972999
vt 0.87380999 0.88111001
vt 0.75432003 0.83994001
vt 0.75239003 0.84149998
vt 0.74901003 0.84149998
vt 0.74435002 0.84086001
vt 0.73422998 0.83973998
vt 0.91610998 0.88170999
vt 0.72350001 0.83978999
vt 0.70383000 0.84003001
vt 0.69520003 0.83736002
vt 0.73869002 0.84297001
vt 0.72837001 0.84508002
vt 0.72044998 0.84268999
vt 0.71188003 0.84039003
vt 0.71169001 0.84503001
vt 0.69779003 0.84140998
vt 0.75852001 0.84508997
vt 0.75505000 0.84706002
vt 0.74814999 0.84814000
vt 0.73958999 0.84715003
vt 0.72147000 0.84941000
vt 0.70468998 0.84657001
vt 0.69638002 0.84516001
vt 0.75700998 0.85176998
vt 0.75235999 0.85311002
vt 0.74268001 0.85185999
vt 0.73123002 0.85162002
vt 0.71476001 0.85395002
vt 0.70577002 0.85119998
vt 0.69783998 0.84994000
vt 0.75783998 0.85631001
vt 0.74950999 0.85601997
vt 0.73896998 0.85635000
vt 0.72693998 0.85636002
vt 0.70485002 0.85865998
vt 0.69762999 0.85797000
vt 0.76042998 0.86052001
vt 0.75682998 0.86374998
vt 0.75159001 0.86088997
vt 0.74349999 0.86087000
vt 0.73172998 0.86093003
vt 0.71956003 0.86122000
vt 0.71202999 0.86243999
vt 0.76297998 0.86660999
vt 0.75365001 0.86870998
vt 0.74555999 0.86562997
vt 0.73390001 0.86506999
vt 0.72255999 0.86469001
vt 0.71528000 0.86983001
vt 0.72706002 0.87094998
vt 0.70687002 0.86995000
vt 0.70305997 0.86750001
vt 0.69445997 0.86695999
vt 0.75805002 0.87295002
vt 0.74862999 0.87255001
vt 0.73760998 0.87115002
vt 0.72494000 0.87673998
vt 0.69410002 0.87309003
vt 0.76056999 0.87647003
vt 0.75300002 0.87730002
vt 0.74478000 0.87748998
vt 0.71055001 0.93191999
vt 0.72351998 0.88015997
vt 0.71169001 0.87581003
vt 0.70635003 0.88076001
vt 0.69938999 0.87638998
vt 0.75485998 0.88103002
vt 0.74686998 0.93515998
vt 0.74080998 0.88038999
vt 0.73316002 0.88341999
vt 0.71889001 0.93496001
vt 0.69928998 0.88133001
vt 0.75313002 0.93633997
vt 0.75853002 0.88518000
vt 0.73767000 0.93699002
vt 0.72991002 0.93739003
vt 0.70283997 0.93518001
vt 0.75619000 0.88963002
vt 0.43735999 0.94094002
vt 0.43691999 0.92925000
vt 0.83384001 0.86870003
vt 0.83336997 0.86557001
vt 0.84118003 0.86694002
vt 0.83455002 0.86756003
vt 0.83346999 0.87146997
vt 0.82920998 0.87138999
vt 0.86581999 0.86980999
vt 0.87006003 0.87326998
vt 0.86001998 0.86855000
vt 0.86138999 0.87489998
vt 0.85255998 0.87074000
vt 0.84726000 0.87294000
vt 0.83837003 0.87483001
vt 0.83686000 0.87040001
vt 0.83424997 0.87586999
vt 0.83335000 0.87730002
vt 0.83326000 0.87949997
vt 0.83187002 0.88343000
vt 0.82990003 0.88014001
vt 0.82396001 0.87664998
vt 0.86438000 0.88018000
vt 0.85815001 0.88551998
vt 0.85487998 0.87655997
vt 0.85185999 0.88253999
vt 0.84454000 0.87980998
vt 0.83893001 0.88301003
vt 0.83525997 0.88235998
vt 0.83302999 0.88437998
vt 0.82325000 0.88967001
vt 0.81893998 0.87660998
vt 0.68326002 0.83449000
vt 0.83249003 0.88919997
vt 0.83168000 0.88972998
vt 0.83168000 0.89170003
vt 0.83024001 0.89393002
vt 0.82907999 0.88997000
vt 0.82076001 0.88595998
vt 0.67703998 0.83516002
vt 0.85109001 0.88963997
vt 0.66122001 0.83243001
vt 0.83543998 0.88845998
vt 0.65622997 0.83612001
vt 0.65206999 0.83436000
vt 0.65003997 0.83175999
vt 0.82998002 0.89731997
vt 0.82550001 0.89782000
vt 0.63587999 0.83730000
vt 0.69038999 0.84182000
vt 0.68519998 0.83914000
vt 0.67883998 0.83942002
vt 0.67025000 0.83824998
vt 0.66328001 0.84042001
vt 0.65145999 0.83762002
vt 0.64960998 0.83468997
vt 0.64490002 0.83955002
vt 0.63375002 0.84455001
vt 0.63924003 0.83994001
vt 0.69225001 0.84827000
vt 0.68774998 0.84446001
vt 0.68312001 0.84661001
vt 0.67137998 0.84306997
vt 0.65875000 0.84565002
vt 0.65426999 0.84382999
vt 0.65333003 0.84976000
vt 0.65197003 0.83981001
vt 0.65166998 0.84004003
vt 0.63679999 0.84792000
vt 0.64275002 0.84429002
vt 0.69335002 0.85304999
vt 0.67982000 0.85249001
vt 0.67230999 0.84814000
vt 0.66503000 0.85071999
vt 0.65368998 0.85224003
vt 0.65338999 0.85156000
vt 0.64875001 0.84766001
vt 0.63498002 0.85518003
vt 0.64071000 0.84969997
vt 0.68694001 0.85688001
vt 0.67079997 0.85614002
vt 0.66017002 0.85636997
vt 0.65570998 0.85456997
vt 0.64466000 0.85738999
vt 0.63778001 0.85605001
vt 0.69203001 0.85900003
vt 0.67826998 0.85908002
vt 0.66645998 0.86132997
vt 0.65434003 0.85944998
vt 0.65079999 0.85763001
vt 0.63657999 0.86602002
vt 0.63919002 0.86429000
vt 0.64194000 0.86106002
vt 0.68783998 0.86331999
vt 0.67948997 0.86444998
vt 0.67141002 0.86456001
vt 0.66241002 0.86527002
vt 0.65693003 0.86311001
vt 0.65434003 0.86816001
vt 0.65428001 0.86576998
vt 0.65450001 0.85993999
vt 0.64459002 0.86821002
vt 0.68772000 0.86973000
vt 0.68063998 0.86782998
vt 0.67387998 0.87032998
vt 0.66578001 0.86979997
vt 0.65960002 0.87081999
vt 0.65377998 0.86645001
vt 0.81449997 0.60784000
vt 0.81691003 0.61508000
vt 0.81279999 0.61545998
vt 0.81869000 0.60483003
vt 0.81036001 0.60952002
vt 0.80757999 0.61554998
vt 0.74014002 0.98584002
vt 0.73273998 0.98732001
vt 0.80342001 0.61171001
vt 0.72384000 0.98694998
vt 0.71499002 0.98553997
vt 0.72402000 0.98466998
vt 0.49391001 0.91876000
vt 0.77776998 0.61208999
vt 0.49261001 0.92325997
vt 0.71287000 0.93717003
vt 0.48626000 0.91982001
vt 0.47977000 0.91556001
vt 0.74566001 0.98556000
vt 0.81702000 0.59740001
vt 0.73764998 0.98308003
vt 0.73321998 0.98496997
vt 0.74440002 0.94005001
vt 0.72714001 0.98272997
vt 0.73123002 0.97974002
vt 0.72104001 0.98101002
vt 0.72742999 0.94090998
vt 0.71322000 0.98113000
vt 0.71726000 0.94031000
vt 0.70345002 0.98275000
vt 0.71025002 0.97894001
vt 0.69932002 0.98119003
vt 0.71256000 0.94383001
vt 0.70412999 0.93848002
vt 0.70014000 0.94284999
vt 0.74976999 0.98063999
vt 0.75865000 0.94348001
vt 0.75506002 0.94304001
vt 0.74605000 0.98022002
vt 0.75171000 0.94294000
vt 0.75028002 0.94720000
vt 0.74394000 0.94597000
vt 0.73742998 0.97683001
vt 0.74289000 0.97474998
vt 0.73497999 0.97004998
vt 0.73601002 0.94152999
vt 0.72931999 0.97222000
vt 0.73852998 0.95028001
vt 0.74505001 0.95051998
vt 0.73361999 0.94586003
vt 0.73109001 0.95166999
vt 0.71910000 0.97753000
vt 0.72055000 0.97219998
vt 0.72285998 0.96678001
vt 0.72435999 0.94533998
vt 0.72412997 0.95282000
vt 0.71627003 0.96521997
vt 0.72152001 0.95911998
vt 0.71517998 0.95279998
vt 0.71047997 0.97228998
vt 0.71274000 0.96038997
vt 0.70367998 0.97733003
vt 0.70797002 0.96539998
vt 0.70924002 0.95235002
vt 0.70617998 0.94757998
vt 0.70261002 0.97152001
vt 0.70582002 0.95978999
vt 0.69976002 0.96610999
vt 0.70089000 0.95520997
vt 0.75599998 0.97868001
vt 0.75379997 0.97324002
vt 0.75743997 0.97143000
vt 0.75461000 0.96679002
vt 0.75906998 0.95876998
vt 0.75562000 0.95986998
vt 0.75611001 0.95283997
vt 0.76001000 0.95059001
vt 0.75559002 0.94800001
vt 0.75024003 0.97461998
vt 0.74870998 0.96943003
vt 0.75159001 0.96303999
vt 0.75011998 0.95835000
vt 0.75035000 0.95358002
vt 0.74382001 0.97136003
vt 0.74425000 0.96526998
vt 0.74215001 0.95822001
vt 0.73385000 0.96455997
vt 0.73202997 0.95828998
vt 0.76045001 0.97336000
vt 0.76121998 0.96652001
vt 0.76222003 0.95954001
vt 0.53600001 0.85619003
vt 0.53684002 0.86545002
vt 0.53201002 0.85088003
vt 0.53272003 0.85728002
vt 0.53310001 0.86677003
vt 0.93527001 0.84759003
vt 0.93708003 0.85536999
vt 0.52888000 0.84412998
vt 0.52675998 0.85363001
vt 0.52969003 0.85768002
vt 0.52743000 0.86205000
vt 0.52950001 0.86918002
vt 0.93181002 0.84907001
vt 0.93409997 0.85614997
vt 0.92756999 0.85544002
vt 0.52124000 0.84704000
vt 0.52217001 0.86466002
vt 0.52236998 0.86940002
vt 0.92378998 0.84824997
vt 0.51629001 0.85095000
vt 0.51449001 0.85899001
vt 0.51109999 0.86350000
vt 0.51317000 0.86908001
vt 0.47690001 0.87276000
vt 0.47687000 0.86743999
vt 0.53908998 0.97605002
vt 0.53025001 0.97770000
vt 0.52130997 0.84174001
vt 0.51350999 0.84473002
vt 0.50979000 0.85236001
vt 0.91773999 0.85253000
vt 0.91987997 0.85825998
vt 0.50462002 0.84653997
vt 0.50516999 0.84359998
vt 0.50323999 0.85482001
vt 0.50647998 0.86958998
vt 0.50253999 0.87563998
vt 0.90925002 0.85741001
vt 0.50265002 0.85977000
vt 0.50273001 0.86473000
vt 0.49528000 0.84549999
vt 0.49731001 0.84938997
vt 0.49731001 0.86979997
vt 0.49301001 0.85475999
vt 0.49140999 0.85980999
vt 0.49145001 0.86488003
vt 0.48886001 0.87773001
vt 0.49026999 0.84157997
vt 0.48848000 0.84634000
vt 0.48978999 0.84998000
vt 0.48675999 0.87111998
vt 0.48407000 0.84476000
vt 0.48034999 0.84724998
vt 0.47931001 0.85210001
vt 0.48196000 0.85978001
vt 0.48236999 0.86501998
vt 0.48062000 0.87331998
vt 0.89428002 0.85780001
vt 0.47725001 0.88115001
vt 0.53498000 0.97605997
vt 0.53185999 0.97389001
vt 0.52319002 0.97535998
vt 0.50563002 0.83954000
vt 0.49708000 0.84139001
vt 0.90235001 0.85899001
vt 0.89627999 0.86375999
vt 0.48831001 0.97715002
vt 0.88615000 0.86246002
vt 0.54444999 0.96890998
vt 0.53770000 0.97090000
vt 0.53162003 0.97017998
vt 0.53527999 0.96592999
vt 0.52629000 0.97087002
vt 0.51495999 0.97337002
vt 0.51819003 0.96961999
vt 0.50777000 0.96994001
vt 0.50155997 0.97325999
vt 0.49366000 0.97174001
vt 0.48334000 0.97460997
vt 0.54040998 0.96493000
vt 0.52704000 0.96709001
vt 0.52073997 0.96429998
vt 0.51362997 0.96303999
vt 0.50494999 0.96679002
vt 0.49665001 0.96710998
vt 0.49258000 0.96267998
vt 0.48732999 0.96955001
vt 0.54563999 0.95682001
vt 0.54219002 0.95997000
vt 0.53609002 0.96016997
vt 0.52849001 0.96037000
vt 0.50748003 0.95714998
vt 0.49974999 0.96039999
vt 0.54238999 0.95305997
vt 0.53671002 0.95299000
vt 0.53242999 0.95577002
vt 0.52331001 0.95530999
vt 0.51683003 0.95725000
vt 0.49904999 0.95512998
vt 0.48727000 0.95617002
vt 0.54605001 0.95002002
vt 0.53814000 0.94769001
vt 0.52873999 0.95080000
vt 0.51745999 0.95111001
vt 0.50790000 0.95142001
vt 0.49680999 0.95143002
vt 0.48745999 0.95188999
vt 0.54303002 0.94603002
vt 0.52872998 0.94593000
vt 0.51747000 0.94615000
vt 0.50801998 0.94380999
vt 0.49675000 0.94392002
vt 0.48730999 0.94400001
vt 0.54771000 0.93689001
vt 0.54456002 0.93843001
vt 0.54109001 0.93817002
vt 0.53803003 0.93861002
vt 0.53219002 0.93886000
vt 0.52438003 0.94112998
vt 0.51605999 0.94123000
vt 0.52946001 0.93368000
vt 0.51662999 0.93743002
vt 0.50743002 0.93747002
vt 0.49825999 0.93731999
vt 0.48653999 0.93608999
vt 0.54427999 0.93137997
vt 0.54119003 0.93232000
vt 0.53713000 0.93166000
vt 0.51441997 0.93291998
vt 0.79641998 0.61818999
vt 0.50695002 0.93458998
vt 0.50048000 0.92859000
vt 0.49822000 0.93194997
vt 0.49138999 0.93374002
vt 0.48921001 0.92866999
vt 0.53974003 0.92870998
vt 0.78483999 0.61715001
vt 0.48413000 0.92631000
vt 0.79304999 0.61312002
vt 0.48618001 0.92352998
vt 0.70604998 0.98548001
vt 0.69475001 0.98528999
vt 0.68728000 0.98953998
vt 0.67852002 0.99204999
vt 0.67514002 0.99084002
vt 0.66773999 0.99245000
vt 0.65529001 0.99677998
vt 0.65244001 0.99309999
vt 0.64523000 0.99548000
vt 0.64196998 0.99826002
vt 0.63964999 0.99860001
vt 0.63450998 0.99418998
vt 0.63305002 0.98518002
vt 0.63161999 0.97672999
vt 0.62840003 0.96986997
vt 0.42074001 0.84277999
vt 0.42552000 0.83726001
vt 0.41554001 0.84540999
vt 0.42625999 0.83757001
vt 0.42533001 0.83819997
vt 0.42862001 0.83823001
vt 0.41262999 0.85288000
vt 0.40834001 0.86014003
vt 0.43144000 0.83415997
vt 0.43915001 0.83552003
vt 0.44538999 0.83306003
vt 0.45364001 0.83183998
vt 0.44946000 0.82880002
vt 0.46111000 0.83201998
vt 0.47205001 0.83389002
vt 0.48106000 0.83860999
vt 0.49061000 0.83608001
vt 0.50383002 0.83582997
vt 0.51447999 0.83766001
vt 0.52363998 0.83840001
vt 0.61910999 0.85162002
vt 0.61715001 0.86974001
vt 0.62250000 0.89011002
vt 0.63304001 0.88371003
vt 0.62799001 0.89740998
vt 0.63815999 0.87673002
vt 0.64108002 0.88687003
vt 0.64681000 0.89327002
vt 0.65118003 0.89060998
vt 0.65079999 0.89401001
vt 0.65162998 0.89130998
vt 0.65543997 0.88941997
vt 0.66003001 0.89269000
vt 0.66697001 0.89368999
vt 0.67363000 0.88905001
vt 0.68045998 0.89082003
vt 0.68945998 0.89139998
vt 0.69589001 0.88629001
vt 0.70434999 0.88573003
vt 0.71480000 0.88081002
vt 0.72095001 0.88388997
vt 0.72994000 0.88669997
vt 0.73790002 0.88625997
vt 0.74826998 0.88484001
vt 0.75295001 0.88736999
vt 0.75242001 0.89459002
vt 0.83324999 0.84838998
vt 0.83227003 0.84886998
vt 0.82998002 0.85079002
vt 0.83520001 0.84560001
vt 0.84016001 0.85165000
vt 0.82551003 0.85482001
vt 0.85149997 0.85075998
vt 0.82016999 0.85575002
vt 0.86427999 0.85303998
vt 0.87355000 0.85301000
vt 0.81533003 0.84465998
vt 0.81568003 0.87814999
vt 0.84362000 0.89014000
vt 0.83095998 0.89541000
vt 0.83282000 0.89336002
vt 0.81777000 0.89573002
vt 0.81687999 0.88849998
vt 0.80984002 0.84368998
vt 0.83642000 0.89367002
vt 0.82173997 0.90254003
vt 0.80993003 0.86685002
vt 0.88338000 0.85516000
vt 0.86663002 0.88624001
vt 0.82787001 0.90209001
vt 0.80480999 0.85053998
vt 0.85867000 0.89060998
vt 0.84934002 0.89530998
vt 0.87816000 0.88502997
vt 0.89380997 0.85311002
vt 0.88568997 0.88555998
vt 0.90666997 0.85181999
vt 0.89372998 0.88542998
vt 0.90785003 0.84644997
vt 0.90600997 0.88467997
vt 0.91409999 0.84562999
vt 0.91693002 0.88454002
vt 0.92312002 0.84531999
vt 0.92773998 0.88107002
vt 0.92987001 0.84460998
vt 0.93515998 0.88217002
vt 0.93212998 0.84223002
vt 0.81418997 0.62035000
vt 0.81022000 0.62254000
vt 0.81387001 0.60118997
vt 0.80906999 0.60325003
vt 0.80163997 0.62402999
vt 0.80364001 0.60751998
vt 0.81261998 0.59340000
vt 0.78709000 0.62273997
vt 0.81542999 0.58731002
vt 0.79417002 0.60794997
vt 0.77508998 0.61821002
vt 0.78353000 0.60619003
vt 0.76962000 0.61203003
vt 0.77350998 0.60477000
f 21/21 22/22 23/23
f 21/21 78/78 22/22
f 21/21 23/23 35/35
f 21/21 77/77 78/78
f 22/22 78/78 79/79
f 35/35 23/23 36/36
f 77/77 21/21 35/35
f 77/77 108/108 78/78
f 79/79 78/78 109/109
f 82/82 35/35 36/36
f 77/77 35/35 110/110
f 107/107 108/108 77/77
f 78/78 108/108 109/109
f 71/71 79/79 109/109
f 110/110 35/35 82/82
f 82/82 36/36 89/89
f 107/107 77/77 110/110
f 107/107 128/128 108/108
f 109/109 108/108 127/127
f 71/71 109/109 105/105
f 110/110 82/82 130/130
f 82/82 89/89 112/112
f 107/107 110/110 129/129
f 107/107 145/145 128/128
f 108/108 128/128 127/127
f 105/105 109/109 127/127
f 71/71 105/105 104/104
f 130/130 129/129 110/110
f 130/130 82/82 112/112
f 112/112 89/89 113/113
f 145/145 107/107 129/129
f 144/144 128/128 145/145
f 127/127 128/128 146/146
f 127/127 126/126 105/105
f 105/105 126/126 104/104
f 148/148 129/129 130/130
f 130/130 112/112 131/131
f 112/112 113/113 133/133
f 145/145 129/129 147/147
f 128/128 144/144 159/159
f 144/144 145/145 147/147
f 127/127 146/146 143/143
f 146/146 128/128 159/159
f 125/125 126/126 127/127
f 104/104 126/126 103/103
f 147/147 129/129 148/148
f 148/148 130/130 131/131
f 131/131 112/112 132/132
f 132/132 112/112 133/133
f 133/133 113/113 134/134
f 144/144 171/171 159/159
f 172/172 144/144 147/147
f 127/127 143/143 125/125
f 146/146 158/158 143/143
f 146/146 159/159 158/158
f 126/126 125/125 103/103
f 103/103 102/102 104/104
f 148/148 176/176 147/147
f 148/148 131/131 160/160
f 149/149 131/131 132/132
f 132/132 133/133 161/161
f 133/133 134/134 162/162
f 144/144 172/172 171/171
f 159/159 171/171 173/173
f 172/172 147/147 174/174
f 125/125 143/143 142/142
f 158/158 157/157 143/143
f 173/173 158/158 159/159
f 125/125 124/124 103/103
f 103/103 100/100 102/102
f 147/147 176/176 175/175
f 176/176 148/148 160/160
f 160/160 131/131 149/149
f 149/149 132/132 161/161
f 161/161 133/133 162/162
f 170/170 171/171 172/172
f 171/171 170/170 173/173
f 170/170 172/172 174/174
f 174/174 147/147 175/175
f 124/124 125/125 142/142
f 142/142 143/143 157/157
f 169/169 157/157 158/158
f 173/173 186/186 158/158
f 103/103 124/124 122/122
f 100/100 103/103 122/122
f 175/175 176/176 187/187
f 176/176 160/160 187/187
f 160/160 149/149 177/177
f 178/178 149/149 161/161
f 161/161 162/162 200/200
f 173/173 170/170 194/194
f 193/193 170/170 174/174
f 175/175 196/196 174/174
f 142/142 141/141 124/124
f 142/142 157/157 141/141
f 169/169 156/156 157/157
f 158/158 185/185 169/169
f 186/186 185/185 158/158
f 194/194 186/186 173/173
f 123/123 122/122 124/124
f 97/97 100/100 122/122
f 196/196 175/175 187/187
f 187/187 160/160 177/177
f 177/177 149/149 178/178
f 178/178 161/161 200/200
f 170/170 193/193 194/194
f 195/195 193/193 174/174
f 174/174 196/196 195/195
f 124/124 141/141 123/123
f 156/156 141/141 157/157
f 168/168 156/156 169/169
f 185/185 168/168 169/169
f 205/205 185/185 186/186
f 208/208 186/186 194/194
f 122/122 123/123 97/97
f 197/197 196/196 187/187
f 187/187 177/177 198/198
f 199/199 177/177 178/178
f 199/199 178/178 200/200
f 193/193 207/207 194/194
f 206/206 193/193 195/195
f 195/195 196/196 209/209
f 141/141 140/140 123/123
f 156/156 140/140 141/141
f 167/167 156/156 168/168
f 192/192 168/168 185/185
f 204/204 185/185 205/205
f 205/205 186/186 208/208
f 194/194 207/207 208/208
f 139/139 97/97 123/123
f 216/216 196/196 197/197
f 197/197 187/187 198/198
f 198/198 177/177 199/199
f 199/199 200/200 229/229
f 193/193 206/206 207/207
f 206/206 195/195 207/207
f 207/207 195/195 209/209
f 196/196 216/216 209/209
f 140/140 139/139 123/123
f 155/155 140/140 156/156
f 167/167 155/155 156/156
f 167/167 168/168 184/184
f 184/184 168/168 192/192
f 204/204 192/192 185/185
f 225/225 204/204 205/205
f 228/228 205/205 208/208
f 214/214 208/208 207/207
f 138/138 97/97 139/139
f 217/217 216/216 197/197
f 197/197 198/198 218/218
f 198/198 199/199 219/219
f 219/219 199/199 229/229
f 229/229 200/200 245/245
f 207/207 209/209 215/215
f 209/209 216/216 215/215
f 139/139 140/140 155/155
f 166/166 155/155 167/167
f 183/183 167/167 184/184
f 203/203 184/184 192/192
f 213/213 192/192 204/204
f 224/224 204/204 225/225
f 225/225 205/205 228/228
f 214/214 228/228 208/208
f 207/207 543/543 214/214
f 138/138 98/98 97/97
f 154/154 138/138 139/139
f 241/241 216/216 217/217
f 217/217 197/197 218/218
f 218/218 198/198 219/219
f 219/219 229/229 244/244
f 244/244 229/229 245/245
f 215/215 543/543 207/207
f 215/215 216/216 227/227
f 155/155 154/154 139/139
f 166/166 154/154 155/155
f 166/166 167/167 183/183
f 191/191 183/183 184/184
f 203/203 191/191 184/184
f 213/213 203/203 192/192
f 224/224 213/213 204/204
f 225/225 237/237 224/224
f 225/225 228/228 238/238
f 226/226 228/228 214/214
f 214/214 543/543 226/226
f 121/121 98/98 138/138
f 154/154 153/153 138/138
f 216/216 241/241 227/227
f 242/242 241/241 217/217
f 217/217 218/218 243/243
f 243/243 218/218 219/219
f 243/243 219/219 244/244
f 244/244 245/245 267/267
f 226/226 543/543 215/215
f 227/227 226/226 215/215
f 165/165 154/154 166/166
f 190/190 166/166 183/183
f 190/190 183/183 191/191
f 212/212 191/191 203/203
f 212/212 203/203 213/213
f 223/223 213/213 224/224
f 236/236 224/224 237/237
f 238/238 237/237 225/225
f 228/228 240/240 238/238
f 226/226 227/227 228/228
f 137/137 121/121 138/138
f 153/153 154/154 165/165
f 153/153 137/137 138/138
f 544/544 227/227 241/241
f 256/256 241/241 242/242
f 242/242 217/217 243/243
f 243/243 244/244 266/266
f 266/266 244/244 267/267
f 182/182 165/165 166/166
f 190/190 182/182 166/166
f 202/202 190/190 191/191
f 212/212 202/202 191/191
f 223/223 212/212 213/213
f 236/236 223/223 224/224
f 237/237 249/249 236/236
f 238/238 251/251 237/237
f 228/228 239/239 240/240
f 240/240 255/255 238/238
f 227/227 239/239 228/228
f 121/121 137/137 820/820
f 180/180 153/153 165/165
f 152/152 137/137 153/153
f 544/544 239/239 227/227
f 253/253 544/544 241/241
f 253/253 241/241 256/256
f 264/264 256/256 242/242
f 242/242 243/243 265/265
f 265/265 243/243 266/266
f 266/266 267/267 296/296
f 181/181 165/165 182/182
f 190/190 189/189 182/182
f 190/190 202/202 189/189
f 222/222 202/202 212/212
f 222/222 212/212 223/223
f 234/234 223/223 236/236
f 249/249 248/248 236/236
f 249/249 237/237 251/251
f 238/238 252/252 251/251
f 239/239 254/254 240/240
f 254/254 255/255 240/240
f 252/252 238/238 255/255
f 828/828 820/820 137/137
f 180/180 152/152 153/153
f 180/180 165/165 181/181
f 137/137 152/152 828/828
f 239/239 544/544 253/253
f 262/262 253/253 256/256
f 279/279 256/256 264/264
f 264/264 242/242 265/265
f 265/265 266/266 296/296
f 189/189 181/181 182/182
f 202/202 188/188 189/189
f 220/220 202/202 222/222
f 234/234 222/222 223/223
f 236/236 248/248 234/234
f 248/248 249/249 250/250
f 250/250 249/249 251/251
f 261/261 251/251 252/252
f 253/253 254/254 239/239
f 254/254 263/263 255/255
f 252/252 255/255 261/261
f 819/819 820/820 828/828
f 827/827 152/152 180/180
f 181/181 841/841 180/180
f 152/152 827/827 828/828
f 253/253 262/262 263/263
f 279/279 262/262 256/256
f 295/295 279/279 264/264
f 295/295 264/264 265/265
f 295/295 265/265 296/296
f 188/188 181/181 189/189
f 211/211 188/188 202/202
f 202/202 220/220 211/211
f 220/220 222/222 235/235
f 234/234 235/235 222/222
f 234/234 248/248 235/235
f 250/250 271/271 248/248
f 251/251 274/274 250/250
f 274/274 251/251 261/261
f 253/253 263/263 254/254
f 255/255 263/263 261/261
f 819/819 808/808 820/820
f 826/826 819/819 828/828
f 180/180 841/841 827/827
f 188/188 841/841 181/181
f 827/827 826/826 828/828
f 263/263 262/262 277/277
f 293/293 262/262 279/279
f 319/319 279/279 295/295
f 211/211 848/848 188/188
f 220/220 221/221 211/211
f 247/247 220/220 235/235
f 260/260 235/235 248/248
f 248/248 271/271 260/260
f 274/274 271/271 250/250
f 261/261 275/275 274/274
f 263/263 278/278 261/261
f 808/808 819/819 818/818
f 825/825 819/819 826/826
f 841/841 840/840 827/827
f 848/848 841/841 188/188
f 826/826 827/827 834/834
f 262/262 293/293 277/277
f 277/277 278/278 263/263
f 318/318 293/293 279/279
f 319/319 318/318 279/279
f 854/854 848/848 211/211
f 233/233 221/221 220/220
f 221/221 854/854 211/211
f 247/247 233/233 220/220
f 260/260 247/247 235/235
f 260/260 271/271 270/270
f 271/271 274/274 273/273
f 273/273 274/274 275/275
f 261/261 276/276 275/275
f 276/276 261/261 278/278
f 819/819 817/817 818/818
f 817/817 819/819 825/825
f 834/834 825/825 826/826
f 827/827 840/840 834/834
f 848/848 840/840 841/841
f 277/277 293/293 318/318
f 278/278 277/277 294/294
f 319/319 294/294 318/318
f 854/854 847/847 848/848
f 232/232 221/221 233/233
f 866/866 854/854 221/221
f 247/247 258/258 233/233
f 258/258 247/247 260/260
f 258/258 260/260 270/270
f 270/270 271/271 272/272
f 272/272 271/271 273/273
f 273/273 275/275 291/291
f 276/276 292/292 275/275
f 276/276 278/278 294/294
f 818/818 817/817 815/815
f 825/825 824/824 817/817
f 833/833 825/825 834/834
f 840/840 833/833 834/834
f 847/847 840/840 848/848
f 294/294 277/277 318/318
f 853/853 847/847 854/854
f 232/232 866/866 221/221
f 246/246 232/232 233/233
f 866/866 853/853 854/854
f 246/246 233/233 258/258
f 258/258 270/270 268/268
f 270/270 272/272 289/289
f 272/272 273/273 289/289
f 275/275 292/292 291/291
f 276/276 294/294 292/292
f 817/817 816/816 815/815
f 817/817 824/824 816/816
f 833/833 824/824 825/825
f 833/833 840/840 846/846
f 846/846 840/840 847/847
f 853/853 846/846 847/847
f 232/232 875/875 866/866
f 246/246 879/879 232/232
f 865/865 853/853 866/866
f 258/258 259/259 246/246
f 258/258 268/268 259/259
f 270/270 288/288 268/268
f 288/288 270/270 289/289
f 816/816 814/814 815/815
f 824/824 823/823 816/816
f 839/839 824/824 833/833
f 833/833 846/846 839/839
f 852/852 846/846 853/853
f 866/866 875/875 865/865
f 875/875 232/232 876/876
f 879/879 876/876 232/232
f 259/259 879/879 246/246
f 865/865 852/852 853/853
f 259/259 268/268 269/269
f 814/814 803/803 815/815
f 822/822 814/814 816/816
f 816/816 823/823 822/822
f 823/823 824/824 839/839
f 846/846 845/845 839/839
f 852/852 845/845 846/846
f 875/875 874/874 865/865
f 874/874 875/875 876/876
f 879/879 881/881 876/876
f 259/259 881/881 879/879
f 864/864 852/852 865/865
f 269/269 667/667 259/259
f 814/814 802/802 803/803
f 814/814 822/822 812/812
f 832/832 822/822 823/823
f 832/832 823/823 839/839
f 839/839 845/845 838/838
f 851/851 845/845 852/852
f 874/874 872/872 865/865
f 873/873 874/874 876/876
f 881/881 665/665 876/876
f 881/881 259/259 667/667
f 864/864 861/861 852/852
f 865/865 872/872 864/864
f 667/667 269/269 668/668
f 803/803 802/802 768/768
f 814/814 812/812 802/802
f 812/812 822/822 813/813
f 813/813 822/822 832/832
f 839/839 838/838 832/832
f 844/844 838/838 845/845
f 851/851 844/844 845/845
f 861/861 851/851 852/852
f 873/873 872/872 874/874
f 876/876 665/665 873/873
f 665/665 881/881 667/667
f 863/863 861/861 864/864
f 864/864 872/872 863/863
f 663/663 667/667 668/668
f 768/768 802/802 801/801
f 811/811 802/802 812/812
f 812/812 813/813 811/811
f 832/832 831/831 813/813
f 838/838 837/837 832/832
f 844/844 837/837 838/838
f 850/850 844/844 851/851
f 860/860 851/851 861/861
f 870/870 872/872 873/873
f 667/667 663/663 665/665
f 863/863 860/860 861/861
f 872/872 870/870 863/863
f 801/801 802/802 811/811
f 821/821 811/811 813/813
f 821/821 813/813 831/831
f 832/832 837/837 831/831
f 836/836 837/837 844/844
f 850/850 836/836 844/844
f 860/860 850/850 851/851
f 862/862 860/860 863/863
f 870/870 862/862 863/863
f 767/767 801/801 811/811
f 810/810 811/811 821/821
f 821/821 831/831 830/830
f 836/836 831/831 837/837
f 843/843 836/836 850/850
f 859/859 850/850 860/860
f 862/862 859/859 860/860
f 811/811 810/810 767/767
f 836/836 830/830 831/831
f 835/835 836/836 843/843
f 859/859 843/843 850/850
f 862/862 858/858 859/859
f 835/835 830/830 836/836
f 835/835 843/843 849/849
f 858/858 843/843 859/859
f 869/869 858/858 862/862
f 830/830 835/835 829/829
f 849/849 842/842 835/835
f 858/858 849/849 843/843
f 869/869 857/857 858/858
f 842/842 829/829 835/835
f 857/857 849/849 858/858
f 868/868 857/857 869/869
f 849/849 857/857 856/856
f 857/857 868/868 856/856
f 869/869 877/877 868/868
f 856/856 868/868 867/867
f 868/868 877/877 867/867
f 855/855 856/856 867/867
f 724/724 726/726 727/727
f 727/727 728/728 687/687
f 740/740 724/724 741/741
f 725/725 726/726 724/724
f 726/726 728/728 727/727
f 688/688 687/687 728/728
f 722/722 724/724 740/740
f 723/723 725/725 724/724
f 725/725 732/732 726/726
f 726/726 733/733 728/728
f 688/688 537/537 687/687
f 688/688 728/728 690/690
f 722/722 723/723 724/724
f 739/739 722/722 740/740
f 723/723 731/731 725/725
f 725/725 731/731 732/732
f 726/726 732/732 733/733
f 728/728 733/733 691/691
f 690/690 537/537 688/688
f 728/728 691/691 690/690
f 721/721 723/723 722/722
f 739/739 720/720 722/722
f 723/723 730/730 731/731
f 731/731 735/735 732/732
f 732/732 736/736 733/733
f 699/699 691/691 733/733
f 532/532 537/537 690/690
f 691/691 692/692 690/690
f 720/720 721/721 722/722
f 721/721 730/730 723/723
f 731/731 730/730 735/735
f 732/732 735/735 736/736
f 733/733 736/736 699/699
f 691/691 699/699 692/692
f 532/532 690/690 673/673
f 692/692 673/673 690/690
f 686/686 721/721 720/720
f 721/721 729/729 730/730
f 730/730 734/734 735/735
f 735/735 737/737 736/736
f 699/699 736/736 698/698
f 698/698 692/692 699/699
f 539/539 532/532 673/673
f 673/673 692/692 696/696
f 686/686 729/729 721/721
f 729/729 734/734 730/730
f 734/734 695/695 735/735
f 735/735 695/695 737/737
f 736/736 737/737 738/738
f 736/736 738/738 698/698
f 700/700 692/692 698/698
f 673/673 696/696 539/539
f 692/692 700/700 696/696
f 689/689 729/729 686/686
f 734/734 729/729 694/694
f 695/695 734/734 694/694
f 697/697 737/737 695/695
f 704/704 738/738 737/737
f 698/698 738/738 701/701
f 701/701 700/700 698/698
f 539/539 696/696 540/540
f 696/696 700/700 677/677
f 689/689 686/686 669/669
f 689/689 694/694 729/729
f 694/694 693/693 695/695
f 693/693 697/697 695/695
f 737/737 697/697 704/704
f 738/738 704/704 708/708
f 738/738 706/706 701/701
f 700/700 701/701 705/705
f 696/696 677/677 540/540
f 705/705 677/677 700/700
f 671/671 689/689 669/669
f 689/689 693/693 694/694
f 693/693 675/675 697/697
f 697/697 703/703 704/704
f 704/704 707/707 708/708
f 706/706 738/738 708/708
f 701/701 706/706 705/705
f 677/677 535/535 540/540
f 677/677 705/705 679/679
f 669/669 657/657 671/671
f 671/671 693/693 689/689
f 671/671 675/675 693/693
f 675/675 702/702 697/697
f 697/697 702/702 703/703
f 703/703 710/710 704/704
f 704/704 710/710 707/707
f 708/708 707/707 711/711
f 706/706 708/708 709/709
f 706/706 709/709 705/705
f 679/679 535/535 677/677
f 705/705 683/683 679/679
f 657/657 672/672 671/671
f 671/671 674/674 675/675
f 702/702 675/675 676/676
f 702/702 681/681 703/703
f 703/703 681/681 710/710
f 707/707 710/710 713/713
f 707/707 713/713 711/711
f 708/708 711/711 709/709
f 705/705 709/709 683/683
f 535/535 679/679 666/666
f 683/683 666/666 679/679
f 672/672 657/657 658/658
f 672/672 674/674 671/671
f 675/675 674/674 676/676
f 678/678 702/702 676/676
f 681/681 702/702 678/678
f 681/681 712/712 710/710
f 710/710 716/716 713/713
f 711/711 713/713 717/717
f 711/711 717/717 709/709
f 709/709 714/714 683/683
f 526/526 535/535 666/666
f 684/684 666/666 683/683
f 660/660 672/672 658/658
f 662/662 674/674 672/672
f 676/676 674/674 662/662
f 678/678 676/676 661/661
f 678/678 680/680 681/681
f 682/682 712/712 681/681
f 710/710 712/712 716/716
f 713/713 716/716 718/718
f 717/717 713/713 718/718
f 709/709 717/717 714/714
f 683/683 714/714 715/715
f 666/666 541/541 526/526
f 541/541 666/666 684/684
f 685/685 684/684 683/683
f 672/672 660/660 662/662
f 661/661 676/676 662/662
f 882/882 678/678 661/661
f 680/680 678/678 882/882
f 681/681 680/680 682/682
f 298/298 712/712 682/682
f 712/712 298/298 716/716
f 300/300 718/718 716/716
f 717/717 718/718 331/331
f 719/719 714/714 717/717
f 714/714 719/719 715/715
f 683/683 715/715 685/685
f 684/684 285/285 541/541
f 285/285 684/684 685/685
f 660/660 661/661 662/662
f 883/883 680/680 882/882
f 680/680 883/883 682/682
f 297/297 298/298 682/682
f 300/300 716/716 298/298
f 718/718 300/300 331/331
f 717/717 331/331 719/719
f 335/335 715/715 719/719
f 715/715 335/335 685/685
f 685/685 303/303 285/285
f 682/682 883/883 297/297
f 298/298 297/297 299/299
f 298/298 299/299 300/300
f 300/300 330/330 331/331
f 331/331 332/332 719/719
f 719/719 334/334 335/335
f 303/303 685/685 335/335
f 286/286 285/285 303/303
f 883/883 283/283 297/297
f 299/299 297/297 287/287
f 299/299 329/329 300/300
f 330/330 300/300 329/329
f 331/331 330/330 332/332
f 334/334 719/719 332/332
f 335/335 334/334 336/336
f 335/335 336/336 303/303
f 302/302 286/286 303/303
f 287/287 297/297 283/283
f 283/283 883/883 884/884
f 299/299 287/287 301/301
f 299/299 301/301 329/329
f 337/337 330/330 329/329
f 332/332 330/330 333/333
f 332/332 333/333 334/334
f 334/334 340/340 336/336
f 336/336 307/307 303/303
f 304/304 286/286 302/302
f 303/303 307/307 302/302
f 283/283 885/885 287/287
f 885/885 283/283 884/884
f 287/287 305/305 301/301
f 301/301 338/338 329/329
f 373/373 330/330 337/337
f 329/329 339/339 337/337
f 333/333 330/330 373/373
f 333/333 374/374 334/334
f 340/340 334/334 374/374
f 341/341 336/336 340/340
f 341/341 307/307 336/336
f 309/309 304/304 302/302
f 308/308 302/302 307/307
f 885/885 886/886 287/287
f 886/886 305/305 287/287
f 338/338 301/301 305/305
f 329/329 338/338 339/339
f 337/337 375/375 373/373
f 337/337 339/339 375/375
f 333/333 373/373 374/374
f 374/374 377/377 340/340
f 340/340 378/378 341/341
f 307/307 341/341 308/308
f 308/308 309/309 302/302
f 304/304 309/309 432/432
f 886/886 887/887 305/305
f 306/306 338/338 305/305
f 338/338 342/342 339/339
f 373/373 375/375 376/376
f 343/343 375/375 339/339
f 373/373 376/376 374/374
f 374/374 376/376 377/377
f 340/340 377/377 378/378
f 341/341 378/378 345/345
f 341/341 344/344 308/308
f 310/310 309/309 308/308
f 432/432 309/309 310/310
f 305/305 887/887 306/306
f 342/342 338/338 306/306
f 339/339 342/342 343/343
f 375/375 379/379 376/376
f 375/375 343/343 379/379
f 376/376 381/381 377/377
f 377/377 381/381 378/378
f 344/344 341/341 345/345
f 378/378 349/349 345/345
f 308/308 344/344 312/312
f 312/312 310/310 308/308
f 887/887 290/290 306/306
f 290/290 342/342 306/306
f 342/342 347/347 343/343
f 376/376 379/379 380/380
f 343/343 347/347 379/379
f 376/376 380/380 381/381
f 381/381 383/383 378/378
f 346/346 344/344 345/345
f 349/349 346/346 345/345
f 378/378 383/383 349/349
f 344/344 346/346 312/312
f 313/313 310/310 312/312
f 887/887 888/888 290/290
f 311/311 342/342 290/290
f 342/342 316/316 347/347
f 379/379 382/382 380/380
f 379/379 347/347 382/382
f 381/381 380/380 383/383
f 349/349 350/350 346/346
f 385/385 349/349 383/383
f 346/346 350/350 312/312
f 317/317 313/313 312/312
f 290/290 888/888 889/889
f 290/290 889/889 311/311
f 311/311 316/316 342/342
f 316/316 348/348 347/347
f 380/380 382/382 384/384
f 348/348 382/382 347/347
f 380/380 384/384 383/383
f 356/356 350/350 349/349
f 383/383 384/384 385/385
f 349/349 385/385 388/388
f 312/312 350/350 317/317
f 313/313 317/317 434/434
f 889/889 314/314 311/311
f 311/311 315/315 316/316
f 316/316 351/351 348/348
f 386/386 384/384 382/382
f 386/386 382/382 348/348
f 350/350 356/356 357/357
f 349/349 388/388 356/356
f 384/384 387/387 385/385
f 388/388 385/385 387/387
f 350/350 357/357 317/317
f 317/317 435/435 434/434
f 890/890 314/314 889/889
f 311/311 314/314 315/315
f 315/315 351/351 316/316
f 348/348 351/351 352/352
f 353/353 384/384 386/386
f 352/352 386/386 348/348
f 356/356 361/361 357/357
f 388/388 362/362 356/356
f 353/353 387/387 384/384
f 387/387 395/395 388/388
f 317/317 357/357 435/435
f 891/891 314/314 890/890
f 314/314 322/322 315/315
f 315/315 360/360 351/351
f 360/360 352/352 351/351
f 386/386 355/355 353/353
f 352/352 393/393 386/386
f 362/362 361/361 356/356
f 361/361 363/363 357/357
f 388/388 395/395 362/362
f 353/353 355/355 387/387
f 394/394 395/395 387/387
f 357/357 436/436 435/435
f 891/891 321/321 314/314
f 321/321 322/322 314/314
f 315/315 322/322 360/360
f 360/360 392/392 352/352
f 353/353 354/354 355/355
f 353/353 355/355 354/354
f 386/386 393/393 355/355
f 352/352 392/392 393/393
f 396/396 361/361 362/362
f 363/363 361/361 398/398
f 363/363 436/436 357/357
f 395/395 396/396 362/362
f 355/355 394/394 387/387
f 395/395 394/394 405/405
f 891/891 892/892 321/321
f 321/321 359/359 322/322
f 322/322 359/359 360/360
f 390/390 392/392 360/360
f 393/393 394/394 355/355
f 393/393 392/392 404/404
f 397/397 361/361 396/396
f 397/397 398/398 361/361
f 363/363 398/398 442/442
f 442/442 436/436 363/363
f 396/396 395/395 406/406
f 394/394 393/393 405/405
f 406/406 395/395 405/405
f 892/892 320/320 321/321
f 320/320 359/359 321/321
f 360/360 359/359 389/389
f 390/390 360/360 389/389
f 390/390 391/391 392/392
f 392/392 391/391 404/404
f 405/405 393/393 404/404
f 396/396 407/407 397/397
f 398/398 397/397 368/368
f 398/398 369/369 442/442
f 442/442 440/440 436/436
f 407/407 396/396 406/406
f 406/406 405/405 402/402
f 892/892 323/323 320/320
f 320/320 358/358 359/359
f 359/359 358/358 389/389
f 390/390 389/389 364/364
f 390/390 399/399 391/391
f 404/404 391/391 399/399
f 405/405 404/404 401/401
f 407/407 368/368 397/397
f 369/369 398/398 368/368
f 440/440 442/442 369/369
f 440/440 441/441 436/436
f 407/407 406/406 366/366
f 402/402 405/405 401/401
f 366/366 406/406 402/402
f 892/892 893/893 323/323
f 320/320 323/323 364/364
f 320/320 364/364 358/358
f 389/389 358/358 364/364
f 365/365 390/390 364/364
f 390/390 365/365 399/399
f 401/401 404/404 399/399
f 368/368 407/407 366/366
f 328/328 369/369 368/368
f 440/440 369/369 439/439
f 441/441 440/440 439/439
f 401/401 400/400 402/402
f 402/402 403/403 366/366
f 323/323 893/893 324/324
f 323/323 365/365 364/364
f 399/399 365/365 370/370
f 399/399 400/400 401/401
f 366/366 367/367 368/368
f 328/328 368/368 367/367
f 328/328 439/439 369/369
f 400/400 403/403 402/402
f 403/403 372/372 366/366
f 324/324 893/893 894/894
f 365/365 323/323 324/324
f 365/365 324/324 370/370
f 400/400 399/399 370/370
f 367/367 366/366 372/372
f 367/367 327/327 328/328
f 328/328 430/430 439/439
f 403/403 400/400 371/371
f 372/372 403/403 371/371
f 324/324 894/894 325/325
f 370/370 324/324 325/325
f 371/371 400/400 370/370
f 367/367 372/372 327/327
f 328/328 327/327 282/282
f 430/430 328/328 282/282
f 371/371 326/326 372/372
f 894/894 895/895 325/325
f 370/370 325/325 371/371
f 327/327 372/372 326/326
f 282/282 327/327 281/281
f 282/282 429/429 430/430
f 325/325 326/326 371/371
f 895/895 280/280 325/325
f 326/326 281/281 327/327
f 281/281 257/257 282/282
f 282/282 257/257 429/429
f 325/325 280/280 326/326
f 895/895 896/896 280/280
f 280/280 281/281 326/326
f 280/280 257/257 281/281
f 1/1 2/2 3/3
f 1/1 26/26 2/2
f 2/2 4/4 3/3
f 1/1 3/3 5/5
f 27/27 26/26 1/1
f 19/19 2/2 26/26
f 28/28 4/4 2/2
f 3/3 4/4 5/5
f 1/1 5/5 37/37
f 24/24 26/26 27/27
f 27/27 1/1 37/37
f 28/28 2/2 19/19
f 19/19 26/26 74/74
f 4/4 28/28 38/38
f 4/4 38/38 5/5
f 5/5 83/83 37/37
f 26/26 24/24 73/73
f 25/25 24/24 27/27
f 25/25 27/27 37/37
f 19/19 29/29 28/28
f 19/19 74/74 69/69
f 74/74 26/26 73/73
f 38/38 28/28 39/39
f 38/38 84/84 5/5
f 83/83 897/897 37/37
f 84/84 83/83 5/5
f 73/73 24/24 72/72
f 898/898 24/24 25/25
f 897/897 25/25 37/37
f 29/29 19/19 20/20
f 28/28 29/29 30/30
f 69/69 74/74 73/73
f 19/19 69/69 18/18
f 28/28 30/30 39/39
f 39/39 84/84 38/38
f 897/897 83/83 899/899
f 83/83 84/84 90/90
f 68/68 73/73 72/72
f 72/72 24/24 900/900
f 24/24 898/898 900/900
f 901/901 898/898 25/25
f 901/901 25/25 897/897
f 19/19 16/16 20/20
f 75/75 29/29 20/20
f 29/29 31/31 30/30
f 68/68 69/69 73/73
f 18/18 16/16 19/19
f 15/15 18/18 69/69
f 39/39 30/30 40/40
f 85/85 84/84 39/39
f 899/899 83/83 90/90
f 90/90 84/84 91/91
f 67/67 68/68 72/72
f 72/72 900/900 902/902
f 16/16 17/17 20/20
f 17/17 75/75 20/20
f 31/31 29/29 75/75
f 30/30 31/31 33/33
f 15/15 69/69 68/68
f 18/18 13/13 16/16
f 18/18 15/15 13/13
f 40/40 30/30 41/41
f 40/40 85/85 39/39
f 84/84 85/85 91/91
f 899/899 90/90 903/903
f 90/90 91/91 114/114
f 64/64 68/68 67/67
f 72/72 902/902 67/67
f 12/12 17/17 16/16
f 17/17 70/70 75/75
f 30/30 33/33 41/41
f 64/64 15/15 68/68
f 11/11 16/16 13/13
f 15/15 14/14 13/13
f 40/40 41/41 86/86
f 85/85 40/40 86/86
f 91/91 85/85 87/87
f 903/903 90/90 114/114
f 114/114 91/91 115/115
f 63/63 64/64 67/67
f 902/902 66/66 67/67
f 11/11 12/12 16/16
f 17/17 12/12 65/65
f 65/65 70/70 17/17
f 14/14 15/15 64/64
f 9/9 11/11 13/13
f 13/13 14/14 9/9
f 85/85 86/86 87/87
f 91/91 87/87 115/115
f 903/903 114/114 904/904
f 64/64 63/63 59/59
f 67/67 66/66 63/63
f 66/66 902/902 905/905
f 8/8 12/12 11/11
f 65/65 12/12 57/57
f 61/61 70/70 65/65
f 14/14 64/64 59/59
f 8/8 11/11 9/9
f 14/14 55/55 9/9
f 87/87 86/86 115/115
f 63/63 58/58 59/59
f 66/66 58/58 63/63
f 906/906 66/66 905/905
f 8/8 10/10 12/12
f 12/12 10/10 57/57
f 57/57 61/61 65/65
f 14/14 59/59 55/55
f 9/9 6/6 8/8
f 9/9 55/55 6/6
f 59/59 58/58 54/54
f 58/58 66/66 906/906
f 7/7 10/10 8/8
f 57/57 10/10 50/50
f 52/52 61/61 57/57
f 59/59 54/54 55/55
f 6/6 7/7 8/8
f 45/45 6/6 55/55
f 58/58 56/56 54/54
f 907/907 58/58 906/906
f 10/10 7/7 48/48
f 10/10 48/48 50/50
f 50/50 52/52 57/57
f 44/44 55/55 54/54
f 45/45 7/7 6/6
f 44/44 45/45 55/55
f 56/56 53/53 54/54
f 56/56 58/58 907/907
f 47/47 48/48 7/7
f 49/49 50/50 48/48
f 49/49 52/52 50/50
f 53/53 44/44 54/54
f 46/46 7/7 45/45
f 44/44 43/43 45/45
f 908/908 53/53 56/56
f 907/907 909/909 56/56
f 46/46 47/47 7/7
f 47/47 49/49 48/48
f 51/51 52/52 49/49
f 53/53 42/42 44/44
f 43/43 46/46 45/45
f 42/42 43/43 44/44
f 909/909 908/908 56/56
f 908/908 95/95 53/53
f 766/766 47/47 46/46
f 766/766 49/49 47/47
f 51/51 49/49 765/765
f 53/53 94/94 42/42
f 43/43 766/766 46/46
f 43/43 42/42 796/796
f 53/53 95/95 94/94
f 908/908 910/910 95/95
f 765/765 49/49 766/766
f 765/765 800/800 51/51
f 795/795 42/42 94/94
f 766/766 43/43 797/797
f 42/42 795/795 796/796
f 797/797 43/43 796/796
f 117/117 94/94 95/95
f 910/910 117/117 95/95
f 765/765 766/766 798/798
f 798/798 800/800 765/765
f 794/794 795/795 94/94
f 798/798 766/766 797/797
f 786/786 796/796 795/795
f 787/787 797/797 796/796
f 118/118 94/94 117/117
f 911/911 117/117 910/910
f 788/788 800/800 798/798
f 785/785 795/795 794/794
f 94/94 118/118 794/794
f 792/792 798/798 797/797
f 785/785 786/786 795/795
f 786/786 787/787 796/796
f 787/787 792/792 797/797
f 117/117 912/912 118/118
f 912/912 117/117 911/911
f 792/792 788/788 798/798
f 791/791 785/785 794/794
f 118/118 793/793 794/794
f 780/780 786/786 785/785
f 781/781 787/787 786/786
f 784/784 792/792 787/787
f 793/793 118/118 912/912
f 784/784 788/788 792/792
f 783/783 785/785 791/791
f 794/794 793/793 791/791
f 776/776 780/780 785/785
f 780/780 781/781 786/786
f 781/781 784/784 787/787
f 789/789 793/793 912/912
f 778/778 788/788 784/784
f 776/776 785/785 783/783
f 790/790 783/783 791/791
f 793/793 790/790 791/791
f 762/762 780/780 776/776
f 763/763 781/781 780/780
f 777/777 784/784 781/781
f 789/789 790/790 793/793
f 912/912 913/913 789/789
f 777/777 778/778 784/784
f 771/771 776/776 783/783
f 782/782 783/783 790/790
f 771/771 762/762 776/776
f 762/762 763/763 780/780
f 763/763 777/777 781/781
f 789/789 782/782 790/790
f 789/789 913/913 805/805
f 783/783 774/774 771/771
f 782/782 774/774 783/783
f 761/761 762/762 771/771
f 763/763 762/762 758/758
f 764/764 777/777 763/763
f 789/789 805/805 782/782
f 914/914 805/805 913/913
f 761/761 771/771 774/774
f 782/782 775/775 774/774
f 762/762 761/761 750/750
f 752/752 758/758 762/762
f 758/758 764/764 763/763
f 775/775 782/782 805/805
f 804/804 805/805 914/914
f 770/770 761/761 774/774
f 774/774 775/775 770/770
f 761/761 757/757 750/750
f 750/750 752/752 762/762
f 752/752 753/753 758/758
f 764/764 758/758 759/759
f 804/804 775/775 805/805
f 915/915 804/804 914/914
f 757/757 761/761 770/770
f 770/770 775/775 804/804
f 749/749 750/750 757/757
f 751/751 752/752 750/750
f 746/746 753/753 752/752
f 753/753 759/759 758/758
f 915/915 770/770 804/804
f 770/770 769/769 757/757
f 750/750 749/749 744/744
f 749/749 757/757 769/769
f 745/745 751/751 750/750
f 746/746 752/752 751/751
f 769/769 770/770 915/915
f 744/744 745/745 750/750
f 769/769 916/916 749/749
f 745/745 746/746 751/751
f 769/769 915/915 916/916
f 745/745 744/744 742/742
f 746/746 745/745 743/743
f 743/743 745/745 742/742
f 163/163 164/164 179/179
f 179/179 164/164 600/600
f 163/163 179/179 210/210
f 600/600 164/164 591/591
f 179/179 600/600 620/620
f 201/201 163/163 210/210
f 210/210 179/179 620/620
f 600/600 591/591 611/611
f 620/620 600/600 611/611
f 201/201 917/917 163/163
f 201/201 210/210 230/230
f 231/231 210/210 620/620
f 611/611 591/591 601/601
f 620/620 611/611 627/627
f 918/918 917/917 201/201
f 230/230 210/210 231/231
f 919/919 201/201 230/230
f 231/231 620/620 633/633
f 611/611 601/601 621/621
f 627/627 611/611 621/621
f 620/620 627/627 634/634
f 918/918 201/201 919/919
f 230/230 231/231 920/920
f 919/919 230/230 921/921
f 633/633 620/620 634/634
f 231/231 633/633 922/922
f 612/612 621/621 601/601
f 627/627 621/621 635/635
f 634/634 627/627 635/635
f 920/920 231/231 922/922
f 921/921 230/230 920/920
f 633/633 634/634 431/431
f 922/922 633/633 431/431
f 599/599 612/612 601/601
f 626/626 621/621 612/612
f 635/635 621/621 626/626
f 634/634 635/635 644/644
f 431/431 634/634 644/644
f 431/431 923/923 922/922
f 599/599 619/619 612/612
f 612/612 619/619 626/626
f 644/644 635/635 626/626
f 425/425 431/431 644/644
f 424/424 923/923 431/431
f 619/619 599/599 610/610
f 619/619 632/632 626/626
f 626/626 632/632 644/644
f 644/644 428/428 425/425
f 425/425 424/424 431/431
f 424/424 924/924 923/923
f 610/610 599/599 598/598
f 618/618 619/619 610/610
f 632/632 619/619 618/618
f 632/632 428/428 644/644
f 428/428 426/426 425/425
f 424/424 425/425 426/426
f 424/424 426/426 924/924
f 598/598 609/609 610/610
f 610/610 609/609 618/618
f 643/643 632/632 618/618
f 650/650 428/428 632/632
f 427/427 426/426 428/428
f 426/426 925/925 924/924
f 597/597 609/609 598/598
f 609/609 617/617 618/618
f 618/618 617/617 643/643
f 650/650 632/632 643/643
f 427/427 428/428 650/650
f 438/438 426/426 427/427
f 925/925 426/426 438/438
f 598/598 588/588 597/597
f 608/608 609/609 597/597
f 608/608 617/617 609/609
f 617/617 642/642 643/643
f 642/642 650/650 643/643
f 650/650 642/642 427/427
f 427/427 423/423 438/438
f 437/437 925/925 438/438
f 597/597 588/588 587/587
f 608/608 597/597 607/607
f 631/631 617/617 608/608
f 631/631 642/642 617/617
f 642/642 423/423 427/427
f 423/423 437/437 438/438
f 437/437 926/926 925/925
f 607/607 597/597 587/587
f 625/625 608/608 607/607
f 631/631 608/608 625/625
f 641/641 642/642 631/631
f 641/641 423/423 642/642
f 421/421 437/437 423/423
f 926/926 437/437 421/421
f 607/607 587/587 586/586
f 625/625 607/607 606/606
f 640/640 631/631 625/625
f 641/641 631/631 640/640
f 422/422 423/423 641/641
f 421/421 423/423 422/422
f 927/927 926/926 421/421
f 606/606 607/607 586/586
f 624/624 625/625 606/606
f 640/640 625/625 624/624
f 420/420 641/641 640/640
f 422/422 641/641 420/420
f 419/419 421/421 422/422
f 418/418 927/927 421/421
f 606/606 586/586 596/596
f 624/624 606/606 616/616
f 639/639 640/640 624/624
f 649/649 420/420 640/640
f 419/419 422/422 420/420
f 418/418 421/421 419/419
f 928/928 927/927 418/418
f 596/596 586/586 584/584
f 616/616 606/606 596/596
f 630/630 624/624 616/616
f 639/639 624/624 630/630
f 639/639 649/649 640/640
f 416/416 420/420 649/649
f 416/416 419/419 420/420
f 419/419 416/416 418/418
f 417/417 928/928 418/418
f 595/595 596/596 584/584
f 616/616 596/596 605/605
f 630/630 616/616 623/623
f 648/648 639/639 630/630
f 648/648 649/649 639/639
f 415/415 416/416 649/649
f 418/418 416/416 417/417
f 929/929 928/928 417/417
f 605/605 596/596 595/595
f 615/615 616/616 605/605
f 623/623 616/616 615/615
f 638/638 630/630 623/623
f 648/648 630/630 638/638
f 648/648 415/415 649/649
f 415/415 414/414 416/416
f 416/416 414/414 417/417
f 929/929 417/417 433/433
f 605/605 595/595 594/594
f 615/615 605/605 604/604
f 614/614 623/623 615/615
f 638/638 623/623 629/629
f 647/647 648/648 638/638
f 647/647 415/415 648/648
f 414/414 415/415 413/413
f 433/433 417/417 414/414
f 930/930 929/929 433/433
f 594/594 595/595 582/582
f 604/604 605/605 594/594
f 614/614 615/615 604/604
f 629/629 623/623 614/614
f 637/637 638/638 629/629
f 637/637 647/647 638/638
f 647/647 413/413 415/415
f 411/411 414/414 413/413
f 433/433 414/414 411/411
f 931/931 930/930 433/433
f 582/582 593/593 594/594
f 594/594 603/603 604/604
f 622/622 614/614 604/604
f 622/622 629/629 614/614
f 637/637 629/629 622/622
f 646/646 647/647 637/637
f 647/647 412/412 413/413
f 411/411 413/413 412/412
f 931/931 433/433 411/411
f 593/593 582/582 575/575
f 593/593 603/603 594/594
f 602/602 604/604 603/603
f 622/622 604/604 602/602
f 636/636 637/637 622/622
f 636/636 646/646 637/637
f 647/647 646/646 412/412
f 410/410 411/411 412/412
f 931/931 411/411 932/932
f 592/592 593/593 575/575
f 592/592 603/603 593/593
f 602/602 603/603 592/592
f 613/613 622/622 602/602
f 628/628 636/636 622/622
f 645/645 646/646 636/636
f 412/412 646/646 645/645
f 411/411 410/410 409/409
f 410/410 412/412 645/645
f 411/411 409/409 932/932
f 592/592 575/575 474/474
f 592/592 487/487 602/602
f 613/613 602/602 494/494
f 613/613 628/628 622/622
f 628/628 517/517 636/636
f 645/645 636/636 517/517
f 408/408 409/409 410/410
f 522/522 410/410 645/645
f 932/932 409/409 284/284
f 480/480 592/592 474/474
f 592/592 480/480 487/487
f 494/494 602/602 487/487
f 500/500 613/613 494/494
f 613/613 500/500 628/628
f 517/517 628/628 500/500
f 517/517 522/522 645/645
f 408/408 284/284 409/409
f 410/410 522/522 408/408
f 284/284 933/933 932/932
f 474/474 473/473 480/480
f 486/486 487/487 480/480
f 494/494 487/487 486/486
f 500/500 494/494 493/493
f 517/517 500/500 499/499
f 516/516 522/522 517/517
f 284/284 408/408 934/934
f 522/522 530/530 408/408
f 284/284 934/934 933/933
f 486/486 480/480 473/473
f 493/493 494/494 486/486
f 499/499 500/500 493/493
f 516/516 517/517 499/499
f 530/530 522/522 516/516
f 408/408 536/536 934/934
f 536/536 408/408 530/530
f 486/486 473/473 479/479
f 493/493 486/486 479/479
f 499/499 493/493 492/492
f 507/507 516/516 499/499
f 530/530 516/516 515/515
f 935/935 934/934 536/536
f 529/529 536/536 530/530
f 478/478 479/479 473/473
f 492/492 493/493 479/479
f 507/507 499/499 492/492
f 516/516 507/507 515/515
f 528/528 530/530 515/515
f 529/529 935/935 536/536
f 528/528 529/529 530/530
f 477/477 479/479 478/478
f 492/492 479/479 485/485
f 506/506 507/507 492/492
f 515/515 507/507 513/513
f 513/513 528/528 515/515
f 936/936 935/935 529/529
f 529/529 528/528 936/936
f 485/485 479/479 477/477
f 472/472 477/477 478/478
f 498/498 492/492 485/485
f 506/506 492/492 498/498
f 512/512 507/507 506/506
f 507/507 512/512 513/513
f 521/521 528/528 513/513
f 528/528 521/521 936/936
f 476/476 485/485 477/477
f 476/476 477/477 472/472
f 498/498 485/485 491/491
f 505/505 506/506 498/498
f 512/512 506/506 505/505
f 513/513 512/512 514/514
f 521/521 513/513 514/514
f 936/936 521/521 527/527
f 491/491 485/485 476/476
f 476/476 472/472 470/470
f 497/497 498/498 491/491
f 505/505 498/498 497/497
f 511/511 512/512 505/505
f 511/511 514/514 512/512
f 520/520 521/521 514/514
f 527/527 521/521 534/534
f 527/527 937/937 936/936
f 491/491 476/476 484/484
f 475/475 476/476 470/470
f 497/497 491/491 490/490
f 504/504 505/505 497/497
f 511/511 505/505 504/504
f 520/520 514/514 511/511
f 533/533 521/521 520/520
f 521/521 533/533 534/534
f 534/534 938/938 527/527
f 938/938 937/937 527/527
f 484/484 476/476 475/475
f 490/490 491/491 484/484
f 475/475 470/470 469/469
f 496/496 497/497 490/490
f 504/504 497/497 496/496
f 510/510 511/511 504/504
f 510/510 520/520 511/511
f 525/525 533/533 520/520
f 939/939 534/534 533/533
f 938/938 534/534 939/939
f 484/484 475/475 469/469
f 490/490 484/484 483/483
f 469/469 470/470 460/460
f 489/489 496/496 490/490
f 503/503 504/504 496/496
f 510/510 504/504 503/503
f 519/519 520/520 510/510
f 525/525 520/520 519/519
f 533/533 525/525 940/940
f 940/940 939/939 533/533
f 483/483 484/484 469/469
f 489/489 490/490 483/483
f 469/469 460/460 468/468
f 503/503 496/496 489/489
f 509/509 510/510 503/503
f 519/519 510/510 509/509
f 524/524 525/525 519/519
f 525/525 524/524 940/940
f 483/483 469/469 468/468
f 489/489 483/483 482/482
f 468/468 460/460 459/459
f 502/502 503/503 489/489
f 503/503 502/502 509/509
f 524/524 519/519 509/509
f 940/940 524/524 531/531
f 482/482 483/483 468/468
f 488/488 489/489 482/482
f 467/467 468/468 459/459
f 502/502 489/489 495/495
f 518/518 509/509 502/502
f 524/524 509/509 518/518
f 531/531 524/524 518/518
f 941/941 940/940 531/531
f 467/467 482/482 468/468
f 495/495 489/489 488/488
f 459/459 466/466 467/467
f 501/501 502/502 495/495
f 502/502 508/508 518/518
f 531/531 518/518 523/523
f 941/941 531/531 538/538
f 467/467 481/481 482/482
f 467/467 466/466 481/481
f 501/501 508/508 502/502
f 508/508 523/523 518/518
f 531/531 523/523 538/538
f 941/941 538/538 542/542
f 942/942 941/941 542/542
f 943/943 32/32 944/944
f 80/80 32/32 943/943
f 32/32 34/34 944/944
f 76/76 80/80 943/943
f 81/81 32/32 80/80
f 34/34 32/32 81/81
f 944/944 34/34 945/945
f 76/76 943/943 946/946
f 106/106 80/80 76/76
f 81/81 80/80 106/106
f 81/81 545/545 34/34
f 34/34 88/88 945/945
f 947/947 76/76 946/946
f 62/62 106/106 76/76
f 106/106 548/548 81/81
f 548/548 545/545 81/81
f 545/545 546/546 34/34
f 34/34 546/546 88/88
f 945/945 88/88 948/948
f 947/947 62/62 76/76
f 62/62 547/547 106/106
f 558/558 548/548 106/106
f 559/559 545/545 548/548
f 549/549 546/546 545/545
f 546/546 550/550 88/88
f 111/111 948/948 88/88
f 949/949 62/62 947/947
f 101/101 547/547 62/62
f 106/106 547/547 558/558
f 558/558 559/559 548/548
f 561/561 545/545 559/559
f 546/546 549/549 550/550
f 560/560 549/549 545/545
f 88/88 550/550 111/111
f 948/948 111/111 116/116
f 60/60 62/62 949/949
f 60/60 101/101 62/62
f 547/547 101/101 555/555
f 547/547 557/557 558/558
f 557/557 559/559 558/558
f 560/560 545/545 561/561
f 572/572 561/561 559/559
f 549/549 563/563 550/550
f 549/549 560/560 563/563
f 111/111 550/550 116/116
f 950/950 948/948 116/116
f 951/951 60/60 949/949
f 60/60 99/99 101/101
f 555/555 101/101 553/553
f 555/555 556/556 547/547
f 556/556 557/557 547/547
f 571/571 559/559 557/557
f 561/561 562/562 560/560
f 571/571 572/572 559/559
f 561/561 572/572 562/562
f 564/564 550/550 563/563
f 560/560 562/562 563/563
f 550/550 564/564 116/116
f 136/136 950/950 116/116
f 60/60 951/951 96/96
f 96/96 99/99 60/60
f 101/101 99/99 553/553
f 554/554 555/555 553/553
f 556/556 555/555 567/567
f 557/557 556/556 569/569
f 570/570 571/571 557/557
f 576/576 572/572 571/571
f 577/577 562/562 572/572
f 564/564 563/563 573/573
f 562/562 580/580 563/563
f 116/116 564/564 574/574
f 135/135 950/950 136/136
f 136/136 116/116 574/574
f 96/96 951/951 952/952
f 96/96 93/93 99/99
f 99/99 93/93 553/553
f 551/551 554/554 553/553
f 555/555 554/554 567/567
f 569/569 556/556 567/567
f 569/569 570/570 557/557
f 571/571 570/570 585/585
f 578/578 572/572 576/576
f 585/585 576/576 571/571
f 562/562 577/577 580/580
f 577/577 572/572 578/578
f 563/563 580/580 573/573
f 581/581 564/564 573/573
f 574/574 564/564 581/581
f 953/953 950/950 135/135
f 135/135 136/136 151/151
f 954/954 136/136 574/574
f 93/93 96/96 952/952
f 553/553 93/93 551/551
f 551/551 552/552 554/554
f 554/554 566/566 567/567
f 567/567 568/568 569/569
f 570/570 569/569 955/955
f 585/585 570/570 955/955
f 956/956 578/578 576/576
f 957/957 576/576 585/585
f 577/577 579/579 580/580
f 578/578 579/579 577/577
f 573/573 580/580 590/590
f 958/958 581/581 573/573
f 574/574 581/581 959/959
f 960/960 953/953 135/135
f 150/150 135/135 151/151
f 151/151 136/136 954/954
f 954/954 574/574 959/959
f 92/92 93/93 952/952
f 119/119 551/551 93/93
f 119/119 552/552 551/551
f 554/554 552/552 565/565
f 565/565 566/566 554/554
f 566/566 568/568 567/567
f 569/569 568/568 955/955
f 955/955 961/961 585/585
f 957/957 956/956 576/576
f 578/578 956/956 589/589
f 961/961 957/957 585/585
f 590/590 580/580 579/579
f 579/579 578/578 589/589
f 573/573 590/590 962/962
f 959/959 581/581 958/958
f 962/962 958/958 573/573
f 960/960 135/135 150/150
f 150/150 151/151 963/963
f 963/963 151/151 954/954
f 92/92 119/119 93/93
f 964/964 92/92 952/952
f 552/552 119/119 458/458
f 565/565 552/552 465/465
f 566/566 565/565 965/965
f 583/583 568/568 566/566
f 955/955 568/568 583/583
f 589/589 956/956 966/966
f 589/589 590/590 579/579
f 590/590 966/966 962/962
f 960/960 150/150 967/967
f 967/967 150/150 963/963
f 92/92 120/120 119/119
f 92/92 964/964 809/809
f 119/119 120/120 458/458
f 552/552 458/458 465/465
f 465/465 965/965 565/565
f 566/566 965/965 968/968
f 968/968 583/583 566/566
f 969/969 955/955 583/583
f 589/589 966/966 590/590
f 809/809 120/120 92/92
f 964/964 799/799 809/809
f 120/120 457/457 458/458
f 458/458 464/464 465/465
f 465/465 970/970 965/965
f 969/969 583/583 968/968
f 457/457 120/120 809/809
f 799/799 964/964 971/971
f 799/799 807/807 809/809
f 457/457 464/464 458/458
f 465/465 464/464 970/970
f 809/809 807/807 457/457
f 799/799 971/971 806/806
f 806/806 807/807 799/799
f 463/463 464/464 457/457
f 972/972 970/970 464/464
f 457/457 807/807 456/456
f 971/971 973/973 806/806
f 455/455 807/807 806/806
f 972/972 464/464 463/463
f 456/456 463/463 457/457
f 456/456 807/807 455/455
f 806/806 973/973 779/779
f 779/779 455/455 806/806
f 972/972 463/463 974/974
f 462/462 463/463 456/456
f 454/454 456/456 455/455
f 772/772 779/779 973/973
f 450/450 455/455 779/779
f 463/463 462/462 974/974
f 454/454 462/462 456/456
f 449/449 454/454 455/455
f 772/772 973/973 975/975
f 773/773 779/779 772/772
f 779/779 773/773 450/450
f 450/450 449/449 455/455
f 974/974 462/462 976/976
f 454/454 461/461 462/462
f 454/454 449/449 461/461
f 977/977 772/772 975/975
f 756/756 773/773 772/772
f 448/448 450/450 773/773
f 447/447 449/449 450/450
f 471/471 976/976 462/462
f 462/462 461/461 471/471
f 449/449 453/453 461/461
f 760/760 772/772 977/977
f 756/756 772/772 760/760
f 756/756 448/448 773/773
f 448/448 447/447 450/450
f 453/453 449/449 447/447
f 978/978 976/976 471/471
f 461/461 452/452 471/471
f 452/452 461/461 453/453
f 979/979 760/760 977/977
f 754/754 756/756 760/760
f 446/446 448/448 756/756
f 446/446 447/447 448/448
f 453/453 447/447 445/445
f 980/980 978/978 471/471
f 471/471 452/452 980/980
f 452/452 453/453 445/445
f 754/754 760/760 979/979
f 755/755 756/756 754/754
f 755/755 446/446 756/756
f 445/445 447/447 446/446
f 980/980 452/452 451/451
f 451/451 452/452 445/445
f 981/981 754/754 979/979
f 755/755 754/754 748/748
f 443/443 446/446 755/755
f 443/443 445/445 446/446
f 982/982 980/980 451/451
f 445/445 444/444 451/451
f 747/747 754/754 981/981
f 748/748 754/754 747/747
f 443/443 755/755 748/748
f 445/445 443/443 444/444
f 983/983 747/747 981/981
f 652/652 984/984 653/653
f 651/651 652/652 653/653
f 653/653 984/984 985/985
f 651/651 654/654 652/652
f 655/655 651/651 653/653
f 656/656 653/653 985/985
f 986/986 654/654 651/651
f 651/651 655/655 987/987
f 656/656 655/655 653/653
f 988/988 656/656 985/985
f 986/986 670/670 654/654
f 987/987 986/986 651/651
f 987/987 655/655 989/989
f 659/659 655/655 656/656
f 871/871 656/656 988/988
f 990/990 670/670 986/986
f 655/655 659/659 989/989
f 659/659 656/656 871/871
f 988/988 991/991 871/871
f 990/990 992/992 670/670
f 880/880 989/989 659/659
f 880/880 659/659 871/871
f 878/878 871/871 991/991
f 989/989 880/880 993/993
f 878/878 880/880 871/871
f 878/878 991/991 994/994
f 993/993 880/880 995/995
f 664/664 880/880 878/878
f 994/994 664/664 878/878
f 995/995 880/880 664/664
f 996/996 664/664 994/994
f 997/997 995/995 664/664
f 996/996 997/997 664/664

o material_0
usemtl material_1
v 0.00826220 0.00449722 0.02465010
v 0.00495809 0.00523409 0.02540597
v 0.00517371 0.00373089 0.02613042
v 0.00045144 0.00565181 0.02530123
v 0.00244274 0.00336603 0.02594921
v -0.00116030 0.00403553 0.02598976
v -0.00842965 0.00597368 0.02386782
v -0.00544124 0.00398917 0.02539545
v -0.01006043 0.00403289 0.02416682
v -0.01279606 0.00577489 0.02260730
v -0.01495803 0.00526693 0.02205081
v -0.01410636 0.00464521 0.02303565
v -0.01549682 0.00401124 0.02210458
v 0.00813097 0.00258225 0.02452771
v 0.00257610 0.00213631 0.02536626
v -0.00257117 0.00207342 0.02549119
v -0.00850489 0.00214011 0.02439986
v -0.01285296 0.00286727 0.02300504
v -0.01192532 0.00140426 0.02221890
v -0.00150475 0.00031217 0.02360152
v -0.00746088 0.00052907 0.02301847
v -0.01415069 0.00733797 0.02078302
v 0.01416777 0.00460281 0.02243470
v 0.01116197 0.00530081 0.02355772
v 0.01134688 0.00361873 0.02426070
v -0.01651720 0.00439338 0.02066034
v -0.01745191 0.00612506 0.01922931
v -0.01938328 0.00331966 0.01797310
v 0.01419064 0.00264724 0.02202022
v 0.00563863 0.00126339 0.02384037
v -0.01559426 0.00252519 0.02100168
v -0.01817404 0.00238257 0.01895928
v 0.00470881 -0.00003032 0.02197203
v -0.00222373 -0.00066934 0.02110876
v -0.00868704 -0.00047027 0.02039826
v -0.01306292 0.00036513 0.01981287
v -0.01711639 0.00121988 0.01862903
v 0.01846762 0.00397819 0.01976833
v 0.01730052 0.00524592 0.01976229
v -0.02092698 0.00552831 0.01533522
v 0.01498681 0.00146259 0.02032425
v 0.01023857 0.00095991 0.02205089
v -0.02203883 0.00310906 0.01439884
v 0.01103698 -0.00001355 0.01982688
v 0.00659861 -0.00091424 0.01787128
v 0.00213632 -0.00089555 0.01897246
v -0.00602746 -0.00116212 0.01773591
v -0.01248727 -0.00071325 0.01703535
v -0.01648923 -0.00005733 0.01554816
v -0.02059700 0.00129496 0.01445589
v -0.02009997 0.00821810 0.01435685
v -0.02280351 0.00720470 0.01160522
v 0.02033276 0.00276481 0.01741220
v 0.01760373 0.00031475 0.01605967
v 0.01234700 -0.00084317 0.01582322
v 0.00183757 -0.00094861 0.01588979
v -0.00853149 -0.00087621 0.01219957
v -0.01341270 -0.00100753 0.01344465
v -0.01752627 -0.00075338 0.01278566
v -0.01932349 0.00008158 0.01281028
v 0.02284574 0.00395268 0.01510239
v 0.02213187 0.00415740 0.01699637
v 0.01988356 0.00137658 0.01623987
v 0.01639085 -0.00071836 0.01327825
v 0.00895651 -0.00104002 0.01392008
v 0.00239628 -0.00066882 0.01218958
v -0.00553878 -0.00044975 0.00948784
v -0.01975818 -0.00056276 0.00954318
v -0.02203342 0.00063387 0.00970192
v -0.01692573 -0.00090649 0.00888310
v 0.02446227 0.00392603 0.01118521
v 0.02362853 0.00233964 0.01235604
v 0.02238486 0.00073355 0.01065137
v 0.01980930 -0.00019614 0.01077576
v 0.01418381 -0.00106294 0.00939193
v 0.01110656 -0.00099166 0.00969125
v 0.00591891 -0.00062814 0.00892562
v -0.01260873 -0.00038949 0.00544277
v -0.02108855 -0.00017250 0.00449069
v 0.01782048 -0.00080445 0.00539437
v -0.00179064 -0.00015329 0.00474951
v -0.00698279 -0.00010947 0.00397112
v -0.01884586 -0.00051501 0.00425813
v -0.02407219 0.00386720 0.01166301
v -0.02358293 0.00223132 0.01135092
v -0.02451202 0.00551135 0.01049529
v -0.02477352 0.00695912 0.00716120
v -0.02549328 0.00399029 0.00907613
v -0.02487978 0.00257782 0.00863937
v -0.02622038 0.00544799 0.00364860
v -0.02607698 0.00295439 0.00438553
v -0.02429995 0.00122137 0.00505255
v -0.02549805 0.00772324 0.00155608
v 0.02634881 0.00396597 0.00851531
v 0.02510586 0.00236536 0.00843005
v 0.02624336 0.00299723 0.00523484
v 0.02367952 0.00065262 0.00394146
v 0.02090596 -0.00028621 0.00511854
v 0.01041908 -0.00044102 0.00164490
v 0.00458669 -0.00022989 0.00266893
v -0.01558879 -0.00028863 0.00069818
v -0.02049990 -0.00024698 -0.00087799
v 0.01541004 -0.00065517 0.00124316
v -0.00112270 0.00000463 0.00030217
v -0.00603959 -0.00005159 -0.00233096
v -0.01113380 -0.00012299 -0.00276506
v -0.01584173 -0.00038788 -0.00601217
v -0.01902393 -0.00035895 -0.00812846
v 0.02655356 0.00444842 0.00186534
v 0.02569275 0.00191791 0.00187321
v 0.02179857 0.00006754 -0.00080556
v 0.01882485 -0.00039268 -0.00126970
v 0.00559918 -0.00018205 -0.00666903
v -0.00045684 0.00001270 -0.00415118
v 0.02619809 0.00264271 -0.00242539
v 0.02469207 0.00116260 -0.00418496
v 0.01555949 -0.00039645 -0.00479619
v -0.00210650 -0.00008688 -0.01011003
v 0.02141454 0.00018693 -0.00667734
v 0.01824598 -0.00038188 -0.00937073
v 0.01059549 -0.00035185 -0.00994216
v -0.01001043 -0.00021698 -0.01184885
v -0.01429834 -0.00036267 -0.01396584
v 0.02628708 0.00407780 -0.00682042
v 0.02533754 0.00255320 -0.00791114
v 0.02540583 0.00408217 -0.00938128
v 0.02293571 0.00125025 -0.01028433
v 0.01470822 -0.00058433 -0.01083073
v -0.01673789 -0.00019940 -0.01494345
v 0.01973993 0.00014304 -0.01151459
v 0.00327603 -0.00032965 -0.01570596
v -0.00570076 -0.00026847 -0.01734573
v -0.01651468 0.00078847 -0.01921378
v -0.01860577 0.00019740 -0.01545194
v -0.02076256 0.00212883 -0.01794952
v 0.01555892 -0.00057583 -0.01435564
v 0.02404953 0.00351734 -0.01256120
v 0.02234658 0.00272340 -0.01514411
v 0.02091295 0.00137394 -0.01493485
v 0.01753765 -0.00013027 -0.01467906
v 0.00843090 -0.00054007 -0.01801571
v -0.01294463 -0.00009110 -0.01899399
v 0.02039842 0.00211141 -0.01768613
v 0.01835649 0.00145475 -0.01832127
v 0.01496554 0.00003158 -0.01808502
v -0.00485268 0.00042304 -0.02394177
v -0.01232676 0.00030496 -0.02111246
v -0.01295523 0.00201171 -0.02378355
v -0.01616954 0.00229206 -0.02240404
v 0.01063785 -0.00040787 -0.01909585
v -0.00003594 -0.00034047 -0.02054511
v -0.00462353 -0.00011419 -0.02209604
v -0.01665980 0.00517372 -0.02245997
v 0.01916955 0.00332732 -0.01938321
v 0.01745906 0.00280980 -0.02086390
v -0.01500698 0.00353333 -0.02507661
v -0.01738954 0.00345080 -0.02342395
v 0.01555372 0.00184665 -0.02164189
v 0.01180704 0.00044253 -0.02125600
v -0.00816296 0.00195182 -0.02547423
v 0.00442396 -0.00018819 -0.02241936
v 0.01433535 0.00280789 -0.02398452
v -0.01022346 0.00355358 -0.02676560
v 0.01073602 0.00203360 -0.02463546
v 0.00659055 0.00049295 -0.02369735
v 0.00351691 0.00171592 -0.02617727
v 0.00060525 0.00054746 -0.02471593
v -0.00161122 0.00198064 -0.02674545
v -0.02718464 0.00410586 0.00024524
v -0.02342749 0.00057874 -0.00147889
v -0.02606584 0.00189281 0.00038035
v -0.02707539 0.00315502 -0.00230406
v -0.02577784 0.00705857 -0.00552370
v -0.02716344 0.00509236 -0.00341795
v -0.02111531 -0.00020296 -0.00527958
v -0.02569192 0.00171078 -0.00397222
v -0.02626353 0.00534342 -0.00852518
v -0.02634851 0.00358861 -0.00866493
v -0.02292027 0.00064159 -0.00750223
v -0.02481353 0.00719058 -0.00992750
v -0.02052741 0.00006969 -0.01107038
v -0.02479122 0.00193449 -0.00990002
v -0.02433619 0.00620548 -0.01325259
v -0.02173979 0.00106958 -0.01338029
v -0.02106077 0.00434577 -0.01897314
v -0.02490849 0.00414608 -0.01436756
v -0.02368225 0.00237472 -0.01455380
v -0.02172065 0.00348546 -0.01900357
v -0.02375872 0.00321869 -0.01636501
v -0.01971384 0.00332434 -0.02169335
v 0.02698476 0.00457334 0.00711592
v 0.02726283 0.00446402 0.00524101
v 0.00442396 -0.00018819 -0.02241936
v 0.00843090 -0.00054007 -0.01801571
v 0.00327603 -0.00032965 -0.01570596
v -0.00210650 -0.00008688 -0.01011003
v -0.00603959 -0.00005159 -0.00233096
v -0.00698279 -0.00010947 0.00397112
v -0.00853149 -0.00087621 0.01219957
v -0.01260873 -0.00038949 0.00544277
v -0.02280351 0.00720470 0.01160522
v -0.02407219 0.00386720 0.01166301
v -0.02059700 0.00129496 0.01445589
v -0.02358293 0.00223132 0.01135092
v -0.01648923 -0.00005733 0.01554816
v -0.01341270 -0.00100753 0.01344465
v 0.00183757 -0.00094861 0.01588979
v -0.00853149 -0.00087621 0.01219957
v 0.02404953 0.00351734 -0.01256120
v 0.01416777 0.00460281 0.02243470
v 0.02293571 0.00125025 -0.01028433
v 0.01419064 0.00264724 0.02202022
v 0.02141454 0.00018693 -0.00667734
v 0.01498681 0.00146259 0.02032425
v 0.01824598 -0.00038188 -0.00937073
v 0.01103698 -0.00001355 0.01982688
v 0.01555949 -0.00039645 -0.00479619
v 0.00659861 -0.00091424 0.01787128
v 0.01041908 -0.00044102 0.00164490
v 0.00239628 -0.00066882 0.01218958
v 0.00183757 -0.00094861 0.01588979
v 0.00591891 -0.00062814 0.00892562
v 0.01555372 0.00184665 -0.02164189
v 0.01180704 0.00044253 -0.02125600
v -0.00161122 0.00198064 -0.02674545
v 0.00060525 0.00054746 -0.02471593
v 0.00442396 -0.00018819 -0.02241936
vt 0.50388002 0.85211003
vt 0.50568002 0.85837001
vt 0.50370997 0.85789001
vt 0.50617999 0.86690003
vt 0.50285000 0.86309999
vt 0.50395000 0.86997998
vt 0.50528002 0.88352001
vt 0.50325000 0.87809998
vt 0.50217003 0.88673002
vt 0.50378001 0.89155000
vt 0.50239998 0.89554000
vt 0.50217998 0.89415997
vt 0.50028998 0.89666998
vt 0.50046998 0.85225999
vt 0.50023001 0.86281002
vt 0.50007999 0.87265998
vt 0.49913001 0.88391000
vt 0.49913001 0.89192998
vt 0.49599001 0.89016998
vt 0.49548000 0.87054002
vt 0.49522001 0.88183999
vt 0.50487000 0.89367002
vt 0.50239003 0.84118998
vt 0.50441998 0.84676999
vt 0.50212997 0.84625000
vt 0.49974999 0.89828002
vt 0.50150001 0.89958000
vt 0.49573001 0.90319002
vt 0.49871001 0.84100997
vt 0.49754000 0.85694999
vt 0.49686000 0.89679003
vt 0.49494001 0.90123999
vt 0.49375999 0.85869002
vt 0.49177000 0.87177998
vt 0.49138001 0.88392001
vt 0.49226001 0.89203000
vt 0.49270999 0.89933002
vt 0.70933002 0.90323001
vt 0.71066999 0.90363002
vt 0.49735999 0.90521997
vt 0.49535000 0.83958000
vt 0.49570999 0.84829998
vt 0.49259001 0.90731001
vt 0.49230000 0.84687001
vt 0.48912999 0.85518998
vt 0.48986000 0.86351001
vt 0.48822999 0.87870002
vt 0.48830000 0.89061999
vt 0.48794001 0.91856998
vt 0.49224001 0.91451001
vt 0.50105000 0.90324003
vt 0.50397003 0.91553003
vt 0.70775002 0.89810997
vt 0.70107001 0.89758003
vt 0.69546998 0.90025997
vt 0.70436001 0.99861002
vt 0.48451000 0.93229002
vt 0.48582000 0.92470998
vt 0.48811999 0.92009002
vt 0.49024999 0.91779000
vt 0.71086001 0.89226002
vt 0.71135002 0.89611000
vt 0.70458001 0.89644003
vt 0.69752002 0.89342999
vt 0.69239998 0.89877999
vt 0.70548999 0.99316001
vt 0.70195001 0.98417002
vt 0.49048001 0.92070001
vt 0.49342999 0.91763002
vt 0.48892999 0.92517000
vt 0.71061999 0.88417000
vt 0.70762998 0.88700002
vt 0.70331001 0.88488001
vt 0.69992000 0.88682997
vt 0.69424999 0.88789999
vt 0.69252998 0.89023000
vt 0.70783001 0.99019998
vt 0.48918000 0.93476999
vt 0.49353999 0.92466998
vt 0.69578999 0.87862003
vt 0.70482999 0.97891003
vt 0.48782000 0.94361001
vt 0.49204001 0.92791998
vt 0.49904001 0.91323000
vt 0.49621001 0.91395998
vt 0.50240999 0.91416001
vt 0.50625998 0.91768003
vt 0.50088000 0.91411000
vt 0.49838999 0.91521001
vt 0.50585997 0.91939998
vt 0.50124002 0.91838002
vt 0.49718001 0.91982001
vt 0.51021999 0.92311001
vt 0.71114999 0.87812001
vt 0.70738000 0.87893999
vt 0.70820999 0.87238997
vt 0.70181000 0.87203002
vt 0.69865000 0.87606001
vt 0.71155000 0.98106998
vt 0.70841002 0.97926003
vt 0.49228999 0.93643999
vt 0.49515000 0.93175000
vt 0.69322002 0.87300998
vt 0.70589000 0.97222000
vt 0.48965999 0.95227998
vt 0.49186999 0.94639999
vt 0.49471000 0.94424999
vt 0.49707001 0.94264001
vt 0.70981002 0.86611003
vt 0.70476002 0.86688000
vt 0.69795001 0.86505997
vt 0.69506001 0.86637998
vt 0.71010000 0.96445000
vt 0.70673001 0.96542001
vt 0.70493001 0.85895002
vt 0.70071000 0.85706002
vt 0.71555001 0.97320998
vt 0.49063000 0.96680999
vt 0.72066998 0.97336000
vt 0.71789998 0.96675003
vt 0.71316999 0.96153998
vt 0.49454999 0.95924997
vt 0.49711999 0.95647001
vt 0.70600998 0.85128999
vt 0.70235002 0.85017997
vt 0.70455003 0.84763998
vt 0.72412002 0.96767998
vt 0.71543998 0.96221000
vt 0.49899000 0.95455003
vt 0.72011000 0.96372002
vt 0.48987001 0.98053002
vt 0.49456999 0.97194999
vt 0.50244999 0.96064001
vt 0.50084001 0.95274001
vt 0.50652999 0.95327002
vt 0.71644002 0.95642000
vt 0.72930002 0.96399999
vt 0.72705001 0.95840001
vt 0.72359002 0.95810002
vt 0.71858001 0.95684999
vt 0.48811999 0.98954999
vt 0.49897999 0.96500999
vt 0.72494000 0.95276999
vt 0.72245002 0.95060998
vt 0.71762002 0.94941998
vt 0.49798000 0.98212999
vt 0.50027001 0.96873999
vt 0.50481999 0.97169000
vt 0.50639999 0.96556002
vt 0.71420002 0.94556999
vt 0.49305999 0.98321003
vt 0.49618000 0.97982001
vt 0.51187998 0.96506000
vt 0.72649002 0.94901001
vt 0.72459000 0.94551003
vt 0.50923997 0.97086000
vt 0.50961000 0.96539003
vt 0.72169000 0.94322997
vt 0.71670002 0.94225001
vt 0.50299001 0.98018003
vt 0.49202001 0.99103999
vt 0.25887001 0.81169999
vt 0.50749999 0.97940999
vt 0.25782001 0.80496001
vt 0.25435001 0.79715002
vt 0.25808999 0.79123002
vt 0.49592000 0.98979002
vt 0.50032002 0.99000001
vt 0.50545001 0.92176998
vt 0.49818999 0.92855000
vt 0.50101000 0.92285001
vt 0.50481999 0.92479002
vt 0.51233000 0.93097001
vt 0.50871998 0.92625999
vt 0.49721000 0.93625998
vt 0.50228000 0.92853999
vt 0.51095003 0.93377000
vt 0.50796002 0.93361998
vt 0.50048000 0.93662000
vt 0.51405001 0.93773001
vt 0.49974000 0.94437999
vt 0.50474000 0.93717003
vt 0.51359999 0.94250000
vt 0.50312001 0.94580001
vt 0.51116002 0.95437998
vt 0.51076001 0.94296002
vt 0.50700003 0.94475001
vt 0.50998002 0.95346999
vt 0.50937998 0.94711000
vt 0.50984001 0.95986998
vt 0.71218997 0.87511998
vt 0.71153998 0.87159002
vt 0.71117997 0.93703002
vt 0.71247000 0.94646001
vt 0.70950001 0.94808000
vt 0.70626998 0.95490998
vt 0.70345002 0.96548998
vt 0.70226997 0.97483999
vt 0.69953001 0.98662001
vt 0.69889998 0.97415000
vt 0.49722999 0.90758997
vt 0.49177000 0.91026998
vt 0.48960000 0.90491003
vt 0.48884001 0.90952998
vt 0.48822001 0.89772999
vt 0.48514000 0.89182001
vt 0.48745999 0.86401999
vt 0.48462000 0.88275999
vt 0.70163000 0.84338999
vt 0.70824999 0.91017002
vt 0.69773000 0.84802997
vt 0.70477003 0.90978003
vt 0.69603997 0.85527998
vt 0.70270002 0.90653002
vt 0.69221997 0.85312998
vt 0.69731998 0.90793002
vt 0.69191998 0.86268997
vt 0.69234997 0.90688002
vt 0.69063997 0.87687999
vt 0.68857998 0.89924002
vt 0.68884999 0.90583998
vt 0.68976998 0.89182001
vt 0.25567999 0.81388998
vt 0.25285000 0.80694002
vt 0.25885001 0.78140998
vt 0.25498000 0.78577000
vt 0.25229001 0.79310000
f 1150/1150 1154/1154 1182/1182
f 1153/1153 1154/1154 1150/1150
f 1177/1177 1180/1180 1174/1174
f 1180/1180 1182/1182 1183/1183
f 1170/1170 1177/1177 1174/1174
f 1154/1154 1187/1187 1182/1182
f 1160/1160 1145/1145 1153/1153
f 1154/1154 1153/1153 1145/1145
f 1180/1180 1183/1183 1174/1174
f 1182/1182 1186/1186 1183/1183
f 1171/1171 1170/1170 1174/1174
f 1090/1090 1170/1170 1171/1171
f 1187/1187 1154/1154 1146/1146
f 1182/1182 1187/1187 1185/1185
f 1145/1145 1160/1160 1157/1157
f 1154/1154 1145/1145 1146/1146
f 1174/1174 1183/1183 1175/1175
f 1185/1185 1186/1186 1182/1182
f 1186/1186 1184/1184 1183/1183
f 1174/1174 1175/1175 1171/1171
f 1166/1166 1090/1090 1171/1171
f 1187/1187 1146/1146 1132/1132
f 1187/1187 1132/1132 1185/1185
f 1143/1143 1145/1145 1157/1157
f 1145/1145 1144/1144 1146/1146
f 1143/1143 1157/1157 1165/1165
f 1183/1183 1184/1184 1175/1175
f 1186/1186 1185/1185 1132/1132
f 1186/1186 1132/1132 1184/1184
f 1175/1175 1169/1169 1171/1171
f 1090/1090 1166/1166 1087/1087
f 1171/1171 1169/1169 1166/1166
f 1132/1132 1146/1146 1130/1130
f 1143/1143 1144/1144 1145/1145
f 1130/1130 1146/1146 1144/1144
f 1143/1143 1165/1165 1164/1164
f 1184/1184 1179/1179 1175/1175
f 1184/1184 1132/1132 1181/1181
f 1175/1175 1173/1173 1169/1169
f 1084/1084 1090/1090 1087/1087
f 1088/1088 1087/1087 1166/1166
f 1166/1166 1169/1169 1168/1168
f 1130/1130 1131/1131 1132/1132
f 1144/1144 1143/1143 1149/1149
f 1144/1144 1139/1139 1130/1130
f 1164/1164 1149/1149 1143/1143
f 1179/1179 1173/1173 1175/1175
f 1181/1181 1179/1179 1184/1184
f 1131/1131 1181/1181 1132/1132
f 1173/1173 1168/1168 1169/1169
f 1085/1085 1084/1084 1087/1087
f 1088/1088 1085/1085 1087/1087
f 1088/1088 1166/1166 1168/1168
f 1131/1131 1130/1130 1126/1126
f 1144/1144 1149/1149 1139/1139
f 1139/1139 1126/1126 1130/1130
f 1149/1149 1164/1164 1158/1158
f 1176/1176 1173/1173 1179/1179
f 1181/1181 1176/1176 1179/1179
f 1178/1178 1181/1181 1131/1131
f 1167/1167 1168/1168 1173/1173
f 1084/1084 1085/1085 1083/1083
f 1086/1086 1085/1085 1088/1088
f 1088/1088 1168/1168 1089/1089
f 1131/1131 1126/1126 1178/1178
f 1139/1139 1149/1149 1129/1129
f 1120/1120 1126/1126 1139/1139
f 1158/1158 1148/1148 1149/1149
f 1176/1176 1167/1167 1173/1173
f 1176/1176 1181/1181 1178/1178
f 1089/1089 1168/1168 1167/1167
f 1049/1049 1084/1084 1083/1083
f 1085/1085 1081/1081 1083/1083
f 1085/1085 1086/1086 1081/1081
f 1086/1086 1088/1088 1089/1089
f 1126/1126 1105/1105 1178/1178
f 1129/1129 1120/1120 1139/1139
f 1148/1148 1129/1129 1149/1149
f 1120/1120 1105/1105 1126/1126
f 1138/1138 1148/1148 1158/1158
f 1167/1167 1176/1176 1172/1172
f 1172/1172 1176/1176 1178/1178
f 1076/1076 1089/1089 1167/1167
f 1049/1049 1083/1083 1081/1081
f 1086/1086 1082/1082 1081/1081
f 1086/1086 1089/1089 1066/1066
f 1178/1178 1105/1105 1172/1172
f 1129/1129 1119/1119 1120/1120
f 1128/1128 1129/1129 1148/1148
f 1120/1120 1104/1104 1105/1105
f 1138/1138 1128/1128 1148/1148
f 1099/1099 1167/1167 1172/1172
f 1066/1066 1089/1089 1076/1076
f 1099/1099 1076/1076 1167/1167
f 1086/1086 1066/1066 1082/1082
f 1099/1099 1172/1172 1105/1105
f 1119/1119 1104/1104 1120/1120
f 1115/1115 1119/1119 1129/1129
f 1128/1128 1115/1115 1129/1129
f 1104/1104 1098/1098 1105/1105
f 1066/1066 1076/1076 1065/1065
f 1080/1080 1076/1076 1099/1099
f 1066/1066 1047/1047 1082/1082
f 1098/1098 1099/1099 1105/1105
f 1119/1119 1103/1103 1104/1104
f 1115/1115 1102/1102 1119/1119
f 1104/1104 1103/1103 1098/1098
f 1065/1065 1057/1057 1066/1066
f 1076/1076 1067/1067 1065/1065
f 1076/1076 1080/1080 1067/1067
f 1098/1098 1080/1080 1099/1099
f 1057/1057 1047/1047 1066/1066
f 1119/1119 1102/1102 1103/1103
f 1079/1079 1098/1098 1103/1103
f 1057/1057 1065/1065 1056/1056
f 1056/1056 1065/1065 1067/1067
f 1080/1080 1075/1075 1067/1067
f 1075/1075 1080/1080 1098/1098
f 1046/1046 1047/1047 1057/1057
f 1102/1102 1079/1079 1103/1103
f 1079/1079 1075/1075 1098/1098
f 1056/1056 1046/1046 1057/1057
f 1056/1056 1067/1067 1055/1055
f 1067/1067 1075/1075 1054/1054
f 1055/1055 1046/1046 1056/1056
f 1067/1067 1054/1054 1055/1055
f 1135/1135 1134/1134 1124/1124
f 1140/1140 1135/1135 1136/1136
f 1141/1141 1151/1151 1140/1140
f 1152/1152 1151/1151 1141/1141
f 1135/1135 1124/1124 1136/1136
f 1140/1140 1136/1136 1141/1141
f 1152/1152 1141/1141 1155/1155
f 1136/1136 1124/1124 1127/1127
f 1136/1136 1137/1137 1141/1141
f 1155/1155 1141/1141 1142/1142
f 1124/1124 1116/1116 1127/1127
f 1137/1137 1136/1136 1127/1127
f 1142/1142 1141/1141 1137/1137
f 1156/1156 1155/1155 1142/1142
f 1127/1127 1116/1116 1117/1117
f 1137/1137 1127/1127 1117/1117
f 1142/1142 1137/1137 1133/1133
f 1156/1156 1142/1142 1147/1147
f 1137/1137 1117/1117 1133/1133
f 1142/1142 1133/1133 1147/1147
f 1156/1156 1147/1147 1190/1190
f 1117/1117 1125/1125 1133/1133
f 1147/1147 1133/1133 1191/1191
f 1190/1190 1147/1147 1191/1191
f 1117/1117 1114/1114 1125/1125
f 1133/1133 1125/1125 1191/1191
f 1114/1114 1118/1118 1125/1125
f 1125/1125 1118/1118 1191/1191
f 1114/1114 1096/1096 1118/1118
f 1118/1118 1192/1192 1191/1191
f 1118/1118 1096/1096 1110/1110
f 1118/1118 1110/1110 1192/1192
f 1096/1096 1097/1097 1110/1110
f 1110/1110 1193/1193 1192/1192
f 1096/1096 1074/1074 1097/1097
f 1110/1110 1097/1097 1111/1111
f 1110/1110 1111/1111 1193/1193
f 1097/1097 1074/1074 1078/1078
f 1097/1097 1101/1101 1111/1111
f 1111/1111 1194/1194 1193/1193
f 1074/1074 1063/1063 1078/1078
f 1097/1097 1078/1078 1101/1101
f 1111/1111 1101/1101 1194/1194
f 1063/1063 1064/1064 1078/1078
f 1101/1101 1078/1078 1194/1194
f 1063/1063 1053/1053 1064/1064
f 1078/1078 1064/1064 1195/1195
f 1078/1078 1195/1195 1194/1194
f 1064/1064 1053/1053 1196/1196
f 1195/1195 1064/1064 1197/1197
f 1197/1197 1064/1064 1196/1196
f 1048/1048 1198/1198 1037/1037
f 1019/1019 1024/1024 1023/1023
f 1024/1024 1037/1037 1025/1025
f 1198/1198 1199/1199 1037/1037
f 999/999 1001/1001 1002/1002
f 1002/1002 1001/1001 1003/1003
f 998/998 999/999 1000/1000
f 1020/1020 1021/1021 1022/1022
f 1022/1022 1021/1021 998/998
f 1019/1019 1023/1023 1008/1008
f 1024/1024 1025/1025 1023/1023
f 1037/1037 1040/1040 1025/1025
f 1037/1037 1199/1199 1040/1040
f 1008/1008 1007/1007 1019/1019
f 1005/1005 1004/1004 1006/1006
f 1004/1004 1007/1007 1006/1006
f 1000/1000 999/999 1002/1002
f 1013/1013 1002/1002 1003/1003
f 1003/1003 1005/1005 1013/1013
f 998/998 1000/1000 1011/1011
f 1020/1020 1022/1022 1026/1026
f 1022/1022 998/998 1011/1011
f 1008/1008 1023/1023 1010/1010
f 1023/1023 1025/1025 1029/1029
f 1025/1025 1040/1040 1200/1200
f 1199/1199 1201/1201 1040/1040
f 1007/1007 1008/1008 1009/1009
f 1005/1005 1006/1006 1014/1014
f 1006/1006 1007/1007 1009/1009
f 1000/1000 1002/1002 1012/1012
f 1012/1012 1002/1002 1013/1013
f 1005/1005 1014/1014 1013/1013
f 1011/1011 1000/1000 1012/1012
f 1026/1026 1022/1022 1011/1011
f 1008/1008 1010/1010 1009/1009
f 1010/1010 1023/1023 1028/1028
f 1023/1023 1029/1029 1028/1028
f 1029/1029 1025/1025 1200/1200
f 1040/1040 1201/1201 1200/1200
f 1015/1015 1014/1014 1006/1006
f 1006/1006 1009/1009 1015/1015
f 1012/1012 1013/1013 1017/1017
f 1013/1013 1014/1014 1018/1018
f 1012/1012 1027/1027 1011/1011
f 1011/1011 1039/1039 1026/1026
f 1009/1009 1010/1010 1015/1015
f 1010/1010 1028/1028 1015/1015
f 1028/1028 1029/1029 1034/1034
f 1029/1029 1200/1200 1034/1034
f 1015/1015 1016/1016 1014/1014
f 1017/1017 1013/1013 1018/1018
f 1027/1027 1012/1012 1017/1017
f 1014/1014 1016/1016 1018/1018
f 1011/1011 1027/1027 1039/1039
f 1038/1038 1026/1026 1039/1039
f 1028/1028 1016/1016 1015/1015
f 1033/1033 1028/1028 1034/1034
f 1034/1034 1200/1200 1202/1202
f 1017/1017 1018/1018 1031/1031
f 1027/1027 1017/1017 1030/1030
f 1016/1016 1033/1033 1018/1018
f 1039/1039 1027/1027 1030/1030
f 1038/1038 1039/1039 1041/1041
f 1016/1016 1028/1028 1033/1033
f 1033/1033 1034/1034 1202/1202
f 1030/1030 1017/1017 1031/1031
f 1031/1031 1018/1018 1032/1032
f 1018/1018 1033/1033 1032/1032
f 1039/1039 1030/1030 1041/1041
f 1045/1045 1033/1033 1202/1202
f 1030/1030 1031/1031 1043/1043
f 1031/1031 1032/1032 1044/1044
f 1032/1032 1033/1033 1045/1045
f 1041/1041 1030/1030 1042/1042
f 1203/1203 1045/1045 1202/1202
f 1042/1042 1030/1030 1043/1043
f 1043/1043 1031/1031 1044/1044
f 1044/1044 1032/1032 1045/1045
f 1044/1044 1045/1045 1203/1203
f 1042/1042 1043/1043 1204/1204
f 1043/1043 1044/1044 1204/1204
f 1205/1205 1044/1044 1203/1203
f 1204/1204 1044/1044 1205/1205
f 1122/1122 1123/1123 1121/1121
f 1122/1122 1206/1206 1123/1123
f 1035/1035 1036/1036 1207/1207
f 1058/1058 1069/1069 1068/1068
f 1091/1091 1068/1068 1092/1092
f 1106/1106 1189/1189 1093/1093
f 1112/1112 1106/1106 1107/1107
f 1122/1122 1121/1121 1112/1112
f 1206/1206 1122/1122 1208/1208
f 1035/1035 1207/1207 1209/1209
f 1050/1050 1059/1059 1035/1035
f 1058/1058 1059/1059 1050/1050
f 1050/1050 1069/1069 1058/1058
f 1068/1068 1069/1069 1092/1092
f 1091/1091 1092/1092 1093/1093
f 1188/1188 1091/1091 1093/1093
f 1189/1189 1188/1188 1093/1093
f 1093/1093 1107/1107 1106/1106
f 1112/1112 1107/1107 1094/1094
f 1122/1122 1112/1112 1113/1113
f 1122/1122 1113/1113 1208/1208
f 1050/1050 1035/1035 1209/1209
f 1050/1050 1060/1060 1069/1069
f 1092/1092 1069/1069 1070/1070
f 1093/1093 1092/1092 1094/1094
f 1107/1107 1093/1093 1094/1094
f 1113/1113 1112/1112 1094/1094
f 1208/1208 1113/1113 1210/1210
f 1050/1050 1209/1209 1211/1211
f 1050/1050 1211/1211 1060/1060
f 1069/1069 1060/1060 1070/1070
f 1094/1094 1092/1092 1070/1070
f 1113/1113 1094/1094 1108/1108
f 1113/1113 1108/1108 1210/1210
f 1060/1060 1211/1211 1051/1051
f 1060/1060 1051/1051 1070/1070
f 1094/1094 1070/1070 1095/1095
f 1094/1094 1095/1095 1108/1108
f 1210/1210 1108/1108 1212/1212
f 1211/1211 1213/1213 1051/1051
f 1070/1070 1051/1051 1071/1071
f 1070/1070 1071/1071 1095/1095
f 1108/1108 1095/1095 1109/1109
f 1108/1108 1109/1109 1212/1212
f 1051/1051 1213/1213 1052/1052
f 1071/1071 1051/1051 1061/1061
f 1095/1095 1071/1071 1077/1077
f 1095/1095 1077/1077 1109/1109
f 1212/1212 1109/1109 1214/1214
f 1052/1052 1213/1213 1215/1215
f 1061/1061 1051/1051 1052/1052
f 1071/1071 1061/1061 1077/1077
f 1109/1109 1077/1077 1100/1100
f 1109/1109 1100/1100 1214/1214
f 1052/1052 1215/1215 1062/1062
f 1061/1061 1052/1052 1072/1072
f 1077/1077 1061/1061 1072/1072
f 1077/1077 1072/1072 1100/1100
f 1100/1100 1216/1216 1214/1214
f 1062/1062 1215/1215 1217/1217
f 1052/1052 1062/1062 1073/1073
f 1072/1072 1052/1052 1073/1073
f 1100/1100 1072/1072 1216/1216
f 1215/1215 1218/1218 1217/1217
f 1062/1062 1217/1217 1219/1219
f 1073/1073 1062/1062 1219/1219
f 1072/1072 1073/1073 1216/1216
f 1073/1073 1219/1219 1216/1216
f 1159/1159 1220/1220 1161/1161
f 1161/1161 1162/1162 1163/1163
f 1161/1161 1220/1220 1221/1221
f 1221/1221 1162/1162 1161/1161
f 1162/1162 1223/1223 1163/1163
f 1163/1163 1223/1223 1222/1222
f 1162/1162 1221/1221 1224/1224
f 1223/1223 1162/1162 1224/1224

